ISO-10303-21;
HEADER;
FILE_DESCRIPTION(('ViewDefinition[DesignTransferView]'),'2;1');
FILE_NAME('s05-discussion.ifc','2026-10-07T15:26:29+08:00',(''),(''),'IfcOpenShell 0.8.5-post1','Bonsai 0.8.5-post1','Nobody');
FILE_SCHEMA(('IFC4'));
ENDSEC;
DATA;
#1=IFCPROJECT('0cNTyhDAn1KP9DRQW_MLSj',$,'My Project',$,$,$,$,(#10,#22),#5);
#2=IFCSIUNIT(*,.LENGTHUNIT.,$,.METRE.);
#3=IFCSIUNIT(*,.AREAUNIT.,$,.SQUARE_METRE.);
#4=IFCSIUNIT(*,.VOLUMEUNIT.,$,.CUBIC_METRE.);
#5=IFCUNITASSIGNMENT((#4,#2,#3));
#6=IFCCARTESIANPOINT((0.,0.,0.));
#7=IFCDIRECTION((0.,0.,1.));
#8=IFCDIRECTION((1.,0.,0.));
#9=IFCAXIS2PLACEMENT3D(#6,#7,#8);
#10=IFCGEOMETRICREPRESENTATIONCONTEXT($,'Model',3,1.0000000000000001E-05,#9,$);
#11=IFCGEOMETRICREPRESENTATIONSUBCONTEXT('Body','Model',*,*,*,*,#10,$,.MODEL_VIEW.,$);
#12=IFCGEOMETRICREPRESENTATIONSUBCONTEXT('Axis','Model',*,*,*,*,#10,$,.GRAPH_VIEW.,$);
#13=IFCGEOMETRICREPRESENTATIONSUBCONTEXT('Box','Model',*,*,*,*,#10,$,.MODEL_VIEW.,$);
#14=IFCGEOMETRICREPRESENTATIONSUBCONTEXT('Annotation','Model',*,*,*,*,#10,$,.SECTION_VIEW.,$);
#15=IFCGEOMETRICREPRESENTATIONSUBCONTEXT('Annotation','Model',*,*,*,*,#10,$,.ELEVATION_VIEW.,$);
#16=IFCGEOMETRICREPRESENTATIONSUBCONTEXT('Annotation','Model',*,*,*,*,#10,$,.MODEL_VIEW.,$);
#17=IFCGEOMETRICREPRESENTATIONSUBCONTEXT('Annotation','Model',*,*,*,*,#10,$,.PLAN_VIEW.,$);
#18=IFCGEOMETRICREPRESENTATIONSUBCONTEXT('Profile','Model',*,*,*,*,#10,$,.ELEVATION_VIEW.,$);
#19=IFCCARTESIANPOINT((0.,0.));
#20=IFCDIRECTION((1.,0.));
#21=IFCAXIS2PLACEMENT2D(#19,#20);
#22=IFCGEOMETRICREPRESENTATIONCONTEXT($,'Plan',2,1.0000000000000001E-05,#21,$);
#23=IFCGEOMETRICREPRESENTATIONSUBCONTEXT('Axis','Plan',*,*,*,*,#22,$,.GRAPH_VIEW.,$);
#24=IFCGEOMETRICREPRESENTATIONSUBCONTEXT('Body','Plan',*,*,*,*,#22,$,.PLAN_VIEW.,$);
#25=IFCGEOMETRICREPRESENTATIONSUBCONTEXT('Annotation','Plan',*,*,*,*,#22,$,.PLAN_VIEW.,$);
#26=IFCGEOMETRICREPRESENTATIONSUBCONTEXT('Annotation','Plan',*,*,*,*,#22,$,.REFLECTED_PLAN_VIEW.,$);
#27=IFCSITE('09Cajng2rFgOzZ3gN0h3Sv',$,'My Site',$,$,#50,$,$,$,$,$,$,$,$);
#33=IFCBUILDING('0qYnGYTqrByvxRJaGmYJre',$,'My Building',$,$,#56,$,$,$,$,$,$);
#39=IFCBUILDINGSTOREY('385gMz_5b5pRHnih3uqh2u',$,'2F',$,$,#4863,$,$,$,$);
#45=IFCRELAGGREGATES('1cqDoFY616BBLUW_BYtcCN',$,$,$,#1,(#27));
#46=IFCCARTESIANPOINT((0.,0.,0.));
#47=IFCDIRECTION((0.,0.,1.));
#48=IFCDIRECTION((1.,0.,0.));
#49=IFCAXIS2PLACEMENT3D(#46,#47,#48);
#50=IFCLOCALPLACEMENT($,#49);
#51=IFCRELAGGREGATES('3R7LRDFivD3Ofaf8NPKemj',$,$,$,#27,(#33));
#52=IFCCARTESIANPOINT((0.,0.,0.));
#53=IFCDIRECTION((0.,0.,1.));
#54=IFCDIRECTION((1.,0.,0.));
#55=IFCAXIS2PLACEMENT3D(#52,#53,#54);
#56=IFCLOCALPLACEMENT(#50,#55);
#57=IFCRELAGGREGATES('1C1eTieCn1yQ09GX_IpkP0',$,$,$,#33,(#9991,#63,#39));
#63=IFCBUILDINGSTOREY('0zlc2EC6PEyxz3XklgIHSk',$,'GF',$,$,#79,$,$,$,$);
#75=IFCCARTESIANPOINT((0.,0.,0.));
#76=IFCDIRECTION((0.,0.,1.));
#77=IFCDIRECTION((1.,0.,0.));
#78=IFCAXIS2PLACEMENT3D(#75,#76,#77);
#79=IFCLOCALPLACEMENT(#56,#78);
#80=IFCWALLTYPE('3xStAnhp94uhY0BqhOjsOb',$,'Wall',$,$,(#85),$,$,$,.SOLIDWALL.);
#81=IFCMATERIAL('Unknown',$,$);
#82=IFCMATERIALLAYERSET((#13225),$,$);
#83=IFCRELASSOCIATESMATERIAL('3tGhvjSnL5c9WKnsLU3jTW',$,$,$,(#80),#82);
#85=IFCPROPERTYSET('30_b61kEb3RgWRX$JtzuGI',$,'EPset_Parametric',$,(#86));
#86=IFCPROPERTYSINGLEVALUE('LayerSetDirection',$,IFCLABEL('AXIS2'),$);
#127=IFCWALL('1WoMo6QoX5tvK0idPBNyoU',$,'Wall',$,$,#1047,#135,$,$);
#128=IFCRELCONTAINEDINSPATIALSTRUCTURE('0Eb3IWPnj1SwijFaOcZ3pl',$,$,$,(#15029,#1762,#217,#13154,#13176,#15784,#15929,#4685,#12698,#12951,#12973,#12995,#13039,#13061,#13127,#15051,#2721,#16063,#3225,#13017,#15002,#13083,#13105,#12929,#267,#192,#2199,#12902,#645,#10776,#16089,#4098,#16036,#14953,#1094,#14799,#14975,#15908,#14931,#317,#845,#242,#167,#12721,#12743,#12765,#12809,#11614,#13203,#14909,#3774,#12787,#750,#16209,#15661,#127,#1225,#620,#11935,#292,#820,#10711,#15639,#16236,#16257),#63);
#129=IFCRELDEFINESBYTYPE('3cp2KeJ1TBIAnydDrcXI85',$,$,$,(#217,#6376,#317,#4973,#5717,#845,#242,#167,#5073,#6279,#6401,#4998,#5173,#5098,#750,#620,#267,#6053,#127,#192,#5023,#292,#5198,#645,#820,#5123,#5148,#5048),#80);
#130=IFCMATERIALLAYERSETUSAGE(#82,.AXIS2.,.POSITIVE.,0.,$);
#131=IFCRELASSOCIATESMATERIAL('1pszO3yVb3oAi5NBitNKb2',$,$,$,(#127),#130);
#135=IFCPRODUCTDEFINITIONSHAPE($,$,(#14601,#14598));
#151=IFCPROPERTYSET('0t5dhwWrbF8guSwN3IS1uv',$,'EPset_Parametric',$,(#153));
#152=IFCRELDEFINESBYPROPERTIES('1NCBlaw6r7xAMZfFjgpola',$,$,$,(#127),#151);
#153=IFCPROPERTYSINGLEVALUE('Engine',$,IFCLABEL('Bonsai.DumbLayer2'),$);
#167=IFCWALL('13tAq5LOX6huffpDg$HHr$',$,'Wall',$,$,#178,#173,$,$);
#168=IFCMATERIALLAYERSETUSAGE(#82,.AXIS2.,.POSITIVE.,0.,$);
#169=IFCRELASSOCIATESMATERIAL('04CZCxQhXF2v$C0OycBd_E',$,$,$,(#167),#168);
#173=IFCPRODUCTDEFINITIONSHAPE($,$,(#14588,#14585));
#174=IFCCARTESIANPOINT((4.2174768447875977,-2.6000680923461914,0.));
#175=IFCDIRECTION((0.,0.,1.));
#176=IFCDIRECTION((7.5497901264043109E-08,0.99999999999999711,0.));
#177=IFCAXIS2PLACEMENT3D(#174,#175,#176);
#178=IFCLOCALPLACEMENT(#79,#177);
#189=IFCPROPERTYSET('3LahyCf1b7juhflBjJQSjs',$,'EPset_Parametric',$,(#191));
#190=IFCRELDEFINESBYPROPERTIES('2enErrYwbDnAaYgvM52NZh',$,$,$,(#167),#189);
#191=IFCPROPERTYSINGLEVALUE('Engine',$,IFCLABEL('Bonsai.DumbLayer2'),$);
#192=IFCWALL('2on_crv759OP$5Wu21SU5n',$,'Wall',$,$,#451,#198,$,$);
#193=IFCMATERIALLAYERSETUSAGE(#82,.AXIS2.,.POSITIVE.,0.,$);
#194=IFCRELASSOCIATESMATERIAL('2j6zkIlNXB$eZ0cPeh5l9j',$,$,$,(#192),#193);
#198=IFCPRODUCTDEFINITIONSHAPE($,$,(#14549,#14546));
#214=IFCPROPERTYSET('2o$uXWpFvDngj4Z1RhaQNZ',$,'EPset_Parametric',$,(#216));
#215=IFCRELDEFINESBYPROPERTIES('0aXMOfkzH5IPvIvkVSi3V4',$,$,$,(#192),#214);
#216=IFCPROPERTYSINGLEVALUE('Engine',$,IFCLABEL('Bonsai.DumbLayer2'),$);
#217=IFCWALL('2zDo6uaqb2b8CkZ2PiBojO',$,'Wall',$,$,#483,#223,$,$);
#218=IFCMATERIALLAYERSETUSAGE(#82,.AXIS2.,.POSITIVE.,0.,$);
#219=IFCRELASSOCIATESMATERIAL('1wqhMSm$bETRTPVpqUInmN',$,$,$,(#217),#218);
#223=IFCPRODUCTDEFINITIONSHAPE($,$,(#14406,#14403));
#239=IFCPROPERTYSET('2OBIklP4PEsg50TDknQxy3',$,'EPset_Parametric',$,(#241));
#240=IFCRELDEFINESBYPROPERTIES('0SSrBckQv5JgvV2nWbuX8A',$,$,$,(#217),#239);
#241=IFCPROPERTYSINGLEVALUE('Engine',$,IFCLABEL('Bonsai.DumbLayer2'),$);
#242=IFCWALL('3C_UaYQcf1ih4CRhd1nOnh',$,'Wall',$,$,#253,#248,$,$);
#243=IFCMATERIALLAYERSETUSAGE(#82,.AXIS2.,.POSITIVE.,0.,$);
#244=IFCRELASSOCIATESMATERIAL('3sAWJLsRPE1RD_rNh8KQdh',$,$,$,(#242),#243);
#248=IFCPRODUCTDEFINITIONSHAPE($,$,(#14536,#14533));
#249=IFCCARTESIANPOINT((0.76747739315032959,5.049931526184082,0.));
#250=IFCDIRECTION((0.,0.,1.));
#251=IFCDIRECTION((-0.99999999999992428,3.8941436741876494E-07,0.));
#252=IFCAXIS2PLACEMENT3D(#249,#250,#251);
#253=IFCLOCALPLACEMENT(#79,#252);
#264=IFCPROPERTYSET('3Sf4nmNCTBYe0CURXCMiot',$,'EPset_Parametric',$,(#266));
#265=IFCRELDEFINESBYPROPERTIES('0UN607RWn6ehEOQm0x_oYA',$,$,$,(#242),#264);
#266=IFCPROPERTYSINGLEVALUE('Engine',$,IFCLABEL('Bonsai.DumbLayer2'),$);
#267=IFCWALL('2vsq2OYDHB78HmNwbg44eD',$,'Wall',$,$,#542,#273,$,$);
#268=IFCMATERIALLAYERSETUSAGE(#82,.AXIS2.,.POSITIVE.,0.,$);
#269=IFCRELASSOCIATESMATERIAL('1rjasbPTrCdeFRQJPuG4WU',$,$,$,(#267),#268);
#273=IFCPRODUCTDEFINITIONSHAPE($,$,(#14484,#14481));
#289=IFCPROPERTYSET('3ZxlEx44DBMuyJQVVtQoIH',$,'EPset_Parametric',$,(#291));
#290=IFCRELDEFINESBYPROPERTIES('0BimpM2Rv1rPievSdA0XbF',$,$,$,(#267),#289);
#291=IFCPROPERTYSINGLEVALUE('Engine',$,IFCLABEL('Bonsai.DumbLayer2'),$);
#292=IFCWALL('2c6OUZmAX9NhmNK0NFwVTe',$,'Wall',$,$,#574,#298,$,$);
#293=IFCMATERIALLAYERSETUSAGE(#82,.AXIS2.,.POSITIVE.,0.,$);
#294=IFCRELASSOCIATESMATERIAL('077RqX4OX9neljkENyUwbT',$,$,$,(#292),#293);
#298=IFCPRODUCTDEFINITIONSHAPE($,$,(#14367,#14364));
#314=IFCPROPERTYSET('2uDltPAmDCMvnFd4iO6JQi',$,'EPset_Parametric',$,(#316));
#315=IFCRELDEFINESBYPROPERTIES('3ExHGwuOjEQPM$yrEOpfgB',$,$,$,(#292),#314);
#316=IFCPROPERTYSINGLEVALUE('Engine',$,IFCLABEL('Bonsai.DumbLayer2'),$);
#317=IFCWALL('2ysa91xnPFEQF6jIUBUViH',$,'Wall',$,$,#606,#323,$,$);
#318=IFCMATERIALLAYERSETUSAGE(#82,.AXIS2.,.POSITIVE.,0.,$);
#319=IFCRELASSOCIATESMATERIAL('1CwZRgHkL6Uho_lrcV1_HS',$,$,$,(#317),#318);
#323=IFCPRODUCTDEFINITIONSHAPE($,$,(#14627,#14624));
#339=IFCPROPERTYSET('1aFj5KGEL9qw3Y1dQi4z1N',$,'EPset_Parametric',$,(#341));
#340=IFCRELDEFINESBYPROPERTIES('29ljrNKfb3zv5iQ6_2BXbY',$,$,$,(#317),#339);
#341=IFCPROPERTYSINGLEVALUE('Engine',$,IFCLABEL('Bonsai.DumbLayer2'),$);
#433=IFCRELCONNECTSPATHELEMENTS('3qjdvP0Gr6ThJzmZ_O$oGz',$,$,$,$,#192,#167,(),(),.ATEND.,.ATSTART.);
#447=IFCCARTESIANPOINT((4.2174775318185285,6.4999322891235671,0.));
#448=IFCDIRECTION((0.,0.,1.));
#449=IFCDIRECTION((-0.99999999999998868,-1.5099580252808492E-07,0.));
#450=IFCAXIS2PLACEMENT3D(#447,#448,#449);
#451=IFCLOCALPLACEMENT(#79,#450);
#465=IFCRELCONNECTSPATHELEMENTS('1kMjeKHaD9yArbduxCyzGc',$,$,$,$,#217,#192,(),(),.ATEND.,.ATSTART.);
#479=IFCCARTESIANPOINT((0.76747727394104337,6.4999317681880102,0.));
#480=IFCDIRECTION((0.,0.,1.));
#481=IFCDIRECTION((7.5497901264043123E-08,-0.99999999999999722,0.));
#482=IFCAXIS2PLACEMENT3D(#479,#480,#481);
#483=IFCLOCALPLACEMENT(#79,#482);
#497=IFCRELCONNECTSPATHELEMENTS('2DVbTGLLD1JR8TdX8h9aZ4',$,$,$,$,#242,#217,(),(),.ATEND.,.ATSTART.);
#524=IFCRELCONNECTSPATHELEMENTS('0AUXjK$dDFmOV1$tyXH9Rv',$,$,$,$,#267,#242,(),(),.ATEND.,.ATSTART.);
#538=IFCCARTESIANPOINT((-2.7825222015381543,5.0499329086049292,0.));
#539=IFCDIRECTION((0.,0.,1.));
#540=IFCDIRECTION((7.5497901264043123E-08,-0.99999999999999722,0.));
#541=IFCAXIS2PLACEMENT3D(#538,#539,#540);
#542=IFCLOCALPLACEMENT(#79,#541);
#556=IFCRELCONNECTSPATHELEMENTS('0HHxwXHkHDgvrySVUZQbHR',$,$,$,$,#292,#267,(),(),.ATEND.,.ATSTART.);
#570=IFCCARTESIANPOINT((-2.7825218127238873,-0.10006809234619141,0.));
#571=IFCDIRECTION((0.,0.,1.));
#572=IFCDIRECTION((1.,0.,0.));
#573=IFCAXIS2PLACEMENT3D(#570,#571,#572);
#574=IFCLOCALPLACEMENT(#79,#573);
#588=IFCRELCONNECTSPATHELEMENTS('34XDjhLebCO8DHxCDV$z6H',$,$,$,$,#317,#292,(),(),.ATEND.,.ATSTART.);
#602=IFCCARTESIANPOINT((0.2174782752990625,-0.10006809234619142,0.));
#603=IFCDIRECTION((0.,0.,1.));
#604=IFCDIRECTION((-4.3711388286737889E-08,-0.99999999999999911,0.));
#605=IFCAXIS2PLACEMENT3D(#602,#603,#604);
#606=IFCLOCALPLACEMENT(#79,#605);
#620=IFCWALL('3YQSU16ovFDAV3vSaB3lt9',$,'Wall',$,$,#631,#626,$,$);
#621=IFCMATERIALLAYERSETUSAGE(#82,.AXIS2.,.POSITIVE.,0.,$);
#622=IFCRELASSOCIATESMATERIAL('0tGyuXnWTFqQ70PCCZS9Ww',$,$,$,(#620),#621);
#626=IFCPRODUCTDEFINITIONSHAPE($,$,(#14614,#14611));
#627=IFCCARTESIANPOINT((0.31747826933860779,-6.8083303631283343E-05,0.));
#628=IFCDIRECTION((0.,0.,1.));
#629=IFCDIRECTION((7.5497901264043109E-08,0.99999999999999711,0.));
#630=IFCAXIS2PLACEMENT3D(#627,#628,#629);
#631=IFCLOCALPLACEMENT(#79,#630);
#642=IFCPROPERTYSET('3dqz754ynDJx6QYm0$cl_c',$,'EPset_Parametric',$,(#644));
#643=IFCRELDEFINESBYPROPERTIES('0iwX6c$9D7DgaBrjdDKbtj',$,$,$,(#620),#642);
#644=IFCPROPERTYSINGLEVALUE('Engine',$,IFCLABEL('Bonsai.DumbLayer2'),$);
#645=IFCWALL('36eYWyoYz8MuEAUDz9RR1T',$,'Wall',$,$,#656,#651,$,$);
#646=IFCMATERIALLAYERSETUSAGE(#82,.AXIS2.,.POSITIVE.,0.,$);
#647=IFCRELASSOCIATESMATERIAL('3nDl3Ntub8tQsJtCoKDein',$,$,$,(#645),#646);
#651=IFCPRODUCTDEFINITIONSHAPE($,$,(#14380,#14377));
#652=IFCCARTESIANPOINT((0.3174784779548645,2.6499319076538086,0.));
#653=IFCDIRECTION((0.,0.,1.));
#654=IFCDIRECTION((-0.99999999999998868,-1.5099580252808492E-07,0.));
#655=IFCAXIS2PLACEMENT3D(#652,#653,#654);
#656=IFCLOCALPLACEMENT(#79,#655);
#667=IFCPROPERTYSET('3Mh6HfUeD1LREHBlIhynDu',$,'EPset_Parametric',$,(#669));
#668=IFCRELDEFINESBYPROPERTIES('1$8baTV5r7aeOtrql2ZCko',$,$,$,(#645),#667);
#669=IFCPROPERTYSINGLEVALUE('Engine',$,IFCLABEL('Bonsai.DumbLayer2'),$);
#696=IFCRELCONNECTSPATHELEMENTS('1i5ah6oE1F7878T7nagCJU',$,$,$,$,#645,#620,(),(),.ATEND.,.ATSTART.);
#723=IFCRELCONNECTSPATHELEMENTS('36rtA2HCv6KAfOwwxPULdb',$,$,$,$,#645,#267,(),(),.ATPATH.,.ATEND.);
#750=IFCWALL('1d3MGaxlvE9xOCQWzW6ieM',$,'Wall',$,$,#792,#756,$,$);
#751=IFCMATERIALLAYERSETUSAGE(#82,.AXIS2.,.POSITIVE.,0.,$);
#752=IFCRELASSOCIATESMATERIAL('0GYNVzR4b20uIoUVlZQR8g',$,$,$,(#750),#751);
#756=IFCPRODUCTDEFINITIONSHAPE($,$,(#14432,#14429));
#772=IFCPROPERTYSET('3SmAwutO9F5xWMCluigS$D',$,'EPset_Parametric',$,(#774));
#773=IFCRELDEFINESBYPROPERTIES('2d9jPocDr8GPmSNmR155lh',$,$,$,(#750),#772);
#774=IFCPROPERTYSINGLEVALUE('Engine',$,IFCLABEL('Bonsai.DumbLayer2'),$);
#788=IFCCARTESIANPOINT((-1.2000000476837158,2.6499319076538086,0.));
#789=IFCDIRECTION((0.,0.,1.));
#790=IFCDIRECTION((1.9470718370939353E-07,0.99999999999998113,0.));
#791=IFCAXIS2PLACEMENT3D(#788,#789,#790);
#792=IFCLOCALPLACEMENT(#79,#791);
#793=IFCRELCONNECTSPATHELEMENTS('1U8jU8xjjCpghGI3tM50vS',$,$,$,$,#750,#242,(),(),.ATPATH.,.ATEND.);
#820=IFCWALL('0eo_kYt6r39xqb9AsEu3gR',$,'Wall',$,$,#983,#826,$,$);
#821=IFCMATERIALLAYERSETUSAGE(#82,.AXIS2.,.POSITIVE.,0.,$);
#822=IFCRELASSOCIATESMATERIAL('0dX8yaNlnApw1jMRaR9Dvk',$,$,$,(#820),#821);
#826=IFCPRODUCTDEFINITIONSHAPE($,$,(#14497,#14494));
#842=IFCPROPERTYSET('3vQagjHon38h1lmyxi$sQH',$,'EPset_Parametric',$,(#844));
#843=IFCRELDEFINESBYPROPERTIES('1jXT6H9uL4y9lCjTWPhhJ$',$,$,$,(#820),#842);
#844=IFCPROPERTYSINGLEVALUE('Engine',$,IFCLABEL('Bonsai.DumbLayer2'),$);
#845=IFCWALL('32_C1MxMnDSPXcJrrn$BAT',$,'Wall',$,$,#1028,#851,$,$);
#846=IFCMATERIALLAYERSETUSAGE(#82,.AXIS2.,.POSITIVE.,0.,$);
#847=IFCRELASSOCIATESMATERIAL('1i7NGNVfPFZ8NJQ$VAhPQ0',$,$,$,(#845),#846);
#851=IFCPRODUCTDEFINITIONSHAPE($,$,(#14471,#14468));
#867=IFCPROPERTYSET('2HaUtW4kD3LA1EHMJ2MZSl',$,'EPset_Parametric',$,(#869));
#868=IFCRELDEFINESBYPROPERTIES('0O_FmhU2915AjyDGgrmMWJ',$,$,$,(#845),#867);
#869=IFCPROPERTYSINGLEVALUE('Engine',$,IFCLABEL('Bonsai.DumbLayer2'),$);
#928=IFCRELCONNECTSPATHELEMENTS('2XhUDF481CwvTXMu4bG2In',$,$,$,$,#845,#750,(),(),.ATPATH.,.ATEND.);
#965=IFCRELCONNECTSPATHELEMENTS('2xmUi2$z11wvPG$6dq$lwl',$,$,$,$,#820,#242,(),(),.ATPATH.,.ATSTART.);
#979=IFCCARTESIANPOINT((0.76999992133523854,5.0499315252017736,0.));
#980=IFCDIRECTION((0.,0.,1.));
#981=IFCDIRECTION((1.9470718370939353E-07,-0.99999999999998113,0.));
#982=IFCAXIS2PLACEMENT3D(#979,#980,#981);
#983=IFCLOCALPLACEMENT(#79,#982);
#997=IFCRELCONNECTSPATHELEMENTS('3Ri78oqE1F3vpXUFTsNz0m',$,$,$,$,#820,#845,(),(),.ATSTART.,.ATEND.);
#1024=IFCCARTESIANPOINT((0.77000021338264446,3.5500001907347962,0.));
#1025=IFCDIRECTION((0.,0.,1.));
#1026=IFCDIRECTION((-0.99999999999992428,3.8941436741876494E-07,0.));
#1027=IFCAXIS2PLACEMENT3D(#1024,#1025,#1026);
#1028=IFCLOCALPLACEMENT(#79,#1027);
#1029=IFCRELCONNECTSPATHELEMENTS('3$n8pSdc5BUP_yO0kJmLGg',$,$,$,$,#127,#317,(),(),.ATEND.,.ATSTART.);
#1043=IFCCARTESIANPOINT((0.21747816602059178,-2.6000680923461914,0.));
#1044=IFCDIRECTION((0.,0.,1.));
#1045=IFCDIRECTION((1.,0.,0.));
#1046=IFCAXIS2PLACEMENT3D(#1043,#1044,#1045);
#1047=IFCLOCALPLACEMENT(#79,#1046);
#1061=IFCRELCONNECTSPATHELEMENTS('2$BqOqcPjEP9e9H0xbZ3LE',$,$,$,$,#127,#167,(),(),.ATSTART.,.ATEND.);
#1088=IFCSLABTYPE('2jXaSPMKb8WAve1Kx8ZSAv',$,'Slab',$,$,(#1092),$,$,$,.FLOOR.);
#1089=IFCMATERIALLAYERSET((#1091),$,$);
#1090=IFCRELASSOCIATESMATERIAL('2hBjP8i693Pejm4v1gOkTM',$,$,$,(#1088),#1089);
#1091=IFCMATERIALLAYER(#81,0.10000000000000001,$,$,$,$,$);
#1092=IFCPROPERTYSET('0asBAuuaXEMQ3Rol7YWk2y',$,'EPset_Parametric',$,(#1093));
#1093=IFCPROPERTYSINGLEVALUE('LayerSetDirection',$,IFCLABEL('AXIS3'),$);
#1094=IFCSLAB('1$V5UPM7X8ehVdYajjiEnv',$,'Slab',$,$,#1102,#1109,$,$);
#1095=IFCRELDEFINESBYTYPE('1k39sCoaX2A9esUGe2NRZH',$,$,$,(#10036,#5695,#1094),#1088);
#1096=IFCMATERIALLAYERSETUSAGE(#1089,.AXIS3.,.POSITIVE.,-0.10000000149011612,$);
#1097=IFCRELASSOCIATESMATERIAL('2r4qh18E1FvREWmalVMHd_',$,$,$,(#1094),#1096);
#1098=IFCCARTESIANPOINT((4.2174768447875977,-2.6000680923461914,0.));
#1099=IFCDIRECTION((0.,0.,1.));
#1100=IFCDIRECTION((1.,0.,0.));
#1101=IFCAXIS2PLACEMENT3D(#1098,#1099,#1100);
#1102=IFCLOCALPLACEMENT(#79,#1101);
#1103=IFCCARTESIANPOINTLIST2D(((0.,0.),(4.76837158203125E-07,9.1000070571899414),(-3.4500207901000977,9.100006103515625),(-3.4500207901000977,7.6499338150024414),(-7.0000085830688477,7.6499333381652832),(-7.0000090599060059,2.4999704360961914),(-4.0000085830688477,2.4999706745147705),(-4.0000085830688477,-9.059906005859375E-05),(0.,0.)));
#1104=IFCINDEXEDPOLYCURVE(#1103,$,$);
#1105=IFCDIRECTION((0.,0.,1.));
#1106=IFCARBITRARYCLOSEDPROFILEDEF(.AREA.,$,#1104);
#1107=IFCEXTRUDEDAREASOLID(#1106,#1116,#1105,0.10000000000000001);
#1108=IFCSHAPEREPRESENTATION(#11,'Body','SweptSolid',(#1107));
#1109=IFCPRODUCTDEFINITIONSHAPE($,$,(#1108));
#1110=IFCPROPERTYSET('3pVO$dEKb0bRcvXsOho9JS',$,'EPset_Parametric',$,(#1112));
#1111=IFCRELDEFINESBYPROPERTIES('2Oy3p5q7bB7e0g5N9jg9Q3',$,$,$,(#1094),#1110);
#1112=IFCPROPERTYSINGLEVALUE('Engine',$,IFCLABEL('Bonsai.DumbLayer3'),$);
#1113=IFCCARTESIANPOINT((-0.,-0.,-0.10000000149011612));
#1114=IFCDIRECTION((0.,0.,1.));
#1115=IFCDIRECTION((1.,0.,0.));
#1116=IFCAXIS2PLACEMENT3D(#1113,#1114,#1115);
#1117=IFCDOORTYPE('0X0702ij15zu9g01BF3ImV',$,'Main-GF',$,$,(#1118),(#1127,#1205,#1224),$,$,.DOOR.,.SINGLE_SWING_LEFT.,$,$);
#1118=IFCPROPERTYSET('3iLLoYOAfAoP1DU4ViQQUv',$,'BBIM_Door',$,(#1119));
#1119=IFCPROPERTYSINGLEVALUE('Data',$,IFCTEXT('{"door_type": "SINGLE_SWING_LEFT", "overall_height": 2.0, "overall_width": 0.949999988079071, "lining_properties": {"lining_depth": 0.05000000074505806, "lining_thickness": 0.05000000074505806, "lining_offset": 0.0, "lining_to_panel_offset_x": 0.02500000037252903, "lining_to_panel_offset_y": 0.02500000037252903, "transom_thickness": 0.0, "casing_thickness": 0.07500000298023224, "casing_depth": 0.004999999888241291, "threshold_thickness": 0.02500000037252903, "threshold_depth": 0.10000000149011612, "threshold_offset": 0.0}, "panel_properties": {"panel_depth": 0.03500000014901161, "panel_width_ratio": 1.0}}'),$);
#1123=IFCCARTESIANPOINT((0.,0.,0.));
#1124=IFCDIRECTION((1.,0.,0.));
#1125=IFCDIRECTION((0.,0.,1.));
#1126=IFCAXIS2PLACEMENT3D(#1123,#1125,#1124);
#1127=IFCREPRESENTATIONMAP(#1126,#1541);
#1201=IFCCARTESIANPOINT((0.,0.,0.));
#1202=IFCDIRECTION((1.,0.,0.));
#1203=IFCDIRECTION((0.,0.,1.));
#1204=IFCAXIS2PLACEMENT3D(#1201,#1203,#1202);
#1205=IFCREPRESENTATIONMAP(#1204,#1614);
#1220=IFCCARTESIANPOINT((0.,0.,0.));
#1221=IFCDIRECTION((1.,0.,0.));
#1222=IFCDIRECTION((0.,0.,1.));
#1223=IFCAXIS2PLACEMENT3D(#1220,#1222,#1221);
#1224=IFCREPRESENTATIONMAP(#1223,#1628);
#1225=IFCDOOR('0KkZq97z977RKy0blQoa2a',$,'Door',$,$,#1653,#1234,$,2.,0.94999998807907104,$,.SINGLE_SWING_LEFT.,$);
#1226=IFCRELDEFINESBYTYPE('0m6pNz1GPBihmHc_105V8J',$,$,$,(#1225),#1117);
#1227=IFCCARTESIANPOINT((0.,0.,0.));
#1228=IFCDIRECTION((1.,0.,0.));
#1229=IFCDIRECTION((0.,1.,0.));
#1230=IFCDIRECTION((0.,0.,1.));
#1231=IFCCARTESIANTRANSFORMATIONOPERATOR3D(#1228,#1229,#1227,1.,#1230);
#1232=IFCMAPPEDITEM(#1127,#1231);
#1233=IFCSHAPEREPRESENTATION(#18,'Profile','MappedRepresentation',(#1232));
#1234=IFCPRODUCTDEFINITIONSHAPE($,$,(#1233,#1241,#1248));
#1235=IFCCARTESIANPOINT((0.,0.,0.));
#1236=IFCDIRECTION((1.,0.,0.));
#1237=IFCDIRECTION((0.,1.,0.));
#1238=IFCDIRECTION((0.,0.,1.));
#1239=IFCCARTESIANTRANSFORMATIONOPERATOR3D(#1236,#1237,#1235,1.,#1238);
#1240=IFCMAPPEDITEM(#1205,#1239);
#1241=IFCSHAPEREPRESENTATION(#11,'Body','MappedRepresentation',(#1240));
#1242=IFCCARTESIANPOINT((0.,0.,0.));
#1243=IFCDIRECTION((1.,0.,0.));
#1244=IFCDIRECTION((0.,1.,0.));
#1245=IFCDIRECTION((0.,0.,1.));
#1246=IFCCARTESIANTRANSFORMATIONOPERATOR3D(#1243,#1244,#1242,1.,#1245);
#1247=IFCMAPPEDITEM(#1224,#1246);
#1248=IFCSHAPEREPRESENTATION(#24,'Body','MappedRepresentation',(#1247));
#1249=IFCOPENINGELEMENT('3pqbUUsaz14B01WX1ulyvc',$,'Opening',$,$,#1648,#1277,$,.OPENING.);
#1265=IFCCARTESIANPOINT((0.,0.,0.));
#1266=IFCDIRECTION((1.,0.,0.));
#1267=IFCDIRECTION((0.,0.,1.));
#1268=IFCAXIS2PLACEMENT3D(#1265,#1267,#1266);
#1269=IFCREPRESENTATIONMAP(#1268,#1638);
#1270=IFCCARTESIANPOINT((0.,0.,0.));
#1271=IFCDIRECTION((1.,0.,0.));
#1272=IFCDIRECTION((0.,1.,0.));
#1273=IFCDIRECTION((0.,0.,1.));
#1274=IFCCARTESIANTRANSFORMATIONOPERATOR3D(#1271,#1272,#1270,1.,#1273);
#1275=IFCMAPPEDITEM(#1269,#1274);
#1276=IFCSHAPEREPRESENTATION(#11,'Body','MappedRepresentation',(#1275));
#1277=IFCPRODUCTDEFINITIONSHAPE($,$,(#1276));
#1278=IFCRELVOIDSELEMENT('3C6bCnZID4wPLXmC5Z4eZl',$,$,$,#127,#1249);
#1284=IFCRELFILLSELEMENT('2grb38zwDENA2g19RZVwk_',$,$,$,#1249,#1225);
#1308=IFCCARTESIANPOINTLIST2D(((0.,0.),(0.,2.),(0.89999997615814209,2.),(0.89999997615814209,0.),(0.87499997578561306,0.),(0.87499997578561306,1.974999999627471),(0.02500000037252903,1.974999999627471),(0.02500000037252903,0.)));
#1309=IFCINDEXEDPOLYCURVE(#1308,(IFCLINEINDEX((1,2,3,4,5,6,7,8,1))),$);
#1310=IFCARBITRARYCLOSEDPROFILEDEF(.AREA.,$,#1309);
#1311=IFCCARTESIANPOINT((0.,0.02500000037252903,0.));
#1312=IFCDIRECTION((0.,-1.,0.));
#1313=IFCDIRECTION((1.,0.,0.));
#1314=IFCAXIS2PLACEMENT3D(#1311,#1312,#1313);
#1315=IFCDIRECTION((0.,0.,-1.));
#1316=IFCEXTRUDEDAREASOLID(#1310,#1314,#1315,0.02500000037252903);
#1317=IFCCARTESIANPOINTLIST2D(((0.,0.),(0.,2.),(0.89999997615814209,2.),(0.89999997615814209,0.),(0.84999997541308403,0.),(0.84999997541308403,1.9499999992549419),(0.05000000074505806,1.9499999992549419),(0.05000000074505806,0.)));
#1318=IFCINDEXEDPOLYCURVE(#1317,(IFCLINEINDEX((1,2,3,4,5,6,7,8,1))),$);
#1319=IFCARBITRARYCLOSEDPROFILEDEF(.AREA.,$,#1318);
#1320=IFCCARTESIANPOINT((0.,0.,0.));
#1321=IFCDIRECTION((0.,-1.,0.));
#1322=IFCDIRECTION((1.,0.,0.));
#1323=IFCAXIS2PLACEMENT3D(#1320,#1321,#1322);
#1324=IFCDIRECTION((0.,0.,-1.));
#1325=IFCEXTRUDEDAREASOLID(#1319,#1323,#1324,0.02500000037252903);
#1326=IFCCARTESIANPOINTLIST2D(((0.,0.),(0.79999997466802597,0.),(0.79999997466802597,0.10000000149011612),(0.,0.10000000149011612)));
#1327=IFCINDEXEDPOLYCURVE(#1326,(IFCLINEINDEX((1,2,3,4,1))),$);
#1328=IFCARBITRARYCLOSEDPROFILEDEF(.AREA.,$,#1327);
#1329=IFCCARTESIANPOINT((0.05000000074505806,0.,0.));
#1330=IFCDIRECTION((0.,0.,1.));
#1331=IFCDIRECTION((1.,0.,0.));
#1332=IFCAXIS2PLACEMENT3D(#1329,#1330,#1331);
#1333=IFCDIRECTION((0.,0.,1.));
#1334=IFCEXTRUDEDAREASOLID(#1328,#1332,#1333,0.02500000037252903);
#1335=IFCCARTESIANPOINTLIST2D(((0.,0.),(0.,2.0250000022351742),(0.94999998062849045,2.0250000022351742),(0.94999998062849045,0.),(0.87499997764825821,0.),(0.87499997764825821,1.9499999992549419),(0.075000002980232239,1.9499999992549419),(0.075000002980232239,0.)));
#1336=IFCINDEXEDPOLYCURVE(#1335,(IFCLINEINDEX((1,2,3,4,5,6,7,8,1))),$);
#1337=IFCARBITRARYCLOSEDPROFILEDEF(.AREA.,$,#1336);
#1338=IFCCARTESIANPOINT((-0.025000002235174179,-0.004999999888241291,0.));
#1339=IFCDIRECTION((0.,-1.,0.));
#1340=IFCDIRECTION((1.,0.,0.));
#1341=IFCAXIS2PLACEMENT3D(#1338,#1339,#1340);
#1342=IFCDIRECTION((0.,0.,-1.));
#1343=IFCEXTRUDEDAREASOLID(#1337,#1341,#1342,0.004999999888241291);
#1344=IFCCARTESIANPOINTLIST2D(((0.,0.),(0.,2.0250000022351742),(0.94999998062849045,2.0250000022351742),(0.94999998062849045,0.),(0.89999997802078724,0.),(0.89999997802078724,1.974999999627471),(0.050000002607703209,1.974999999627471),(0.050000002607703209,0.)));
#1345=IFCINDEXEDPOLYCURVE(#1344,(IFCLINEINDEX((1,2,3,4,5,6,7,8,1))),$);
#1346=IFCARBITRARYCLOSEDPROFILEDEF(.AREA.,$,#1345);
#1347=IFCCARTESIANPOINT((-0.025000002235174179,0.05000000074505806,0.));
#1348=IFCDIRECTION((0.,-1.,0.));
#1349=IFCDIRECTION((1.,0.,0.));
#1350=IFCAXIS2PLACEMENT3D(#1347,#1348,#1349);
#1351=IFCDIRECTION((0.,0.,-1.));
#1352=IFCEXTRUDEDAREASOLID(#1346,#1350,#1351,0.004999999888241291);
#1353=IFCCARTESIANPOINTLIST2D(((0.,0.),(0.84999997541308403,0.),(0.84999997541308403,0.035000000149011612),(0.,0.035000000149011612)));
#1354=IFCINDEXEDPOLYCURVE(#1353,(IFCLINEINDEX((1,2,3,4,1))),$);
#1355=IFCARBITRARYCLOSEDPROFILEDEF(.AREA.,$,#1354);
#1356=IFCCARTESIANPOINT((0.02500000037252903,0.02500000037252903,0.02500000037252903));
#1357=IFCDIRECTION((0.,0.,1.));
#1358=IFCDIRECTION((1.,0.,0.));
#1359=IFCAXIS2PLACEMENT3D(#1356,#1357,#1358);
#1360=IFCDIRECTION((0.,0.,1.));
#1361=IFCEXTRUDEDAREASOLID(#1355,#1359,#1360,1.9499999992549419);
#1362=IFCCARTESIANPOINTLIST2D(((0.,0.),(0.,-0.040000000000000001),(-0.11999999999999988,-0.040000000000000001),(-0.11999999999999988,-0.02),(-0.020000000000000018,-0.02),(-0.020000000000000018,0.)));
#1363=IFCINDEXEDPOLYCURVE(#1362,(IFCLINEINDEX((1,2,3,4,5,6,1))),$);
#1364=IFCARBITRARYCLOSEDPROFILEDEF(.AREA.,$,#1363);
#1365=IFCCARTESIANPOINT((0.82499997578561302,0.02500000037252903,1.015000000372529));
#1366=IFCDIRECTION((0.,0.,1.));
#1367=IFCDIRECTION((1.,0.,0.));
#1368=IFCAXIS2PLACEMENT3D(#1365,#1366,#1367);
#1369=IFCDIRECTION((0.,0.,1.));
#1370=IFCEXTRUDEDAREASOLID(#1364,#1368,#1369,0.02);
#1371=IFCEXTRUDEDAREASOLID(#1372,#1375,#1379,0.02);
#1372=IFCARBITRARYCLOSEDPROFILEDEF(.AREA.,$,#1373);
#1373=IFCINDEXEDPOLYCURVE(#1374,(IFCLINEINDEX((1,2,3,4,5,6,1))),$);
#1374=IFCCARTESIANPOINTLIST2D(((0.,0.),(0.,0.040000000000000008),(-0.11999999999999988,0.040000000000000008),(-0.11999999999999988,0.020000000000000004),(-0.020000000000000018,0.020000000000000004),(-0.020000000000000018,0.)));
#1375=IFCAXIS2PLACEMENT3D(#1376,#1377,#1378);
#1376=IFCCARTESIANPOINT((0.82499997578561302,0.060000000521540642,1.015000000372529));
#1377=IFCDIRECTION((0.,0.,1.));
#1378=IFCDIRECTION((1.,0.,0.));
#1379=IFCDIRECTION((0.,0.,1.));
#1381=IFCSHAPEREPRESENTATION(#11,'Body','SweptSolid',(#1550,#1325,#1568,#1316,#1586,#1444,#1352,#1577,#1453,#1435,#1343,#1471,#1462,#1559,#1334));
#1382=IFCSHAPEASPECT((#1381),'Lining',$,.T.,#1234);
#1383=IFCSHAPEREPRESENTATION(#11,'Body','SweptSolid',(#1361,#1489,#1490,#1604,#1480,#1605,#1595,#1370,#1371));
#1384=IFCSHAPEASPECT((#1383),'Framing',$,.T.,#1234);
#1427=IFCCARTESIANPOINTLIST2D(((0.,0.),(0.,2.),(0.89999997615814209,2.),(0.89999997615814209,0.),(0.87499997578561306,0.),(0.87499997578561306,1.974999999627471),(0.02500000037252903,1.974999999627471),(0.02500000037252903,0.)));
#1428=IFCINDEXEDPOLYCURVE(#1427,(IFCLINEINDEX((1,2,3,4,5,6,7,8,1))),$);
#1429=IFCARBITRARYCLOSEDPROFILEDEF(.AREA.,$,#1428);
#1430=IFCCARTESIANPOINT((0.,0.02500000037252903,0.));
#1431=IFCDIRECTION((0.,-1.,0.));
#1432=IFCDIRECTION((1.,0.,0.));
#1433=IFCAXIS2PLACEMENT3D(#1430,#1431,#1432);
#1434=IFCDIRECTION((0.,0.,-1.));
#1435=IFCEXTRUDEDAREASOLID(#1429,#1433,#1434,0.02500000037252903);
#1436=IFCCARTESIANPOINTLIST2D(((0.,0.),(0.,2.),(0.89999997615814209,2.),(0.89999997615814209,0.),(0.84999997541308403,0.),(0.84999997541308403,1.9499999992549419),(0.05000000074505806,1.9499999992549419),(0.05000000074505806,0.)));
#1437=IFCINDEXEDPOLYCURVE(#1436,(IFCLINEINDEX((1,2,3,4,5,6,7,8,1))),$);
#1438=IFCARBITRARYCLOSEDPROFILEDEF(.AREA.,$,#1437);
#1439=IFCCARTESIANPOINT((0.,0.,0.));
#1440=IFCDIRECTION((0.,-1.,0.));
#1441=IFCDIRECTION((1.,0.,0.));
#1442=IFCAXIS2PLACEMENT3D(#1439,#1440,#1441);
#1443=IFCDIRECTION((0.,0.,-1.));
#1444=IFCEXTRUDEDAREASOLID(#1438,#1442,#1443,0.02500000037252903);
#1445=IFCCARTESIANPOINTLIST2D(((0.,0.),(0.79999997466802597,0.),(0.79999997466802597,0.10000000149011612),(0.,0.10000000149011612)));
#1446=IFCINDEXEDPOLYCURVE(#1445,(IFCLINEINDEX((1,2,3,4,1))),$);
#1447=IFCARBITRARYCLOSEDPROFILEDEF(.AREA.,$,#1446);
#1448=IFCCARTESIANPOINT((0.05000000074505806,0.,0.));
#1449=IFCDIRECTION((0.,0.,1.));
#1450=IFCDIRECTION((1.,0.,0.));
#1451=IFCAXIS2PLACEMENT3D(#1448,#1449,#1450);
#1452=IFCDIRECTION((0.,0.,1.));
#1453=IFCEXTRUDEDAREASOLID(#1447,#1451,#1452,0.02500000037252903);
#1454=IFCCARTESIANPOINTLIST2D(((0.,0.),(0.,2.0250000022351742),(0.94999998062849045,2.0250000022351742),(0.94999998062849045,0.),(0.87499997764825821,0.),(0.87499997764825821,1.9499999992549419),(0.075000002980232239,1.9499999992549419),(0.075000002980232239,0.)));
#1455=IFCINDEXEDPOLYCURVE(#1454,(IFCLINEINDEX((1,2,3,4,5,6,7,8,1))),$);
#1456=IFCARBITRARYCLOSEDPROFILEDEF(.AREA.,$,#1455);
#1457=IFCCARTESIANPOINT((-0.025000002235174179,-0.004999999888241291,0.));
#1458=IFCDIRECTION((0.,-1.,0.));
#1459=IFCDIRECTION((1.,0.,0.));
#1460=IFCAXIS2PLACEMENT3D(#1457,#1458,#1459);
#1461=IFCDIRECTION((0.,0.,-1.));
#1462=IFCEXTRUDEDAREASOLID(#1456,#1460,#1461,0.004999999888241291);
#1463=IFCCARTESIANPOINTLIST2D(((0.,0.),(0.,2.0250000022351742),(0.94999998062849045,2.0250000022351742),(0.94999998062849045,0.),(0.89999997802078724,0.),(0.89999997802078724,1.974999999627471),(0.050000002607703209,1.974999999627471),(0.050000002607703209,0.)));
#1464=IFCINDEXEDPOLYCURVE(#1463,(IFCLINEINDEX((1,2,3,4,5,6,7,8,1))),$);
#1465=IFCARBITRARYCLOSEDPROFILEDEF(.AREA.,$,#1464);
#1466=IFCCARTESIANPOINT((-0.025000002235174179,0.05000000074505806,0.));
#1467=IFCDIRECTION((0.,-1.,0.));
#1468=IFCDIRECTION((1.,0.,0.));
#1469=IFCAXIS2PLACEMENT3D(#1466,#1467,#1468);
#1470=IFCDIRECTION((0.,0.,-1.));
#1471=IFCEXTRUDEDAREASOLID(#1465,#1469,#1470,0.004999999888241291);
#1472=IFCCARTESIANPOINTLIST2D(((0.,0.),(0.84999997541308403,0.),(0.84999997541308403,0.035000000149011612),(0.,0.035000000149011612)));
#1473=IFCINDEXEDPOLYCURVE(#1472,(IFCLINEINDEX((1,2,3,4,1))),$);
#1474=IFCARBITRARYCLOSEDPROFILEDEF(.AREA.,$,#1473);
#1475=IFCCARTESIANPOINT((0.02500000037252903,0.02500000037252903,0.02500000037252903));
#1476=IFCDIRECTION((0.,0.,1.));
#1477=IFCDIRECTION((1.,0.,0.));
#1478=IFCAXIS2PLACEMENT3D(#1475,#1476,#1477);
#1479=IFCDIRECTION((0.,0.,1.));
#1480=IFCEXTRUDEDAREASOLID(#1474,#1478,#1479,1.9499999992549419);
#1481=IFCCARTESIANPOINTLIST2D(((0.,0.),(0.,-0.040000000000000001),(-0.11999999999999988,-0.040000000000000001),(-0.11999999999999988,-0.02),(-0.020000000000000018,-0.02),(-0.020000000000000018,0.)));
#1482=IFCINDEXEDPOLYCURVE(#1481,(IFCLINEINDEX((1,2,3,4,5,6,1))),$);
#1483=IFCARBITRARYCLOSEDPROFILEDEF(.AREA.,$,#1482);
#1484=IFCCARTESIANPOINT((0.82499997578561302,0.02500000037252903,1.015000000372529));
#1485=IFCDIRECTION((0.,0.,1.));
#1486=IFCDIRECTION((1.,0.,0.));
#1487=IFCAXIS2PLACEMENT3D(#1484,#1485,#1486);
#1488=IFCDIRECTION((0.,0.,1.));
#1489=IFCEXTRUDEDAREASOLID(#1483,#1487,#1488,0.02);
#1490=IFCEXTRUDEDAREASOLID(#1491,#1494,#1498,0.02);
#1491=IFCARBITRARYCLOSEDPROFILEDEF(.AREA.,$,#1492);
#1492=IFCINDEXEDPOLYCURVE(#1493,(IFCLINEINDEX((1,2,3,4,5,6,1))),$);
#1493=IFCCARTESIANPOINTLIST2D(((0.,0.),(0.,0.040000000000000008),(-0.11999999999999988,0.040000000000000008),(-0.11999999999999988,0.020000000000000004),(-0.020000000000000018,0.020000000000000004),(-0.020000000000000018,0.)));
#1494=IFCAXIS2PLACEMENT3D(#1495,#1496,#1497);
#1495=IFCCARTESIANPOINT((0.82499997578561302,0.060000000521540642,1.015000000372529));
#1496=IFCDIRECTION((0.,0.,1.));
#1497=IFCDIRECTION((1.,0.,0.));
#1498=IFCDIRECTION((0.,0.,1.));
#1539=IFCCARTESIANPOINTLIST3D(((0.,0.,0.),(0.94999998807907104,0.,0.),(0.94999998807907104,0.,2.),(0.,0.,2.)));
#1540=IFCINDEXEDPOLYCURVE(#1539,(IFCLINEINDEX((1,2,3,4,1))),$);
#1541=IFCSHAPEREPRESENTATION(#18,'Profile','Curve3D',(#1540));
#1542=IFCCARTESIANPOINTLIST2D(((0.,0.),(0.,2.),(0.94999998807907104,2.),(0.94999998807907104,0.),(0.92499998770654202,0.),(0.92499998770654202,1.974999999627471),(0.02500000037252903,1.974999999627471),(0.02500000037252903,0.)));
#1543=IFCINDEXEDPOLYCURVE(#1542,(IFCLINEINDEX((1,2,3,4,5,6,7,8,1))),$);
#1544=IFCARBITRARYCLOSEDPROFILEDEF(.AREA.,$,#1543);
#1545=IFCCARTESIANPOINT((0.,0.02500000037252903,0.));
#1546=IFCDIRECTION((0.,-1.,0.));
#1547=IFCDIRECTION((1.,0.,0.));
#1548=IFCAXIS2PLACEMENT3D(#1545,#1546,#1547);
#1549=IFCDIRECTION((0.,0.,-1.));
#1550=IFCEXTRUDEDAREASOLID(#1544,#1548,#1549,0.02500000037252903);
#1551=IFCCARTESIANPOINTLIST2D(((0.,0.),(0.,2.),(0.94999998807907104,2.),(0.94999998807907104,0.),(0.89999998733401299,0.),(0.89999998733401299,1.9499999992549419),(0.05000000074505806,1.9499999992549419),(0.05000000074505806,0.)));
#1552=IFCINDEXEDPOLYCURVE(#1551,(IFCLINEINDEX((1,2,3,4,5,6,7,8,1))),$);
#1553=IFCARBITRARYCLOSEDPROFILEDEF(.AREA.,$,#1552);
#1554=IFCCARTESIANPOINT((0.,0.,0.));
#1555=IFCDIRECTION((0.,-1.,0.));
#1556=IFCDIRECTION((1.,0.,0.));
#1557=IFCAXIS2PLACEMENT3D(#1554,#1555,#1556);
#1558=IFCDIRECTION((0.,0.,-1.));
#1559=IFCEXTRUDEDAREASOLID(#1553,#1557,#1558,0.02500000037252903);
#1560=IFCCARTESIANPOINTLIST2D(((0.,0.),(0.84999998658895493,0.),(0.84999998658895493,0.10000000149011612),(0.,0.10000000149011612)));
#1561=IFCINDEXEDPOLYCURVE(#1560,(IFCLINEINDEX((1,2,3,4,1))),$);
#1562=IFCARBITRARYCLOSEDPROFILEDEF(.AREA.,$,#1561);
#1563=IFCCARTESIANPOINT((0.05000000074505806,0.,0.));
#1564=IFCDIRECTION((0.,0.,1.));
#1565=IFCDIRECTION((1.,0.,0.));
#1566=IFCAXIS2PLACEMENT3D(#1563,#1564,#1565);
#1567=IFCDIRECTION((0.,0.,1.));
#1568=IFCEXTRUDEDAREASOLID(#1562,#1566,#1567,0.02500000037252903);
#1569=IFCCARTESIANPOINTLIST2D(((0.,0.),(0.,2.0250000022351742),(0.9999999925494194,2.0250000022351742),(0.9999999925494194,0.),(0.92499998956918716,0.),(0.92499998956918716,1.9499999992549419),(0.075000002980232239,1.9499999992549419),(0.075000002980232239,0.)));
#1570=IFCINDEXEDPOLYCURVE(#1569,(IFCLINEINDEX((1,2,3,4,5,6,7,8,1))),$);
#1571=IFCARBITRARYCLOSEDPROFILEDEF(.AREA.,$,#1570);
#1572=IFCCARTESIANPOINT((-0.025000002235174179,-0.004999999888241291,0.));
#1573=IFCDIRECTION((0.,-1.,0.));
#1574=IFCDIRECTION((1.,0.,0.));
#1575=IFCAXIS2PLACEMENT3D(#1572,#1573,#1574);
#1576=IFCDIRECTION((0.,0.,-1.));
#1577=IFCEXTRUDEDAREASOLID(#1571,#1575,#1576,0.004999999888241291);
#1578=IFCCARTESIANPOINTLIST2D(((0.,0.),(0.,2.0250000022351742),(0.9999999925494194,2.0250000022351742),(0.9999999925494194,0.),(0.94999998994171619,0.),(0.94999998994171619,1.974999999627471),(0.050000002607703209,1.974999999627471),(0.050000002607703209,0.)));
#1579=IFCINDEXEDPOLYCURVE(#1578,(IFCLINEINDEX((1,2,3,4,5,6,7,8,1))),$);
#1580=IFCARBITRARYCLOSEDPROFILEDEF(.AREA.,$,#1579);
#1581=IFCCARTESIANPOINT((-0.025000002235174179,0.05000000074505806,0.));
#1582=IFCDIRECTION((0.,-1.,0.));
#1583=IFCDIRECTION((1.,0.,0.));
#1584=IFCAXIS2PLACEMENT3D(#1581,#1582,#1583);
#1585=IFCDIRECTION((0.,0.,-1.));
#1586=IFCEXTRUDEDAREASOLID(#1580,#1584,#1585,0.004999999888241291);
#1587=IFCCARTESIANPOINTLIST2D(((0.,0.),(0.89999998733401299,0.),(0.89999998733401299,0.035000000149011612),(0.,0.035000000149011612)));
#1588=IFCINDEXEDPOLYCURVE(#1587,(IFCLINEINDEX((1,2,3,4,1))),$);
#1589=IFCARBITRARYCLOSEDPROFILEDEF(.AREA.,$,#1588);
#1590=IFCCARTESIANPOINT((0.02500000037252903,0.02500000037252903,0.02500000037252903));
#1591=IFCDIRECTION((0.,0.,1.));
#1592=IFCDIRECTION((1.,0.,0.));
#1593=IFCAXIS2PLACEMENT3D(#1590,#1591,#1592);
#1594=IFCDIRECTION((0.,0.,1.));
#1595=IFCEXTRUDEDAREASOLID(#1589,#1593,#1594,1.9499999992549419);
#1596=IFCCARTESIANPOINTLIST2D(((0.,0.),(0.,-0.040000000000000001),(-0.11999999999999988,-0.040000000000000001),(-0.11999999999999988,-0.02),(-0.020000000000000018,-0.02),(-0.020000000000000018,0.)));
#1597=IFCINDEXEDPOLYCURVE(#1596,(IFCLINEINDEX((1,2,3,4,5,6,1))),$);
#1598=IFCARBITRARYCLOSEDPROFILEDEF(.AREA.,$,#1597);
#1599=IFCCARTESIANPOINT((0.87499998770654197,0.02500000037252903,1.015000000372529));
#1600=IFCDIRECTION((0.,0.,1.));
#1601=IFCDIRECTION((1.,0.,0.));
#1602=IFCAXIS2PLACEMENT3D(#1599,#1600,#1601);
#1603=IFCDIRECTION((0.,0.,1.));
#1604=IFCEXTRUDEDAREASOLID(#1598,#1602,#1603,0.02);
#1605=IFCEXTRUDEDAREASOLID(#1606,#1609,#1613,0.02);
#1606=IFCARBITRARYCLOSEDPROFILEDEF(.AREA.,$,#1607);
#1607=IFCINDEXEDPOLYCURVE(#1608,(IFCLINEINDEX((1,2,3,4,5,6,1))),$);
#1608=IFCCARTESIANPOINTLIST2D(((0.,0.),(0.,0.040000000000000008),(-0.11999999999999988,0.040000000000000008),(-0.11999999999999988,0.020000000000000004),(-0.020000000000000018,0.020000000000000004),(-0.020000000000000018,0.)));
#1609=IFCAXIS2PLACEMENT3D(#1610,#1611,#1612);
#1610=IFCCARTESIANPOINT((0.87499998770654197,0.060000000521540642,1.015000000372529));
#1611=IFCDIRECTION((0.,0.,1.));
#1612=IFCDIRECTION((1.,0.,0.));
#1613=IFCDIRECTION((0.,0.,1.));
#1614=IFCSHAPEREPRESENTATION(#11,'Body','SweptSolid',(#1550,#1559,#1595,#1604,#1605,#1568,#1577,#1586));
#1615=IFCCARTESIANPOINTLIST2D(((0.,0.),(0.,0.05000000074505806),(0.02500000037252903,0.05000000074505806),(0.02500000037252903,0.02500000037252903),(0.05000000074505806,0.02500000037252903),(0.05000000074505806,0.)));
#1616=IFCINDEXEDPOLYCURVE(#1615,(IFCLINEINDEX((1,2,3,4,5,6,1))),$);
#1617=IFCINDEXEDPOLYCURVE(#1618,(IFCLINEINDEX((1,2,3,4,5,6,1))),$);
#1618=IFCCARTESIANPOINTLIST2D(((0.94999998807907104,0.),(0.94999998807907104,0.05000000074505806),(0.92499998770654202,0.05000000074505806),(0.92499998770654202,0.02500000037252903),(0.89999998733401299,0.02500000037252903),(0.89999998733401299,0.)));
#1619=IFCDIRECTION((1.,0.));
#1620=IFCCARTESIANPOINT((0.060000000521540642,0.05000000074505806));
#1621=IFCAXIS2PLACEMENT2D(#1620,#1619);
#1622=IFCELLIPSE(#1621,0.86499998718500137,0.89999998733401299);
#1623=IFCCARTESIANPOINT((0.92499998770654202,0.05000000074505806));
#1624=IFCCARTESIANPOINT((0.060000000521540642,0.94999998807907104));
#1625=IFCTRIMMEDCURVE(#1622,(#1623),(#1624),.T.,.CARTESIAN.);
#1626=IFCCARTESIANPOINTLIST2D(((0.02500000037252903,0.05000000074505806),(0.060000000521540642,0.05000000074505806),(0.060000000521540642,0.94999998807907104),(0.02500000037252903,0.94999998807907104)));
#1627=IFCINDEXEDPOLYCURVE(#1626,(IFCLINEINDEX((1,2,3,4,1))),$);
#1628=IFCSHAPEREPRESENTATION(#24,'Body','Curve2D',(#1616,#1617,#1625,#1627));
#1629=IFCCARTESIANPOINTLIST2D(((0.,0.),(0.94999998807907104,0.),(0.94999998807907104,2.),(0.,2.)));
#1630=IFCINDEXEDPOLYCURVE(#1629,(IFCLINEINDEX((1,2,3,4,1))),$);
#1631=IFCARBITRARYCLOSEDPROFILEDEF(.AREA.,$,#1630);
#1632=IFCCARTESIANPOINT((0.,-0.60000002384185791,0.));
#1633=IFCDIRECTION((0.,-1.,0.));
#1634=IFCDIRECTION((1.,0.,0.));
#1635=IFCAXIS2PLACEMENT3D(#1632,#1633,#1634);
#1636=IFCDIRECTION((0.,0.,-1.));
#1637=IFCEXTRUDEDAREASOLID(#1631,#1635,#1636,1.2);
#1638=IFCSHAPEREPRESENTATION(#11,'Body','SweptSolid',(#1637));
#1644=IFCCARTESIANPOINT((0.35770486792258449,4.76837158203125E-07,0.));
#1645=IFCDIRECTION((0.,0.,1.));
#1646=IFCDIRECTION((0.99999999999997158,-2.3841857910155572E-07,0.));
#1647=IFCAXIS2PLACEMENT3D(#1644,#1645,#1646);
#1648=IFCLOCALPLACEMENT(#1047,#1647);
#1649=IFCCARTESIANPOINT((0.,0.,0.));
#1650=IFCDIRECTION((0.,0.,1.));
#1651=IFCDIRECTION((1.,0.,0.));
#1652=IFCAXIS2PLACEMENT3D(#1649,#1650,#1651);
#1653=IFCLOCALPLACEMENT(#1648,#1652);
#1654=IFCDOORTYPE('0c4MSeUHj11B5mGxLmrqKU',$,'Guest-GF',$,$,(#1655),(#1657,#1665,#1743),$,$,.DOOR.,.SINGLE_SWING_LEFT.,$,$);
#1655=IFCPROPERTYSET('3tilukV2bES8u$GZZqU$of',$,'BBIM_Door',$,(#1656));
#1656=IFCPROPERTYSINGLEVALUE('Data',$,IFCTEXT('{"door_type": "SINGLE_SWING_RIGHT", "overall_height": 2.0, "overall_width": 0.949999988079071, "lining_properties": {"lining_depth": 0.05000000074505806, "lining_thickness": 0.05000000074505806, "lining_offset": 0.0, "lining_to_panel_offset_x": 0.02500000037252903, "lining_to_panel_offset_y": 0.02500000037252903, "transom_thickness": 0.0, "casing_thickness": 0.07500000298023224, "casing_depth": 0.004999999888241291, "threshold_thickness": 0.02500000037252903, "threshold_depth": 0.10000000149011612, "threshold_offset": 0.0}, "panel_properties": {"panel_depth": 0.03500000014901161, "panel_width_ratio": 1.0}}'),$);
#1657=IFCREPRESENTATIONMAP(#1658,#1844);
#1658=IFCAXIS2PLACEMENT3D(#1659,#1660,#1661);
#1659=IFCCARTESIANPOINT((0.,0.,0.));
#1660=IFCDIRECTION((0.,0.,1.));
#1661=IFCDIRECTION((1.,0.,0.));
#1665=IFCREPRESENTATIONMAP(#1666,#1917);
#1666=IFCAXIS2PLACEMENT3D(#1667,#1668,#1669);
#1667=IFCCARTESIANPOINT((0.,0.,0.));
#1668=IFCDIRECTION((0.,0.,1.));
#1669=IFCDIRECTION((1.,0.,0.));
#1743=IFCREPRESENTATIONMAP(#1744,#1935);
#1744=IFCAXIS2PLACEMENT3D(#1745,#1746,#1747);
#1745=IFCCARTESIANPOINT((0.,0.,0.));
#1746=IFCDIRECTION((0.,0.,1.));
#1747=IFCDIRECTION((1.,0.,0.));
#1762=IFCDOOR('3BOL4HgfX3$9zeIqbq0HE2',$,'Door',$,$,#1960,#1771,$,2.,0.94999998807907104,$,.SINGLE_SWING_RIGHT.,$);
#1763=IFCRELDEFINESBYTYPE('3M16kUc4TFRfUgkiDCsB3X',$,$,$,(#1762),#1654);
#1764=IFCCARTESIANPOINT((0.,0.,0.));
#1765=IFCDIRECTION((1.,0.,0.));
#1766=IFCDIRECTION((0.,1.,0.));
#1767=IFCDIRECTION((0.,0.,1.));
#1768=IFCCARTESIANTRANSFORMATIONOPERATOR3D(#1765,#1766,#1764,1.,#1767);
#1769=IFCMAPPEDITEM(#1657,#1768);
#1770=IFCSHAPEREPRESENTATION(#18,'Profile','MappedRepresentation',(#1769));
#1771=IFCPRODUCTDEFINITIONSHAPE($,$,(#1770,#1778,#1785));
#1772=IFCCARTESIANPOINT((0.,0.,0.));
#1773=IFCDIRECTION((1.,0.,0.));
#1774=IFCDIRECTION((0.,1.,0.));
#1775=IFCDIRECTION((0.,0.,1.));
#1776=IFCCARTESIANTRANSFORMATIONOPERATOR3D(#1773,#1774,#1772,1.,#1775);
#1777=IFCMAPPEDITEM(#1665,#1776);
#1778=IFCSHAPEREPRESENTATION(#11,'Body','MappedRepresentation',(#1777));
#1779=IFCCARTESIANPOINT((0.,0.,0.));
#1780=IFCDIRECTION((1.,0.,0.));
#1781=IFCDIRECTION((0.,1.,0.));
#1782=IFCDIRECTION((0.,0.,1.));
#1783=IFCCARTESIANTRANSFORMATIONOPERATOR3D(#1780,#1781,#1779,1.,#1782);
#1784=IFCMAPPEDITEM(#1743,#1783);
#1785=IFCSHAPEREPRESENTATION(#24,'Body','MappedRepresentation',(#1784));
#1786=IFCOPENINGELEMENT('05eQH7GcP5PeKJgj3C4K_B',$,'Opening',$,$,#1955,#1814,$,.OPENING.);
#1802=IFCCARTESIANPOINT((0.,0.,0.));
#1803=IFCDIRECTION((1.,0.,0.));
#1804=IFCDIRECTION((0.,0.,1.));
#1805=IFCAXIS2PLACEMENT3D(#1802,#1804,#1803);
#1806=IFCREPRESENTATIONMAP(#1805,#1945);
#1807=IFCCARTESIANPOINT((0.,0.,0.));
#1808=IFCDIRECTION((1.,0.,0.));
#1809=IFCDIRECTION((0.,1.,0.));
#1810=IFCDIRECTION((0.,0.,1.));
#1811=IFCCARTESIANTRANSFORMATIONOPERATOR3D(#1808,#1809,#1807,1.,#1810);
#1812=IFCMAPPEDITEM(#1806,#1811);
#1813=IFCSHAPEREPRESENTATION(#11,'Body','MappedRepresentation',(#1812));
#1814=IFCPRODUCTDEFINITIONSHAPE($,$,(#1813));
#1815=IFCRELVOIDSELEMENT('312AzuGYHDuOxK6do$HvTT',$,$,$,#620,#1786);
#1821=IFCRELFILLSELEMENT('3egtBVlcbEHByNkDnKHhRI',$,$,$,#1786,#1762);
#1842=IFCCARTESIANPOINTLIST3D(((0.,0.,0.),(0.94999998807907104,0.,0.),(0.94999998807907104,0.,2.),(0.,0.,2.)));
#1843=IFCINDEXEDPOLYCURVE(#1842,(IFCLINEINDEX((1,2,3,4,1))),$);
#1844=IFCSHAPEREPRESENTATION(#18,'Profile','Curve3D',(#1843));
#1845=IFCCARTESIANPOINTLIST2D(((0.,0.),(0.,2.),(0.94999998807907104,2.),(0.94999998807907104,0.),(0.92499998770654202,0.),(0.92499998770654202,1.974999999627471),(0.02500000037252903,1.974999999627471),(0.02500000037252903,0.)));
#1846=IFCINDEXEDPOLYCURVE(#1845,(IFCLINEINDEX((1,2,3,4,5,6,7,8,1))),$);
#1847=IFCARBITRARYCLOSEDPROFILEDEF(.AREA.,$,#1846);
#1848=IFCCARTESIANPOINT((0.,0.02500000037252903,0.));
#1849=IFCDIRECTION((0.,-1.,0.));
#1850=IFCDIRECTION((1.,0.,0.));
#1851=IFCAXIS2PLACEMENT3D(#1848,#1849,#1850);
#1852=IFCDIRECTION((0.,0.,-1.));
#1853=IFCEXTRUDEDAREASOLID(#1847,#1851,#1852,0.02500000037252903);
#1854=IFCCARTESIANPOINTLIST2D(((0.,0.),(0.,2.),(0.94999998807907104,2.),(0.94999998807907104,0.),(0.89999998733401299,0.),(0.89999998733401299,1.9499999992549419),(0.05000000074505806,1.9499999992549419),(0.05000000074505806,0.)));
#1855=IFCINDEXEDPOLYCURVE(#1854,(IFCLINEINDEX((1,2,3,4,5,6,7,8,1))),$);
#1856=IFCARBITRARYCLOSEDPROFILEDEF(.AREA.,$,#1855);
#1857=IFCCARTESIANPOINT((0.,0.,0.));
#1858=IFCDIRECTION((0.,-1.,0.));
#1859=IFCDIRECTION((1.,0.,0.));
#1860=IFCAXIS2PLACEMENT3D(#1857,#1858,#1859);
#1861=IFCDIRECTION((0.,0.,-1.));
#1862=IFCEXTRUDEDAREASOLID(#1856,#1860,#1861,0.02500000037252903);
#1863=IFCCARTESIANPOINTLIST2D(((0.,0.),(0.84999998658895493,0.),(0.84999998658895493,0.10000000149011612),(0.,0.10000000149011612)));
#1864=IFCINDEXEDPOLYCURVE(#1863,(IFCLINEINDEX((1,2,3,4,1))),$);
#1865=IFCARBITRARYCLOSEDPROFILEDEF(.AREA.,$,#1864);
#1866=IFCCARTESIANPOINT((0.05000000074505806,0.,0.));
#1867=IFCDIRECTION((0.,0.,1.));
#1868=IFCDIRECTION((1.,0.,0.));
#1869=IFCAXIS2PLACEMENT3D(#1866,#1867,#1868);
#1870=IFCDIRECTION((0.,0.,1.));
#1871=IFCEXTRUDEDAREASOLID(#1865,#1869,#1870,0.02500000037252903);
#1872=IFCCARTESIANPOINTLIST2D(((0.,0.),(0.,2.0250000022351742),(0.9999999925494194,2.0250000022351742),(0.9999999925494194,0.),(0.92499998956918716,0.),(0.92499998956918716,1.9499999992549419),(0.075000002980232239,1.9499999992549419),(0.075000002980232239,0.)));
#1873=IFCINDEXEDPOLYCURVE(#1872,(IFCLINEINDEX((1,2,3,4,5,6,7,8,1))),$);
#1874=IFCARBITRARYCLOSEDPROFILEDEF(.AREA.,$,#1873);
#1875=IFCCARTESIANPOINT((-0.025000002235174179,-0.004999999888241291,0.));
#1876=IFCDIRECTION((0.,-1.,0.));
#1877=IFCDIRECTION((1.,0.,0.));
#1878=IFCAXIS2PLACEMENT3D(#1875,#1876,#1877);
#1879=IFCDIRECTION((0.,0.,-1.));
#1880=IFCEXTRUDEDAREASOLID(#1874,#1878,#1879,0.004999999888241291);
#1881=IFCCARTESIANPOINTLIST2D(((0.,0.),(0.,2.0250000022351742),(0.9999999925494194,2.0250000022351742),(0.9999999925494194,0.),(0.94999998994171619,0.),(0.94999998994171619,1.974999999627471),(0.050000002607703209,1.974999999627471),(0.050000002607703209,0.)));
#1882=IFCINDEXEDPOLYCURVE(#1881,(IFCLINEINDEX((1,2,3,4,5,6,7,8,1))),$);
#1883=IFCARBITRARYCLOSEDPROFILEDEF(.AREA.,$,#1882);
#1884=IFCCARTESIANPOINT((-0.025000002235174179,0.05000000074505806,0.));
#1885=IFCDIRECTION((0.,-1.,0.));
#1886=IFCDIRECTION((1.,0.,0.));
#1887=IFCAXIS2PLACEMENT3D(#1884,#1885,#1886);
#1888=IFCDIRECTION((0.,0.,-1.));
#1889=IFCEXTRUDEDAREASOLID(#1883,#1887,#1888,0.004999999888241291);
#1890=IFCCARTESIANPOINTLIST2D(((0.,0.),(0.89999998733401299,0.),(0.89999998733401299,0.035000000149011612),(0.,0.035000000149011612)));
#1891=IFCINDEXEDPOLYCURVE(#1890,(IFCLINEINDEX((1,2,3,4,1))),$);
#1892=IFCARBITRARYCLOSEDPROFILEDEF(.AREA.,$,#1891);
#1893=IFCCARTESIANPOINT((0.02500000037252903,0.02500000037252903,0.02500000037252903));
#1894=IFCDIRECTION((0.,0.,1.));
#1895=IFCDIRECTION((1.,0.,0.));
#1896=IFCAXIS2PLACEMENT3D(#1893,#1894,#1895);
#1897=IFCDIRECTION((0.,0.,1.));
#1898=IFCEXTRUDEDAREASOLID(#1892,#1896,#1897,1.9499999992549419);
#1899=IFCCARTESIANPOINTLIST2D(((0.,0.),(0.,-0.040000000000000001),(0.12,-0.040000000000000001),(0.12,-0.02),(0.02,-0.02),(0.02,0.)));
#1900=IFCINDEXEDPOLYCURVE(#1899,(IFCLINEINDEX((1,2,3,4,5,6,1))),$);
#1901=IFCARBITRARYCLOSEDPROFILEDEF(.AREA.,$,#1900);
#1902=IFCCARTESIANPOINT((0.075000000372529033,0.02500000037252903,1.015000000372529));
#1903=IFCDIRECTION((0.,0.,1.));
#1904=IFCDIRECTION((1.,0.,0.));
#1905=IFCAXIS2PLACEMENT3D(#1902,#1903,#1904);
#1906=IFCDIRECTION((0.,0.,1.));
#1907=IFCEXTRUDEDAREASOLID(#1901,#1905,#1906,0.02);
#1908=IFCEXTRUDEDAREASOLID(#1909,#1912,#1916,0.02);
#1909=IFCARBITRARYCLOSEDPROFILEDEF(.AREA.,$,#1910);
#1910=IFCINDEXEDPOLYCURVE(#1911,(IFCLINEINDEX((1,2,3,4,5,6,1))),$);
#1911=IFCCARTESIANPOINTLIST2D(((0.,0.),(0.,0.040000000000000008),(0.11999999999999998,0.040000000000000008),(0.11999999999999998,0.020000000000000004),(0.020000000000000004,0.020000000000000004),(0.020000000000000004,0.)));
#1912=IFCAXIS2PLACEMENT3D(#1913,#1914,#1915);
#1913=IFCCARTESIANPOINT((0.075000000372529033,0.060000000521540642,1.015000000372529));
#1914=IFCDIRECTION((0.,0.,1.));
#1915=IFCDIRECTION((1.,0.,0.));
#1916=IFCDIRECTION((0.,0.,1.));
#1917=IFCSHAPEREPRESENTATION(#11,'Body','SweptSolid',(#1853,#1862,#1898,#1907,#1908,#1871,#1880,#1889));
#1918=IFCSHAPEREPRESENTATION(#11,'Body','SweptSolid',(#1853,#1862,#1871,#1880,#1889));
#1919=IFCSHAPEASPECT((#1918),'Lining',$,.T.,#1771);
#1920=IFCSHAPEREPRESENTATION(#11,'Body','SweptSolid',(#1898,#1907,#1908));
#1921=IFCSHAPEASPECT((#1920),'Framing',$,.T.,#1771);
#1922=IFCCARTESIANPOINTLIST2D(((0.,0.),(0.,0.05000000074505806),(0.02500000037252903,0.05000000074505806),(0.02500000037252903,0.02500000037252903),(0.05000000074505806,0.02500000037252903),(0.05000000074505806,0.)));
#1923=IFCINDEXEDPOLYCURVE(#1922,(IFCLINEINDEX((1,2,3,4,5,6,1))),$);
#1924=IFCINDEXEDPOLYCURVE(#1925,(IFCLINEINDEX((1,2,3,4,5,6,1))),$);
#1925=IFCCARTESIANPOINTLIST2D(((0.94999998807907104,0.),(0.94999998807907104,0.05000000074505806),(0.92499998770654202,0.05000000074505806),(0.92499998770654202,0.02500000037252903),(0.89999998733401299,0.02500000037252903),(0.89999998733401299,0.)));
#1926=IFCDIRECTION((1.,0.));
#1927=IFCCARTESIANPOINT((0.8899999875575304,0.05000000074505806));
#1928=IFCAXIS2PLACEMENT2D(#1927,#1926);
#1929=IFCELLIPSE(#1928,0.86499998718500137,0.89999998733401299);
#1930=IFCCARTESIANPOINT((0.8899999875575304,0.94999998807907104));
#1931=IFCCARTESIANPOINT((0.02500000037252903,0.05000000074505806));
#1932=IFCTRIMMEDCURVE(#1929,(#1930),(#1931),.T.,.CARTESIAN.);
#1933=IFCCARTESIANPOINTLIST2D(((0.92499998770654202,0.05000000074505806),(0.8899999875575304,0.05000000074505806),(0.8899999875575304,0.94999998807907104),(0.92499998770654202,0.94999998807907104)));
#1934=IFCINDEXEDPOLYCURVE(#1933,(IFCLINEINDEX((1,2,3,4,1))),$);
#1935=IFCSHAPEREPRESENTATION(#24,'Body','Curve2D',(#1923,#1924,#1932,#1934));
#1936=IFCCARTESIANPOINTLIST2D(((0.,0.),(0.94999998807907104,0.),(0.94999998807907104,2.),(0.,2.)));
#1937=IFCINDEXEDPOLYCURVE(#1936,(IFCLINEINDEX((1,2,3,4,1))),$);
#1938=IFCARBITRARYCLOSEDPROFILEDEF(.AREA.,$,#1937);
#1939=IFCCARTESIANPOINT((0.,-0.60000002384185791,0.));
#1940=IFCDIRECTION((0.,-1.,0.));
#1941=IFCDIRECTION((1.,0.,0.));
#1942=IFCAXIS2PLACEMENT3D(#1939,#1940,#1941);
#1943=IFCDIRECTION((0.,0.,-1.));
#1944=IFCEXTRUDEDAREASOLID(#1938,#1942,#1943,1.2);
#1945=IFCSHAPEREPRESENTATION(#11,'Body','SweptSolid',(#1944));
#1951=IFCCARTESIANPOINT((1.4549180417234335,2.043629149239834E-08,0.));
#1952=IFCDIRECTION((0.,0.,1.));
#1953=IFCDIRECTION((0.99999999999997147,-2.384185719961227E-07,0.));
#1954=IFCAXIS2PLACEMENT3D(#1951,#1952,#1953);
#1955=IFCLOCALPLACEMENT(#631,#1954);
#1956=IFCCARTESIANPOINT((0.,0.,0.));
#1957=IFCDIRECTION((0.,0.,1.));
#1958=IFCDIRECTION((1.,5.2939559203393771E-23,0.));
#1959=IFCAXIS2PLACEMENT3D(#1956,#1957,#1958);
#1960=IFCLOCALPLACEMENT(#1955,#1959);
#1961=IFCDOORTYPE('28yBFUyZjB3AJ4t0YEXg6Q',$,'Bathroom-GF',$,$,(#1962),(#1964,#1972,#2050),$,$,.DOOR.,.SINGLE_SWING_LEFT.,$,$);
#1962=IFCPROPERTYSET('3XRaYVo0H5qP0RQRtumRd$',$,'BBIM_Door',$,(#1963));
#1963=IFCPROPERTYSINGLEVALUE('Data',$,IFCTEXT('{"door_type": "SINGLE_SWING_LEFT", "overall_height": 2.0, "overall_width": 0.6785981059074402, "lining_properties": {"lining_depth": 0.05000000074505806, "lining_thickness": 0.05000000074505806, "lining_offset": 0.0, "lining_to_panel_offset_x": 0.02500000037252903, "lining_to_panel_offset_y": 0.02500000037252903, "transom_thickness": 0.0, "casing_thickness": 0.07500000298023224, "casing_depth": 0.004999999888241291, "threshold_thickness": 0.02500000037252903, "threshold_depth": 0.10000000149011612, "threshold_offset": 0.0}, "panel_properties": {"panel_depth": 0.03500000014901161, "panel_width_ratio": 1.0}}'),$);
#1964=IFCREPRESENTATIONMAP(#1965,#2500);
#1965=IFCAXIS2PLACEMENT3D(#1966,#1967,#1968);
#1966=IFCCARTESIANPOINT((0.,0.,0.));
#1967=IFCDIRECTION((0.,0.,1.));
#1968=IFCDIRECTION((1.,0.,0.));
#1972=IFCREPRESENTATIONMAP(#1973,#2573);
#1973=IFCAXIS2PLACEMENT3D(#1974,#1975,#1976);
#1974=IFCCARTESIANPOINT((0.,0.,0.));
#1975=IFCDIRECTION((0.,0.,1.));
#1976=IFCDIRECTION((1.,0.,0.));
#2050=IFCREPRESENTATIONMAP(#2051,#2587);
#2051=IFCAXIS2PLACEMENT3D(#2052,#2053,#2054);
#2052=IFCCARTESIANPOINT((0.,0.,0.));
#2053=IFCDIRECTION((0.,0.,1.));
#2054=IFCDIRECTION((1.,0.,0.));
#2199=IFCDOOR('32XoawCIrBtOWmR9fvG4jN',$,'Door',$,$,#2612,#2208,$,2.,0.67859810590744019,$,.SINGLE_SWING_LEFT.,$);
#2200=IFCRELDEFINESBYTYPE('351pkGaEvA49sHfiuN_3gH',$,$,$,(#2199),#1961);
#2201=IFCCARTESIANPOINT((0.,0.,0.));
#2202=IFCDIRECTION((1.,0.,0.));
#2203=IFCDIRECTION((0.,1.,0.));
#2204=IFCDIRECTION((0.,0.,1.));
#2205=IFCCARTESIANTRANSFORMATIONOPERATOR3D(#2202,#2203,#2201,1.,#2204);
#2206=IFCMAPPEDITEM(#1964,#2205);
#2207=IFCSHAPEREPRESENTATION(#18,'Profile','MappedRepresentation',(#2206));
#2208=IFCPRODUCTDEFINITIONSHAPE($,$,(#2207,#2215,#2222));
#2209=IFCCARTESIANPOINT((0.,0.,0.));
#2210=IFCDIRECTION((1.,0.,0.));
#2211=IFCDIRECTION((0.,1.,0.));
#2212=IFCDIRECTION((0.,0.,1.));
#2213=IFCCARTESIANTRANSFORMATIONOPERATOR3D(#2210,#2211,#2209,1.,#2212);
#2214=IFCMAPPEDITEM(#1972,#2213);
#2215=IFCSHAPEREPRESENTATION(#11,'Body','MappedRepresentation',(#2214));
#2216=IFCCARTESIANPOINT((0.,0.,0.));
#2217=IFCDIRECTION((1.,0.,0.));
#2218=IFCDIRECTION((0.,1.,0.));
#2219=IFCDIRECTION((0.,0.,1.));
#2220=IFCCARTESIANTRANSFORMATIONOPERATOR3D(#2217,#2218,#2216,1.,#2219);
#2221=IFCMAPPEDITEM(#2050,#2220);
#2222=IFCSHAPEREPRESENTATION(#24,'Body','MappedRepresentation',(#2221));
#2223=IFCOPENINGELEMENT('07IoST7uT2gBy3Dz9yZcQm',$,'Opening',$,$,#2607,#2251,$,.OPENING.);
#2239=IFCCARTESIANPOINT((0.,0.,0.));
#2240=IFCDIRECTION((1.,0.,0.));
#2241=IFCDIRECTION((0.,0.,1.));
#2242=IFCAXIS2PLACEMENT3D(#2239,#2241,#2240);
#2243=IFCREPRESENTATIONMAP(#2242,#2597);
#2244=IFCCARTESIANPOINT((0.,0.,0.));
#2245=IFCDIRECTION((1.,0.,0.));
#2246=IFCDIRECTION((0.,1.,0.));
#2247=IFCDIRECTION((0.,0.,1.));
#2248=IFCCARTESIANTRANSFORMATIONOPERATOR3D(#2245,#2246,#2244,1.,#2247);
#2249=IFCMAPPEDITEM(#2243,#2248);
#2250=IFCSHAPEREPRESENTATION(#11,'Body','MappedRepresentation',(#2249));
#2251=IFCPRODUCTDEFINITIONSHAPE($,$,(#2250));
#2252=IFCRELVOIDSELEMENT('2gRzYQ3XX3s9oKzf0SZoUI',$,$,$,#750,#2223);
#2258=IFCRELFILLSELEMENT('0SIIaXKnzCVQboySEHsdmO',$,$,$,#2223,#2199);
#2267=IFCCARTESIANPOINTLIST2D(((0.,0.),(0.,2.),(0.80386108160018921,2.),(0.80386108160018921,0.),(0.77886108122766018,0.),(0.77886108122766018,1.974999999627471),(0.02500000037252903,1.974999999627471),(0.02500000037252903,0.)));
#2268=IFCINDEXEDPOLYCURVE(#2267,(IFCLINEINDEX((1,2,3,4,5,6,7,8,1))),$);
#2269=IFCARBITRARYCLOSEDPROFILEDEF(.AREA.,$,#2268);
#2270=IFCCARTESIANPOINT((0.,0.02500000037252903,0.));
#2271=IFCDIRECTION((0.,-1.,0.));
#2272=IFCDIRECTION((1.,0.,0.));
#2273=IFCAXIS2PLACEMENT3D(#2270,#2271,#2272);
#2274=IFCDIRECTION((0.,0.,-1.));
#2275=IFCEXTRUDEDAREASOLID(#2269,#2273,#2274,0.02500000037252903);
#2276=IFCCARTESIANPOINTLIST2D(((0.,0.),(0.,2.),(0.80386108160018921,2.),(0.80386108160018921,0.),(0.75386108085513115,0.),(0.75386108085513115,1.9499999992549419),(0.05000000074505806,1.9499999992549419),(0.05000000074505806,0.)));
#2277=IFCINDEXEDPOLYCURVE(#2276,(IFCLINEINDEX((1,2,3,4,5,6,7,8,1))),$);
#2278=IFCARBITRARYCLOSEDPROFILEDEF(.AREA.,$,#2277);
#2279=IFCCARTESIANPOINT((0.,0.,0.));
#2280=IFCDIRECTION((0.,-1.,0.));
#2281=IFCDIRECTION((1.,0.,0.));
#2282=IFCAXIS2PLACEMENT3D(#2279,#2280,#2281);
#2283=IFCDIRECTION((0.,0.,-1.));
#2284=IFCEXTRUDEDAREASOLID(#2278,#2282,#2283,0.02500000037252903);
#2285=IFCCARTESIANPOINTLIST2D(((0.,0.),(0.70386108011007309,0.),(0.70386108011007309,0.10000000149011612),(0.,0.10000000149011612)));
#2286=IFCINDEXEDPOLYCURVE(#2285,(IFCLINEINDEX((1,2,3,4,1))),$);
#2287=IFCARBITRARYCLOSEDPROFILEDEF(.AREA.,$,#2286);
#2288=IFCCARTESIANPOINT((0.05000000074505806,0.,0.));
#2289=IFCDIRECTION((0.,0.,1.));
#2290=IFCDIRECTION((1.,0.,0.));
#2291=IFCAXIS2PLACEMENT3D(#2288,#2289,#2290);
#2292=IFCDIRECTION((0.,0.,1.));
#2293=IFCEXTRUDEDAREASOLID(#2287,#2291,#2292,0.02500000037252903);
#2294=IFCCARTESIANPOINTLIST2D(((0.,0.),(0.,2.0250000022351742),(0.85386108607053757,2.0250000022351742),(0.85386108607053757,0.),(0.77886108309030533,0.),(0.77886108309030533,1.9499999992549419),(0.075000002980232239,1.9499999992549419),(0.075000002980232239,0.)));
#2295=IFCINDEXEDPOLYCURVE(#2294,(IFCLINEINDEX((1,2,3,4,5,6,7,8,1))),$);
#2296=IFCARBITRARYCLOSEDPROFILEDEF(.AREA.,$,#2295);
#2297=IFCCARTESIANPOINT((-0.025000002235174179,-0.004999999888241291,0.));
#2298=IFCDIRECTION((0.,-1.,0.));
#2299=IFCDIRECTION((1.,0.,0.));
#2300=IFCAXIS2PLACEMENT3D(#2297,#2298,#2299);
#2301=IFCDIRECTION((0.,0.,-1.));
#2302=IFCEXTRUDEDAREASOLID(#2296,#2300,#2301,0.004999999888241291);
#2303=IFCCARTESIANPOINTLIST2D(((0.,0.),(0.,2.0250000022351742),(0.85386108607053757,2.0250000022351742),(0.85386108607053757,0.),(0.80386108346283436,0.),(0.80386108346283436,1.974999999627471),(0.050000002607703209,1.974999999627471),(0.050000002607703209,0.)));
#2304=IFCINDEXEDPOLYCURVE(#2303,(IFCLINEINDEX((1,2,3,4,5,6,7,8,1))),$);
#2305=IFCARBITRARYCLOSEDPROFILEDEF(.AREA.,$,#2304);
#2306=IFCCARTESIANPOINT((-0.025000002235174179,0.05000000074505806,0.));
#2307=IFCDIRECTION((0.,-1.,0.));
#2308=IFCDIRECTION((1.,0.,0.));
#2309=IFCAXIS2PLACEMENT3D(#2306,#2307,#2308);
#2310=IFCDIRECTION((0.,0.,-1.));
#2311=IFCEXTRUDEDAREASOLID(#2305,#2309,#2310,0.004999999888241291);
#2312=IFCCARTESIANPOINTLIST2D(((0.,0.),(0.75386108085513115,0.),(0.75386108085513115,0.035000000149011612),(0.,0.035000000149011612)));
#2313=IFCINDEXEDPOLYCURVE(#2312,(IFCLINEINDEX((1,2,3,4,1))),$);
#2314=IFCARBITRARYCLOSEDPROFILEDEF(.AREA.,$,#2313);
#2315=IFCCARTESIANPOINT((0.02500000037252903,0.02500000037252903,0.02500000037252903));
#2316=IFCDIRECTION((0.,0.,1.));
#2317=IFCDIRECTION((1.,0.,0.));
#2318=IFCAXIS2PLACEMENT3D(#2315,#2316,#2317);
#2319=IFCDIRECTION((0.,0.,1.));
#2320=IFCEXTRUDEDAREASOLID(#2314,#2318,#2319,1.9499999992549419);
#2321=IFCCARTESIANPOINTLIST2D(((0.,0.),(0.,-0.040000000000000001),(0.12,-0.040000000000000001),(0.12,-0.02),(0.02,-0.02),(0.02,0.)));
#2322=IFCINDEXEDPOLYCURVE(#2321,(IFCLINEINDEX((1,2,3,4,5,6,1))),$);
#2323=IFCARBITRARYCLOSEDPROFILEDEF(.AREA.,$,#2322);
#2324=IFCCARTESIANPOINT((0.075000000372529033,0.02500000037252903,1.015000000372529));
#2325=IFCDIRECTION((0.,0.,1.));
#2326=IFCDIRECTION((1.,0.,0.));
#2327=IFCAXIS2PLACEMENT3D(#2324,#2325,#2326);
#2328=IFCDIRECTION((0.,0.,1.));
#2329=IFCEXTRUDEDAREASOLID(#2323,#2327,#2328,0.02);
#2330=IFCEXTRUDEDAREASOLID(#2331,#2334,#2338,0.02);
#2331=IFCARBITRARYCLOSEDPROFILEDEF(.AREA.,$,#2332);
#2332=IFCINDEXEDPOLYCURVE(#2333,(IFCLINEINDEX((1,2,3,4,5,6,1))),$);
#2333=IFCCARTESIANPOINTLIST2D(((0.,0.),(0.,0.040000000000000008),(0.11999999999999998,0.040000000000000008),(0.11999999999999998,0.020000000000000004),(0.020000000000000004,0.020000000000000004),(0.020000000000000004,0.)));
#2334=IFCAXIS2PLACEMENT3D(#2335,#2336,#2337);
#2335=IFCCARTESIANPOINT((0.075000000372529033,0.060000000521540642,1.015000000372529));
#2336=IFCDIRECTION((0.,0.,1.));
#2337=IFCDIRECTION((1.,0.,0.));
#2338=IFCDIRECTION((0.,0.,1.));
#2340=IFCSHAPEREPRESENTATION(#11,'Body','SweptSolid',(#2293,#2394,#2302,#2421,#2311,#2284,#2412,#2536,#2509,#2275,#2545,#2527,#2430,#2403,#2518));
#2341=IFCSHAPEASPECT((#2340),'Lining',$,.T.,#2208);
#2342=IFCSHAPEREPRESENTATION(#11,'Body','SweptSolid',(#2448,#2329,#2449,#2563,#2564,#2320,#2554,#2439,#2330));
#2343=IFCSHAPEASPECT((#2342),'Framing',$,.T.,#2208);
#2386=IFCCARTESIANPOINTLIST2D(((0.,0.),(0.,2.),(0.67859810590744019,2.),(0.67859810590744019,0.),(0.65359810553491116,0.),(0.65359810553491116,1.974999999627471),(0.02500000037252903,1.974999999627471),(0.02500000037252903,0.)));
#2387=IFCINDEXEDPOLYCURVE(#2386,(IFCLINEINDEX((1,2,3,4,5,6,7,8,1))),$);
#2388=IFCARBITRARYCLOSEDPROFILEDEF(.AREA.,$,#2387);
#2389=IFCCARTESIANPOINT((0.,0.02500000037252903,0.));
#2390=IFCDIRECTION((0.,-1.,0.));
#2391=IFCDIRECTION((1.,0.,0.));
#2392=IFCAXIS2PLACEMENT3D(#2389,#2390,#2391);
#2393=IFCDIRECTION((0.,0.,-1.));
#2394=IFCEXTRUDEDAREASOLID(#2388,#2392,#2393,0.02500000037252903);
#2395=IFCCARTESIANPOINTLIST2D(((0.,0.),(0.,2.),(0.67859810590744019,2.),(0.67859810590744019,0.),(0.62859810516238213,0.),(0.62859810516238213,1.9499999992549419),(0.05000000074505806,1.9499999992549419),(0.05000000074505806,0.)));
#2396=IFCINDEXEDPOLYCURVE(#2395,(IFCLINEINDEX((1,2,3,4,5,6,7,8,1))),$);
#2397=IFCARBITRARYCLOSEDPROFILEDEF(.AREA.,$,#2396);
#2398=IFCCARTESIANPOINT((0.,0.,0.));
#2399=IFCDIRECTION((0.,-1.,0.));
#2400=IFCDIRECTION((1.,0.,0.));
#2401=IFCAXIS2PLACEMENT3D(#2398,#2399,#2400);
#2402=IFCDIRECTION((0.,0.,-1.));
#2403=IFCEXTRUDEDAREASOLID(#2397,#2401,#2402,0.02500000037252903);
#2404=IFCCARTESIANPOINTLIST2D(((0.,0.),(0.57859810441732407,0.),(0.57859810441732407,0.10000000149011612),(0.,0.10000000149011612)));
#2405=IFCINDEXEDPOLYCURVE(#2404,(IFCLINEINDEX((1,2,3,4,1))),$);
#2406=IFCARBITRARYCLOSEDPROFILEDEF(.AREA.,$,#2405);
#2407=IFCCARTESIANPOINT((0.05000000074505806,0.,0.));
#2408=IFCDIRECTION((0.,0.,1.));
#2409=IFCDIRECTION((1.,0.,0.));
#2410=IFCAXIS2PLACEMENT3D(#2407,#2408,#2409);
#2411=IFCDIRECTION((0.,0.,1.));
#2412=IFCEXTRUDEDAREASOLID(#2406,#2410,#2411,0.02500000037252903);
#2413=IFCCARTESIANPOINTLIST2D(((0.,0.),(0.,2.0250000022351742),(0.72859811037778854,2.0250000022351742),(0.72859811037778854,0.),(0.6535981073975563,0.),(0.6535981073975563,1.9499999992549419),(0.075000002980232239,1.9499999992549419),(0.075000002980232239,0.)));
#2414=IFCINDEXEDPOLYCURVE(#2413,(IFCLINEINDEX((1,2,3,4,5,6,7,8,1))),$);
#2415=IFCARBITRARYCLOSEDPROFILEDEF(.AREA.,$,#2414);
#2416=IFCCARTESIANPOINT((-0.025000002235174179,-0.004999999888241291,0.));
#2417=IFCDIRECTION((0.,-1.,0.));
#2418=IFCDIRECTION((1.,0.,0.));
#2419=IFCAXIS2PLACEMENT3D(#2416,#2417,#2418);
#2420=IFCDIRECTION((0.,0.,-1.));
#2421=IFCEXTRUDEDAREASOLID(#2415,#2419,#2420,0.004999999888241291);
#2422=IFCCARTESIANPOINTLIST2D(((0.,0.),(0.,2.0250000022351742),(0.72859811037778854,2.0250000022351742),(0.72859811037778854,0.),(0.67859810777008533,0.),(0.67859810777008533,1.974999999627471),(0.050000002607703209,1.974999999627471),(0.050000002607703209,0.)));
#2423=IFCINDEXEDPOLYCURVE(#2422,(IFCLINEINDEX((1,2,3,4,5,6,7,8,1))),$);
#2424=IFCARBITRARYCLOSEDPROFILEDEF(.AREA.,$,#2423);
#2425=IFCCARTESIANPOINT((-0.025000002235174179,0.05000000074505806,0.));
#2426=IFCDIRECTION((0.,-1.,0.));
#2427=IFCDIRECTION((1.,0.,0.));
#2428=IFCAXIS2PLACEMENT3D(#2425,#2426,#2427);
#2429=IFCDIRECTION((0.,0.,-1.));
#2430=IFCEXTRUDEDAREASOLID(#2424,#2428,#2429,0.004999999888241291);
#2431=IFCCARTESIANPOINTLIST2D(((0.,0.),(0.62859810516238213,0.),(0.62859810516238213,0.035000000149011612),(0.,0.035000000149011612)));
#2432=IFCINDEXEDPOLYCURVE(#2431,(IFCLINEINDEX((1,2,3,4,1))),$);
#2433=IFCARBITRARYCLOSEDPROFILEDEF(.AREA.,$,#2432);
#2434=IFCCARTESIANPOINT((0.02500000037252903,0.02500000037252903,0.02500000037252903));
#2435=IFCDIRECTION((0.,0.,1.));
#2436=IFCDIRECTION((1.,0.,0.));
#2437=IFCAXIS2PLACEMENT3D(#2434,#2435,#2436);
#2438=IFCDIRECTION((0.,0.,1.));
#2439=IFCEXTRUDEDAREASOLID(#2433,#2437,#2438,1.9499999992549419);
#2440=IFCCARTESIANPOINTLIST2D(((0.,0.),(0.,-0.040000000000000001),(0.12,-0.040000000000000001),(0.12,-0.02),(0.02,-0.02),(0.02,0.)));
#2441=IFCINDEXEDPOLYCURVE(#2440,(IFCLINEINDEX((1,2,3,4,5,6,1))),$);
#2442=IFCARBITRARYCLOSEDPROFILEDEF(.AREA.,$,#2441);
#2443=IFCCARTESIANPOINT((0.075000000372529033,0.02500000037252903,1.015000000372529));
#2444=IFCDIRECTION((0.,0.,1.));
#2445=IFCDIRECTION((1.,0.,0.));
#2446=IFCAXIS2PLACEMENT3D(#2443,#2444,#2445);
#2447=IFCDIRECTION((0.,0.,1.));
#2448=IFCEXTRUDEDAREASOLID(#2442,#2446,#2447,0.02);
#2449=IFCEXTRUDEDAREASOLID(#2450,#2453,#2457,0.02);
#2450=IFCARBITRARYCLOSEDPROFILEDEF(.AREA.,$,#2451);
#2451=IFCINDEXEDPOLYCURVE(#2452,(IFCLINEINDEX((1,2,3,4,5,6,1))),$);
#2452=IFCCARTESIANPOINTLIST2D(((0.,0.),(0.,0.040000000000000008),(0.11999999999999998,0.040000000000000008),(0.11999999999999998,0.020000000000000004),(0.020000000000000004,0.020000000000000004),(0.020000000000000004,0.)));
#2453=IFCAXIS2PLACEMENT3D(#2454,#2455,#2456);
#2454=IFCCARTESIANPOINT((0.075000000372529033,0.060000000521540642,1.015000000372529));
#2455=IFCDIRECTION((0.,0.,1.));
#2456=IFCDIRECTION((1.,0.,0.));
#2457=IFCDIRECTION((0.,0.,1.));
#2498=IFCCARTESIANPOINTLIST3D(((0.,0.,0.),(0.67859810590744019,0.,0.),(0.67859810590744019,0.,2.),(0.,0.,2.)));
#2499=IFCINDEXEDPOLYCURVE(#2498,(IFCLINEINDEX((1,2,3,4,1))),$);
#2500=IFCSHAPEREPRESENTATION(#18,'Profile','Curve3D',(#2499));
#2501=IFCCARTESIANPOINTLIST2D(((0.,0.),(0.,2.),(0.67859810590744019,2.),(0.67859810590744019,0.),(0.65359810553491116,0.),(0.65359810553491116,1.974999999627471),(0.02500000037252903,1.974999999627471),(0.02500000037252903,0.)));
#2502=IFCINDEXEDPOLYCURVE(#2501,(IFCLINEINDEX((1,2,3,4,5,6,7,8,1))),$);
#2503=IFCARBITRARYCLOSEDPROFILEDEF(.AREA.,$,#2502);
#2504=IFCCARTESIANPOINT((0.,0.02500000037252903,0.));
#2505=IFCDIRECTION((0.,-1.,0.));
#2506=IFCDIRECTION((1.,0.,0.));
#2507=IFCAXIS2PLACEMENT3D(#2504,#2505,#2506);
#2508=IFCDIRECTION((0.,0.,-1.));
#2509=IFCEXTRUDEDAREASOLID(#2503,#2507,#2508,0.02500000037252903);
#2510=IFCCARTESIANPOINTLIST2D(((0.,0.),(0.,2.),(0.67859810590744019,2.),(0.67859810590744019,0.),(0.62859810516238213,0.),(0.62859810516238213,1.9499999992549419),(0.05000000074505806,1.9499999992549419),(0.05000000074505806,0.)));
#2511=IFCINDEXEDPOLYCURVE(#2510,(IFCLINEINDEX((1,2,3,4,5,6,7,8,1))),$);
#2512=IFCARBITRARYCLOSEDPROFILEDEF(.AREA.,$,#2511);
#2513=IFCCARTESIANPOINT((0.,0.,0.));
#2514=IFCDIRECTION((0.,-1.,0.));
#2515=IFCDIRECTION((1.,0.,0.));
#2516=IFCAXIS2PLACEMENT3D(#2513,#2514,#2515);
#2517=IFCDIRECTION((0.,0.,-1.));
#2518=IFCEXTRUDEDAREASOLID(#2512,#2516,#2517,0.02500000037252903);
#2519=IFCCARTESIANPOINTLIST2D(((0.,0.),(0.57859810441732407,0.),(0.57859810441732407,0.10000000149011612),(0.,0.10000000149011612)));
#2520=IFCINDEXEDPOLYCURVE(#2519,(IFCLINEINDEX((1,2,3,4,1))),$);
#2521=IFCARBITRARYCLOSEDPROFILEDEF(.AREA.,$,#2520);
#2522=IFCCARTESIANPOINT((0.05000000074505806,0.,0.));
#2523=IFCDIRECTION((0.,0.,1.));
#2524=IFCDIRECTION((1.,0.,0.));
#2525=IFCAXIS2PLACEMENT3D(#2522,#2523,#2524);
#2526=IFCDIRECTION((0.,0.,1.));
#2527=IFCEXTRUDEDAREASOLID(#2521,#2525,#2526,0.02500000037252903);
#2528=IFCCARTESIANPOINTLIST2D(((0.,0.),(0.,2.0250000022351742),(0.72859811037778854,2.0250000022351742),(0.72859811037778854,0.),(0.6535981073975563,0.),(0.6535981073975563,1.9499999992549419),(0.075000002980232239,1.9499999992549419),(0.075000002980232239,0.)));
#2529=IFCINDEXEDPOLYCURVE(#2528,(IFCLINEINDEX((1,2,3,4,5,6,7,8,1))),$);
#2530=IFCARBITRARYCLOSEDPROFILEDEF(.AREA.,$,#2529);
#2531=IFCCARTESIANPOINT((-0.025000002235174179,-0.004999999888241291,0.));
#2532=IFCDIRECTION((0.,-1.,0.));
#2533=IFCDIRECTION((1.,0.,0.));
#2534=IFCAXIS2PLACEMENT3D(#2531,#2532,#2533);
#2535=IFCDIRECTION((0.,0.,-1.));
#2536=IFCEXTRUDEDAREASOLID(#2530,#2534,#2535,0.004999999888241291);
#2537=IFCCARTESIANPOINTLIST2D(((0.,0.),(0.,2.0250000022351742),(0.72859811037778854,2.0250000022351742),(0.72859811037778854,0.),(0.67859810777008533,0.),(0.67859810777008533,1.974999999627471),(0.050000002607703209,1.974999999627471),(0.050000002607703209,0.)));
#2538=IFCINDEXEDPOLYCURVE(#2537,(IFCLINEINDEX((1,2,3,4,5,6,7,8,1))),$);
#2539=IFCARBITRARYCLOSEDPROFILEDEF(.AREA.,$,#2538);
#2540=IFCCARTESIANPOINT((-0.025000002235174179,0.05000000074505806,0.));
#2541=IFCDIRECTION((0.,-1.,0.));
#2542=IFCDIRECTION((1.,0.,0.));
#2543=IFCAXIS2PLACEMENT3D(#2540,#2541,#2542);
#2544=IFCDIRECTION((0.,0.,-1.));
#2545=IFCEXTRUDEDAREASOLID(#2539,#2543,#2544,0.004999999888241291);
#2546=IFCCARTESIANPOINTLIST2D(((0.,0.),(0.62859810516238213,0.),(0.62859810516238213,0.035000000149011612),(0.,0.035000000149011612)));
#2547=IFCINDEXEDPOLYCURVE(#2546,(IFCLINEINDEX((1,2,3,4,1))),$);
#2548=IFCARBITRARYCLOSEDPROFILEDEF(.AREA.,$,#2547);
#2549=IFCCARTESIANPOINT((0.02500000037252903,0.02500000037252903,0.02500000037252903));
#2550=IFCDIRECTION((0.,0.,1.));
#2551=IFCDIRECTION((1.,0.,0.));
#2552=IFCAXIS2PLACEMENT3D(#2549,#2550,#2551);
#2553=IFCDIRECTION((0.,0.,1.));
#2554=IFCEXTRUDEDAREASOLID(#2548,#2552,#2553,1.9499999992549419);
#2555=IFCCARTESIANPOINTLIST2D(((0.,0.),(0.,-0.040000000000000001),(-0.11999999999999994,-0.040000000000000001),(-0.11999999999999994,-0.02),(-0.020000000000000018,-0.02),(-0.020000000000000018,0.)));
#2556=IFCINDEXEDPOLYCURVE(#2555,(IFCLINEINDEX((1,2,3,4,5,6,1))),$);
#2557=IFCARBITRARYCLOSEDPROFILEDEF(.AREA.,$,#2556);
#2558=IFCCARTESIANPOINT((0.60359810553491111,0.02500000037252903,1.015000000372529));
#2559=IFCDIRECTION((0.,0.,1.));
#2560=IFCDIRECTION((1.,0.,0.));
#2561=IFCAXIS2PLACEMENT3D(#2558,#2559,#2560);
#2562=IFCDIRECTION((0.,0.,1.));
#2563=IFCEXTRUDEDAREASOLID(#2557,#2561,#2562,0.02);
#2564=IFCEXTRUDEDAREASOLID(#2565,#2568,#2572,0.02);
#2565=IFCARBITRARYCLOSEDPROFILEDEF(.AREA.,$,#2566);
#2566=IFCINDEXEDPOLYCURVE(#2567,(IFCLINEINDEX((1,2,3,4,5,6,1))),$);
#2567=IFCCARTESIANPOINTLIST2D(((0.,0.),(0.,0.040000000000000008),(-0.11999999999999994,0.040000000000000008),(-0.11999999999999994,0.020000000000000004),(-0.020000000000000018,0.020000000000000004),(-0.020000000000000018,0.)));
#2568=IFCAXIS2PLACEMENT3D(#2569,#2570,#2571);
#2569=IFCCARTESIANPOINT((0.60359810553491111,0.060000000521540642,1.015000000372529));
#2570=IFCDIRECTION((0.,0.,1.));
#2571=IFCDIRECTION((1.,0.,0.));
#2572=IFCDIRECTION((0.,0.,1.));
#2573=IFCSHAPEREPRESENTATION(#11,'Body','SweptSolid',(#2509,#2518,#2554,#2563,#2564,#2527,#2536,#2545));
#2574=IFCCARTESIANPOINTLIST2D(((0.,0.),(0.,0.05000000074505806),(0.02500000037252903,0.05000000074505806),(0.02500000037252903,0.02500000037252903),(0.05000000074505806,0.02500000037252903),(0.05000000074505806,0.)));
#2575=IFCINDEXEDPOLYCURVE(#2574,(IFCLINEINDEX((1,2,3,4,5,6,1))),$);
#2576=IFCINDEXEDPOLYCURVE(#2577,(IFCLINEINDEX((1,2,3,4,5,6,1))),$);
#2577=IFCCARTESIANPOINTLIST2D(((0.67859810590744019,0.),(0.67859810590744019,0.05000000074505806),(0.65359810553491116,0.05000000074505806),(0.65359810553491116,0.02500000037252903),(0.62859810516238213,0.02500000037252903),(0.62859810516238213,0.)));
#2578=IFCDIRECTION((1.,0.));
#2579=IFCCARTESIANPOINT((0.060000000521540642,0.05000000074505806));
#2580=IFCAXIS2PLACEMENT2D(#2579,#2578);
#2581=IFCELLIPSE(#2580,0.59359810501337051,0.62859810516238213);
#2582=IFCCARTESIANPOINT((0.65359810553491116,0.05000000074505806));
#2583=IFCCARTESIANPOINT((0.060000000521540642,0.67859810590744019));
#2584=IFCTRIMMEDCURVE(#2581,(#2582),(#2583),.T.,.CARTESIAN.);
#2585=IFCCARTESIANPOINTLIST2D(((0.02500000037252903,0.05000000074505806),(0.060000000521540642,0.05000000074505806),(0.060000000521540642,0.67859810590744019),(0.02500000037252903,0.67859810590744019)));
#2586=IFCINDEXEDPOLYCURVE(#2585,(IFCLINEINDEX((1,2,3,4,1))),$);
#2587=IFCSHAPEREPRESENTATION(#24,'Body','Curve2D',(#2575,#2576,#2584,#2586));
#2588=IFCCARTESIANPOINTLIST2D(((0.,0.),(0.67859810590744019,0.),(0.67859810590744019,2.),(0.,2.)));
#2589=IFCINDEXEDPOLYCURVE(#2588,(IFCLINEINDEX((1,2,3,4,1))),$);
#2590=IFCARBITRARYCLOSEDPROFILEDEF(.AREA.,$,#2589);
#2591=IFCCARTESIANPOINT((0.,-0.60000002384185791,0.));
#2592=IFCDIRECTION((0.,-1.,0.));
#2593=IFCDIRECTION((1.,0.,0.));
#2594=IFCAXIS2PLACEMENT3D(#2591,#2592,#2593);
#2595=IFCDIRECTION((0.,0.,-1.));
#2596=IFCEXTRUDEDAREASOLID(#2590,#2594,#2595,1.2);
#2597=IFCSHAPEREPRESENTATION(#11,'Body','SweptSolid',(#2596));
#2603=IFCCARTESIANPOINT((0.064862248361155395,0.014999879114741654,0.));
#2604=IFCDIRECTION((0.,0.,1.));
#2605=IFCDIRECTION((0.99999999999999289,-1.1920928955077312E-07,0.));
#2606=IFCAXIS2PLACEMENT3D(#2603,#2604,#2605);
#2607=IFCLOCALPLACEMENT(#792,#2606);
#2608=IFCCARTESIANPOINT((0.,0.,0.));
#2609=IFCDIRECTION((0.,0.,1.));
#2610=IFCDIRECTION((1.,0.,0.));
#2611=IFCAXIS2PLACEMENT3D(#2608,#2609,#2610);
#2612=IFCLOCALPLACEMENT(#2607,#2611);
#2613=IFCDOORTYPE('02jzaDXET6fgUPb6ZKSCnv',$,'Maids - GF',$,$,(#2614),(#2616,#2624,#2702,#2903),$,$,.DOOR.,.SINGLE_SWING_LEFT.,$,$);
#2614=IFCPROPERTYSET('3geePTYB1E3hYUbj8WyhOD',$,'BBIM_Door',$,(#2615));
#2615=IFCPROPERTYSINGLEVALUE('Data',$,IFCTEXT('{"door_type": "SLIDING_TO_RIGHT", "overall_height": 2.0, "overall_width": 1.2100720405578613, "lining_properties": {"lining_depth": 0.05000000074505806, "lining_thickness": 0.05000000074505806, "lining_offset": 0.0, "transom_thickness": 0.0, "casing_thickness": 0.07500000298023224, "casing_depth": 0.004999999888241291, "threshold_thickness": 0.02500000037252903, "threshold_depth": 0.10000000149011612, "threshold_offset": 0.0}, "panel_properties": {"panel_depth": 0.03500000014901161, "panel_width_ratio": 1.0}}'),$);
#2616=IFCREPRESENTATIONMAP(#2617,#3042);
#2617=IFCAXIS2PLACEMENT3D(#2618,#2619,#2620);
#2618=IFCCARTESIANPOINT((0.,0.,0.));
#2619=IFCDIRECTION((0.,0.,1.));
#2620=IFCDIRECTION((1.,0.,0.));
#2624=IFCREPRESENTATIONMAP(#2625,#3106);
#2625=IFCAXIS2PLACEMENT3D(#2626,#2627,#2628);
#2626=IFCCARTESIANPOINT((0.,0.,0.));
#2627=IFCDIRECTION((0.,0.,1.));
#2628=IFCDIRECTION((1.,0.,0.));
#2702=IFCREPRESENTATIONMAP(#2703,#3113);
#2703=IFCAXIS2PLACEMENT3D(#2704,#2705,#2706);
#2704=IFCCARTESIANPOINT((0.,0.,0.));
#2705=IFCDIRECTION((0.,0.,1.));
#2706=IFCDIRECTION((1.,0.,0.));
#2721=IFCDOOR('2nkeohls98HB7slVk$dz8W',$,'Door',$,$,#3143,#2730,$,2.,1.2100720405578613,$,.SLIDING_TO_RIGHT.,$);
#2722=IFCRELDEFINESBYTYPE('0M0SSSJKj6_vYW6j6TZ5XX',$,$,$,(#2721),#2613);
#2723=IFCCARTESIANPOINT((0.,0.,0.));
#2724=IFCDIRECTION((1.,0.,0.));
#2725=IFCDIRECTION((0.,1.,0.));
#2726=IFCDIRECTION((0.,0.,1.));
#2727=IFCCARTESIANTRANSFORMATIONOPERATOR3D(#2724,#2725,#2723,1.,#2726);
#2728=IFCMAPPEDITEM(#2616,#2727);
#2729=IFCSHAPEREPRESENTATION(#18,'Profile','MappedRepresentation',(#2728));
#2730=IFCPRODUCTDEFINITIONSHAPE($,$,(#2729,#2737,#2744,#2910));
#2731=IFCCARTESIANPOINT((0.,0.,0.));
#2732=IFCDIRECTION((1.,0.,0.));
#2733=IFCDIRECTION((0.,1.,0.));
#2734=IFCDIRECTION((0.,0.,1.));
#2735=IFCCARTESIANTRANSFORMATIONOPERATOR3D(#2732,#2733,#2731,1.,#2734);
#2736=IFCMAPPEDITEM(#2624,#2735);
#2737=IFCSHAPEREPRESENTATION(#11,'Body','MappedRepresentation',(#2736));
#2738=IFCCARTESIANPOINT((0.,0.,0.));
#2739=IFCDIRECTION((1.,0.,0.));
#2740=IFCDIRECTION((0.,1.,0.));
#2741=IFCDIRECTION((0.,0.,1.));
#2742=IFCCARTESIANTRANSFORMATIONOPERATOR3D(#2739,#2740,#2738,1.,#2741);
#2743=IFCMAPPEDITEM(#2702,#2742);
#2744=IFCSHAPEREPRESENTATION(#24,'Body','MappedRepresentation',(#2743));
#2745=IFCOPENINGELEMENT('1CgjOp65r7nPQuTgE$waBy',$,'Opening',$,$,#3138,#2773,$,.OPENING.);
#2761=IFCCARTESIANPOINT((0.,0.,0.));
#2762=IFCDIRECTION((1.,0.,0.));
#2763=IFCDIRECTION((0.,0.,1.));
#2764=IFCAXIS2PLACEMENT3D(#2761,#2763,#2762);
#2765=IFCREPRESENTATIONMAP(#2764,#3128);
#2766=IFCCARTESIANPOINT((0.,0.,0.));
#2767=IFCDIRECTION((1.,0.,0.));
#2768=IFCDIRECTION((0.,1.,0.));
#2769=IFCDIRECTION((0.,0.,1.));
#2770=IFCCARTESIANTRANSFORMATIONOPERATOR3D(#2767,#2768,#2766,1.,#2769);
#2771=IFCMAPPEDITEM(#2765,#2770);
#2772=IFCSHAPEREPRESENTATION(#11,'Body','MappedRepresentation',(#2771));
#2773=IFCPRODUCTDEFINITIONSHAPE($,$,(#2772));
#2774=IFCRELVOIDSELEMENT('11gkE3DDH1yuhTdbDjlXyU',$,$,$,#845,#2745);
#2780=IFCRELFILLSELEMENT('1$CeIaaWLEY8_SpR8qvnic',$,$,$,#2745,#2721);
#2819=IFCCARTESIANPOINTLIST2D(((0.,0.),(0.,2.),(1.2100720405578613,2.),(1.2100720405578613,0.),(1.1600720398128033,0.),(1.1600720398128033,1.9499999992549419),(0.05000000074505806,1.9499999992549419),(0.05000000074505806,0.)));
#2820=IFCINDEXEDPOLYCURVE(#2819,(IFCLINEINDEX((1,2,3,4,5,6,7,8,1))),$);
#2821=IFCARBITRARYCLOSEDPROFILEDEF(.AREA.,$,#2820);
#2822=IFCCARTESIANPOINT((0.,0.,0.));
#2823=IFCDIRECTION((0.,-1.,0.));
#2824=IFCDIRECTION((1.,0.,0.));
#2825=IFCAXIS2PLACEMENT3D(#2822,#2823,#2824);
#2826=IFCDIRECTION((0.,0.,-1.));
#2827=IFCEXTRUDEDAREASOLID(#2821,#2825,#2826,0.05000000074505806);
#2828=IFCCARTESIANPOINTLIST2D(((0.,0.),(1.1100720390677452,0.),(1.1100720390677452,0.10000000149011612),(0.,0.10000000149011612)));
#2829=IFCINDEXEDPOLYCURVE(#2828,(IFCLINEINDEX((1,2,3,4,1))),$);
#2830=IFCARBITRARYCLOSEDPROFILEDEF(.AREA.,$,#2829);
#2831=IFCCARTESIANPOINT((0.05000000074505806,0.,0.));
#2832=IFCDIRECTION((0.,0.,1.));
#2833=IFCDIRECTION((1.,0.,0.));
#2834=IFCAXIS2PLACEMENT3D(#2831,#2832,#2833);
#2835=IFCDIRECTION((0.,0.,1.));
#2836=IFCEXTRUDEDAREASOLID(#2830,#2834,#2835,0.02500000037252903);
#2837=IFCCARTESIANPOINTLIST2D(((0.,0.),(0.,2.0250000022351742),(1.2600720450282097,2.0250000022351742),(1.2600720450282097,0.),(1.1850720420479774,0.),(1.1850720420479774,1.9499999992549419),(0.075000002980232239,1.9499999992549419),(0.075000002980232239,0.)));
#2838=IFCINDEXEDPOLYCURVE(#2837,(IFCLINEINDEX((1,2,3,4,5,6,7,8,1))),$);
#2839=IFCARBITRARYCLOSEDPROFILEDEF(.AREA.,$,#2838);
#2840=IFCCARTESIANPOINT((-0.025000002235174179,-0.004999999888241291,0.));
#2841=IFCDIRECTION((0.,-1.,0.));
#2842=IFCDIRECTION((1.,0.,0.));
#2843=IFCAXIS2PLACEMENT3D(#2840,#2841,#2842);
#2844=IFCDIRECTION((0.,0.,-1.));
#2845=IFCEXTRUDEDAREASOLID(#2839,#2843,#2844,0.004999999888241291);
#2846=IFCCARTESIANPOINTLIST2D(((0.,0.),(0.,2.0250000022351742),(1.2600720450282097,2.0250000022351742),(1.2600720450282097,0.),(1.1850720420479774,0.),(1.1850720420479774,1.9499999992549419),(0.075000002980232239,1.9499999992549419),(0.075000002980232239,0.)));
#2847=IFCINDEXEDPOLYCURVE(#2846,(IFCLINEINDEX((1,2,3,4,5,6,7,8,1))),$);
#2848=IFCARBITRARYCLOSEDPROFILEDEF(.AREA.,$,#2847);
#2849=IFCCARTESIANPOINT((-0.025000002235174179,0.05000000074505806,0.));
#2850=IFCDIRECTION((0.,-1.,0.));
#2851=IFCDIRECTION((1.,0.,0.));
#2852=IFCAXIS2PLACEMENT3D(#2849,#2850,#2851);
#2853=IFCDIRECTION((0.,0.,-1.));
#2854=IFCEXTRUDEDAREASOLID(#2848,#2852,#2853,0.004999999888241291);
#2855=IFCCARTESIANPOINTLIST2D(((0.,0.),(1.1100720390677452,0.),(1.1100720390677452,0.035000000149011612),(0.,0.035000000149011612)));
#2856=IFCINDEXEDPOLYCURVE(#2855,(IFCLINEINDEX((1,2,3,4,1))),$);
#2857=IFCARBITRARYCLOSEDPROFILEDEF(.AREA.,$,#2856);
#2858=IFCCARTESIANPOINT((0.05000000074505806,-0.035000000149011612,0.02500000037252903));
#2859=IFCDIRECTION((0.,0.,1.));
#2860=IFCDIRECTION((1.,0.,0.));
#2861=IFCAXIS2PLACEMENT3D(#2858,#2859,#2860);
#2862=IFCDIRECTION((0.,0.,1.));
#2863=IFCEXTRUDEDAREASOLID(#2857,#2861,#2862,1.9249999988824129);
#2864=IFCCARTESIANPOINTLIST2D(((0.,0.),(0.,-0.040000000000000001),(0.12,-0.040000000000000001),(0.12,-0.02),(0.02,-0.02),(0.02,0.)));
#2865=IFCINDEXEDPOLYCURVE(#2864,(IFCLINEINDEX((1,2,3,4,5,6,1))),$);
#2866=IFCARBITRARYCLOSEDPROFILEDEF(.AREA.,$,#2865);
#2867=IFCCARTESIANPOINT((0.10000000074505806,-0.035000000149011612,1.015000000372529));
#2868=IFCDIRECTION((0.,0.,1.));
#2869=IFCDIRECTION((1.,0.,0.));
#2870=IFCAXIS2PLACEMENT3D(#2867,#2868,#2869);
#2871=IFCDIRECTION((0.,0.,1.));
#2872=IFCEXTRUDEDAREASOLID(#2866,#2870,#2871,0.02);
#2873=IFCEXTRUDEDAREASOLID(#2874,#2877,#2881,0.02);
#2874=IFCARBITRARYCLOSEDPROFILEDEF(.AREA.,$,#2875);
#2875=IFCINDEXEDPOLYCURVE(#2876,(IFCLINEINDEX((1,2,3,4,5,6,1))),$);
#2876=IFCCARTESIANPOINTLIST2D(((0.,0.),(0.,0.040000000000000008),(0.11999999999999998,0.040000000000000008),(0.11999999999999998,0.020000000000000004),(0.020000000000000004,0.020000000000000004),(0.020000000000000004,0.)));
#2877=IFCAXIS2PLACEMENT3D(#2878,#2879,#2880);
#2878=IFCCARTESIANPOINT((0.10000000074505806,0.,1.015000000372529));
#2879=IFCDIRECTION((0.,0.,1.));
#2880=IFCDIRECTION((1.,0.,0.));
#2881=IFCDIRECTION((0.,0.,1.));
#2883=IFCSHAPEREPRESENTATION(#11,'Body','SweptSolid',(#2836,#3051,#3078,#2854,#2845,#2965,#2827,#3069,#2956,#3060,#2974,#2947));
#2884=IFCSHAPEASPECT((#2883),'Lining',$,.T.,#2730);
#2885=IFCSHAPEREPRESENTATION(#11,'Body','SweptSolid',(#2992,#3096,#2983,#3087,#2993,#3097,#2872,#2873,#2863));
#2886=IFCSHAPEASPECT((#2885),'Framing',$,.T.,#2730);
#2899=IFCCARTESIANPOINT((0.,0.,0.));
#2900=IFCDIRECTION((1.,0.,0.));
#2901=IFCDIRECTION((0.,0.,1.));
#2902=IFCAXIS2PLACEMENT3D(#2899,#2901,#2900);
#2903=IFCREPRESENTATIONMAP(#2902,#3118);
#2904=IFCCARTESIANPOINT((0.,0.,0.));
#2905=IFCDIRECTION((1.,0.,0.));
#2906=IFCDIRECTION((0.,1.,0.));
#2907=IFCDIRECTION((0.,0.,1.));
#2908=IFCCARTESIANTRANSFORMATIONOPERATOR3D(#2905,#2906,#2904,1.,#2907);
#2909=IFCMAPPEDITEM(#2903,#2908);
#2910=IFCSHAPEREPRESENTATION(#25,'Annotation','MappedRepresentation',(#2909));
#2939=IFCCARTESIANPOINTLIST2D(((0.,0.),(0.,2.),(1.2100720405578613,2.),(1.2100720405578613,0.),(1.1600720398128033,0.),(1.1600720398128033,1.9499999992549419),(0.05000000074505806,1.9499999992549419),(0.05000000074505806,0.)));
#2940=IFCINDEXEDPOLYCURVE(#2939,(IFCLINEINDEX((1,2,3,4,5,6,7,8,1))),$);
#2941=IFCARBITRARYCLOSEDPROFILEDEF(.AREA.,$,#2940);
#2942=IFCCARTESIANPOINT((0.,0.,0.));
#2943=IFCDIRECTION((0.,-1.,0.));
#2944=IFCDIRECTION((1.,0.,0.));
#2945=IFCAXIS2PLACEMENT3D(#2942,#2943,#2944);
#2946=IFCDIRECTION((0.,0.,-1.));
#2947=IFCEXTRUDEDAREASOLID(#2941,#2945,#2946,0.05000000074505806);
#2948=IFCCARTESIANPOINTLIST2D(((0.,0.),(1.1100720390677452,0.),(1.1100720390677452,0.10000000149011612),(0.,0.10000000149011612)));
#2949=IFCINDEXEDPOLYCURVE(#2948,(IFCLINEINDEX((1,2,3,4,1))),$);
#2950=IFCARBITRARYCLOSEDPROFILEDEF(.AREA.,$,#2949);
#2951=IFCCARTESIANPOINT((0.05000000074505806,0.,0.));
#2952=IFCDIRECTION((0.,0.,1.));
#2953=IFCDIRECTION((1.,0.,0.));
#2954=IFCAXIS2PLACEMENT3D(#2951,#2952,#2953);
#2955=IFCDIRECTION((0.,0.,1.));
#2956=IFCEXTRUDEDAREASOLID(#2950,#2954,#2955,0.02500000037252903);
#2957=IFCCARTESIANPOINTLIST2D(((0.,0.),(0.,2.0250000022351742),(1.2600720450282097,2.0250000022351742),(1.2600720450282097,0.),(1.1850720420479774,0.),(1.1850720420479774,1.9499999992549419),(0.075000002980232239,1.9499999992549419),(0.075000002980232239,0.)));
#2958=IFCINDEXEDPOLYCURVE(#2957,(IFCLINEINDEX((1,2,3,4,5,6,7,8,1))),$);
#2959=IFCARBITRARYCLOSEDPROFILEDEF(.AREA.,$,#2958);
#2960=IFCCARTESIANPOINT((-0.025000002235174179,-0.004999999888241291,0.));
#2961=IFCDIRECTION((0.,-1.,0.));
#2962=IFCDIRECTION((1.,0.,0.));
#2963=IFCAXIS2PLACEMENT3D(#2960,#2961,#2962);
#2964=IFCDIRECTION((0.,0.,-1.));
#2965=IFCEXTRUDEDAREASOLID(#2959,#2963,#2964,0.004999999888241291);
#2966=IFCCARTESIANPOINTLIST2D(((0.,0.),(0.,2.0250000022351742),(1.2600720450282097,2.0250000022351742),(1.2600720450282097,0.),(1.1850720420479774,0.),(1.1850720420479774,1.9499999992549419),(0.075000002980232239,1.9499999992549419),(0.075000002980232239,0.)));
#2967=IFCINDEXEDPOLYCURVE(#2966,(IFCLINEINDEX((1,2,3,4,5,6,7,8,1))),$);
#2968=IFCARBITRARYCLOSEDPROFILEDEF(.AREA.,$,#2967);
#2969=IFCCARTESIANPOINT((-0.025000002235174179,0.05000000074505806,0.));
#2970=IFCDIRECTION((0.,-1.,0.));
#2971=IFCDIRECTION((1.,0.,0.));
#2972=IFCAXIS2PLACEMENT3D(#2969,#2970,#2971);
#2973=IFCDIRECTION((0.,0.,-1.));
#2974=IFCEXTRUDEDAREASOLID(#2968,#2972,#2973,0.004999999888241291);
#2975=IFCCARTESIANPOINTLIST2D(((0.,0.),(1.1100720390677452,0.),(1.1100720390677452,0.035000000149011612),(0.,0.035000000149011612)));
#2976=IFCINDEXEDPOLYCURVE(#2975,(IFCLINEINDEX((1,2,3,4,1))),$);
#2977=IFCARBITRARYCLOSEDPROFILEDEF(.AREA.,$,#2976);
#2978=IFCCARTESIANPOINT((0.05000000074505806,-0.035000000149011612,0.02500000037252903));
#2979=IFCDIRECTION((0.,0.,1.));
#2980=IFCDIRECTION((1.,0.,0.));
#2981=IFCAXIS2PLACEMENT3D(#2978,#2979,#2980);
#2982=IFCDIRECTION((0.,0.,1.));
#2983=IFCEXTRUDEDAREASOLID(#2977,#2981,#2982,1.9249999988824129);
#2984=IFCCARTESIANPOINTLIST2D(((0.,0.),(0.,-0.040000000000000001),(0.12,-0.040000000000000001),(0.12,-0.02),(0.02,-0.02),(0.02,0.)));
#2985=IFCINDEXEDPOLYCURVE(#2984,(IFCLINEINDEX((1,2,3,4,5,6,1))),$);
#2986=IFCARBITRARYCLOSEDPROFILEDEF(.AREA.,$,#2985);
#2987=IFCCARTESIANPOINT((0.10000000074505806,-0.035000000149011612,1.015000000372529));
#2988=IFCDIRECTION((0.,0.,1.));
#2989=IFCDIRECTION((1.,0.,0.));
#2990=IFCAXIS2PLACEMENT3D(#2987,#2988,#2989);
#2991=IFCDIRECTION((0.,0.,1.));
#2992=IFCEXTRUDEDAREASOLID(#2986,#2990,#2991,0.02);
#2993=IFCEXTRUDEDAREASOLID(#2994,#2997,#3001,0.02);
#2994=IFCARBITRARYCLOSEDPROFILEDEF(.AREA.,$,#2995);
#2995=IFCINDEXEDPOLYCURVE(#2996,(IFCLINEINDEX((1,2,3,4,5,6,1))),$);
#2996=IFCCARTESIANPOINTLIST2D(((0.,0.),(0.,0.040000000000000008),(0.11999999999999998,0.040000000000000008),(0.11999999999999998,0.020000000000000004),(0.020000000000000004,0.020000000000000004),(0.020000000000000004,0.)));
#2997=IFCAXIS2PLACEMENT3D(#2998,#2999,#3000);
#2998=IFCCARTESIANPOINT((0.10000000074505806,0.,1.015000000372529));
#2999=IFCDIRECTION((0.,0.,1.));
#3000=IFCDIRECTION((1.,0.,0.));
#3001=IFCDIRECTION((0.,0.,1.));
#3040=IFCCARTESIANPOINTLIST3D(((0.,0.,0.),(1.2100720405578613,0.,0.),(1.2100720405578613,0.,2.),(0.,0.,2.)));
#3041=IFCINDEXEDPOLYCURVE(#3040,(IFCLINEINDEX((1,2,3,4,1))),$);
#3042=IFCSHAPEREPRESENTATION(#18,'Profile','Curve3D',(#3041));
#3043=IFCCARTESIANPOINTLIST2D(((0.,0.),(0.,2.),(1.2100720405578613,2.),(1.2100720405578613,0.),(1.1600720398128033,0.),(1.1600720398128033,1.9499999992549419),(0.05000000074505806,1.9499999992549419),(0.05000000074505806,0.)));
#3044=IFCINDEXEDPOLYCURVE(#3043,(IFCLINEINDEX((1,2,3,4,5,6,7,8,1))),$);
#3045=IFCARBITRARYCLOSEDPROFILEDEF(.AREA.,$,#3044);
#3046=IFCCARTESIANPOINT((0.,0.,0.));
#3047=IFCDIRECTION((0.,-1.,0.));
#3048=IFCDIRECTION((1.,0.,0.));
#3049=IFCAXIS2PLACEMENT3D(#3046,#3047,#3048);
#3050=IFCDIRECTION((0.,0.,-1.));
#3051=IFCEXTRUDEDAREASOLID(#3045,#3049,#3050,0.05000000074505806);
#3052=IFCCARTESIANPOINTLIST2D(((0.,0.),(1.1100720390677452,0.),(1.1100720390677452,0.10000000149011612),(0.,0.10000000149011612)));
#3053=IFCINDEXEDPOLYCURVE(#3052,(IFCLINEINDEX((1,2,3,4,1))),$);
#3054=IFCARBITRARYCLOSEDPROFILEDEF(.AREA.,$,#3053);
#3055=IFCCARTESIANPOINT((0.05000000074505806,0.,0.));
#3056=IFCDIRECTION((0.,0.,1.));
#3057=IFCDIRECTION((1.,0.,0.));
#3058=IFCAXIS2PLACEMENT3D(#3055,#3056,#3057);
#3059=IFCDIRECTION((0.,0.,1.));
#3060=IFCEXTRUDEDAREASOLID(#3054,#3058,#3059,0.02500000037252903);
#3061=IFCCARTESIANPOINTLIST2D(((0.,0.),(0.,2.0250000022351742),(1.2600720450282097,2.0250000022351742),(1.2600720450282097,0.),(1.1850720420479774,0.),(1.1850720420479774,1.9499999992549419),(0.075000002980232239,1.9499999992549419),(0.075000002980232239,0.)));
#3062=IFCINDEXEDPOLYCURVE(#3061,(IFCLINEINDEX((1,2,3,4,5,6,7,8,1))),$);
#3063=IFCARBITRARYCLOSEDPROFILEDEF(.AREA.,$,#3062);
#3064=IFCCARTESIANPOINT((-0.025000002235174179,-0.004999999888241291,0.));
#3065=IFCDIRECTION((0.,-1.,0.));
#3066=IFCDIRECTION((1.,0.,0.));
#3067=IFCAXIS2PLACEMENT3D(#3064,#3065,#3066);
#3068=IFCDIRECTION((0.,0.,-1.));
#3069=IFCEXTRUDEDAREASOLID(#3063,#3067,#3068,0.004999999888241291);
#3070=IFCCARTESIANPOINTLIST2D(((0.,0.),(0.,2.0250000022351742),(1.2600720450282097,2.0250000022351742),(1.2600720450282097,0.),(1.1850720420479774,0.),(1.1850720420479774,1.9499999992549419),(0.075000002980232239,1.9499999992549419),(0.075000002980232239,0.)));
#3071=IFCINDEXEDPOLYCURVE(#3070,(IFCLINEINDEX((1,2,3,4,5,6,7,8,1))),$);
#3072=IFCARBITRARYCLOSEDPROFILEDEF(.AREA.,$,#3071);
#3073=IFCCARTESIANPOINT((-0.025000002235174179,0.05000000074505806,0.));
#3074=IFCDIRECTION((0.,-1.,0.));
#3075=IFCDIRECTION((1.,0.,0.));
#3076=IFCAXIS2PLACEMENT3D(#3073,#3074,#3075);
#3077=IFCDIRECTION((0.,0.,-1.));
#3078=IFCEXTRUDEDAREASOLID(#3072,#3076,#3077,0.004999999888241291);
#3079=IFCCARTESIANPOINTLIST2D(((0.,0.),(1.1100720390677452,0.),(1.1100720390677452,0.035000000149011612),(0.,0.035000000149011612)));
#3080=IFCINDEXEDPOLYCURVE(#3079,(IFCLINEINDEX((1,2,3,4,1))),$);
#3081=IFCARBITRARYCLOSEDPROFILEDEF(.AREA.,$,#3080);
#3082=IFCCARTESIANPOINT((0.05000000074505806,-0.035000000149011612,0.02500000037252903));
#3083=IFCDIRECTION((0.,0.,1.));
#3084=IFCDIRECTION((1.,0.,0.));
#3085=IFCAXIS2PLACEMENT3D(#3082,#3083,#3084);
#3086=IFCDIRECTION((0.,0.,1.));
#3087=IFCEXTRUDEDAREASOLID(#3081,#3085,#3086,1.9249999988824129);
#3088=IFCCARTESIANPOINTLIST2D(((0.,0.),(0.,-0.040000000000000001),(0.12,-0.040000000000000001),(0.12,-0.02),(0.02,-0.02),(0.02,0.)));
#3089=IFCINDEXEDPOLYCURVE(#3088,(IFCLINEINDEX((1,2,3,4,5,6,1))),$);
#3090=IFCARBITRARYCLOSEDPROFILEDEF(.AREA.,$,#3089);
#3091=IFCCARTESIANPOINT((0.10000000074505806,-0.035000000149011612,1.015000000372529));
#3092=IFCDIRECTION((0.,0.,1.));
#3093=IFCDIRECTION((1.,0.,0.));
#3094=IFCAXIS2PLACEMENT3D(#3091,#3092,#3093);
#3095=IFCDIRECTION((0.,0.,1.));
#3096=IFCEXTRUDEDAREASOLID(#3090,#3094,#3095,0.02);
#3097=IFCEXTRUDEDAREASOLID(#3098,#3101,#3105,0.02);
#3098=IFCARBITRARYCLOSEDPROFILEDEF(.AREA.,$,#3099);
#3099=IFCINDEXEDPOLYCURVE(#3100,(IFCLINEINDEX((1,2,3,4,5,6,1))),$);
#3100=IFCCARTESIANPOINTLIST2D(((0.,0.),(0.,0.040000000000000008),(0.11999999999999998,0.040000000000000008),(0.11999999999999998,0.020000000000000004),(0.020000000000000004,0.020000000000000004),(0.020000000000000004,0.)));
#3101=IFCAXIS2PLACEMENT3D(#3102,#3103,#3104);
#3102=IFCCARTESIANPOINT((0.10000000074505806,0.,1.015000000372529));
#3103=IFCDIRECTION((0.,0.,1.));
#3104=IFCDIRECTION((1.,0.,0.));
#3105=IFCDIRECTION((0.,0.,1.));
#3106=IFCSHAPEREPRESENTATION(#11,'Body','SweptSolid',(#3051,#3087,#3096,#3097,#3060,#3069,#3078));
#3107=IFCCARTESIANPOINTLIST2D(((0.,0.),(0.05000000074505806,0.),(0.05000000074505806,0.05000000074505806),(0.,0.05000000074505806)));
#3108=IFCINDEXEDPOLYCURVE(#3107,(IFCLINEINDEX((1,2,3,4,1))),$);
#3109=IFCINDEXEDPOLYCURVE(#3110,(IFCLINEINDEX((1,2,3,4,1))),$);
#3110=IFCCARTESIANPOINTLIST2D(((1.2100720405578613,0.),(1.1600720398128033,0.),(1.1600720398128033,0.05000000074505806),(1.2100720405578613,0.05000000074505806)));
#3111=IFCCARTESIANPOINTLIST2D(((1.7151080593466759,-0.035000000149011612),(0.60503602027893066,-0.035000000149011612),(0.60503602027893066,0.),(1.7151080593466759,0.)));
#3112=IFCINDEXEDPOLYCURVE(#3111,(IFCLINEINDEX((1,2,3,4,1))),$);
#3113=IFCSHAPEREPRESENTATION(#24,'Body','Curve2D',(#3108,#3109,#3112));
#3114=IFCCARTESIANPOINTLIST2D(((0.43852521441876885,-0.081587428267465345),(0.77154682613909242,-0.081587428267465345)));
#3115=IFCINDEXEDPOLYCURVE(#3114,$,$);
#3116=IFCCARTESIANPOINTLIST2D(((0.46852521441876882,-0.050529142855162856),(0.43852521441876885,-0.081587428267465345),(0.46852521441876882,-0.11264571367976783)));
#3117=IFCINDEXEDPOLYCURVE(#3116,$,$);
#3118=IFCSHAPEREPRESENTATION(#25,'Annotation','Curve2D',(#3115,#3117));
#3119=IFCCARTESIANPOINTLIST2D(((0.,0.),(1.2100720405578613,0.),(1.2100720405578613,2.),(0.,2.)));
#3120=IFCINDEXEDPOLYCURVE(#3119,(IFCLINEINDEX((1,2,3,4,1))),$);
#3121=IFCARBITRARYCLOSEDPROFILEDEF(.AREA.,$,#3120);
#3122=IFCCARTESIANPOINT((0.,-0.60000002384185791,0.));
#3123=IFCDIRECTION((0.,-1.,0.));
#3124=IFCDIRECTION((1.,0.,0.));
#3125=IFCAXIS2PLACEMENT3D(#3122,#3123,#3124);
#3126=IFCDIRECTION((0.,0.,-1.));
#3127=IFCEXTRUDEDAREASOLID(#3121,#3125,#3126,1.2);
#3128=IFCSHAPEREPRESENTATION(#11,'Body','SweptSolid',(#3127));
#3134=IFCCARTESIANPOINT((0.090687855281364693,0.025000369101099373,0.));
#3135=IFCDIRECTION((0.,0.,1.));
#3136=IFCDIRECTION((0.99999999999988631,-4.7683715820291007E-07,0.));
#3137=IFCAXIS2PLACEMENT3D(#3134,#3135,#3136);
#3138=IFCLOCALPLACEMENT(#1028,#3137);
#3139=IFCCARTESIANPOINT((-2.2204460492503131E-16,0.,0.));
#3140=IFCDIRECTION((0.,0.,1.));
#3141=IFCDIRECTION((1.,3.1763735522036263E-22,0.));
#3142=IFCAXIS2PLACEMENT3D(#3139,#3140,#3141);
#3143=IFCLOCALPLACEMENT(#3138,#3142);
#3144=IFCWINDOWTYPE('0JTtOz1Lj6ueymVcpIJ2KH',$,'Living - GF',$,$,(#3145),(#3154,#3202,#3224),$,$,.WINDOW.,.SINGLE_PANEL.,$,$);
#3145=IFCPROPERTYSET('1UOd2$0IX4MOLstEQc6cyW',$,'BBIM_Window',$,(#3146));
#3146=IFCPROPERTYSINGLEVALUE('Data',$,IFCTEXT('{"window_type": "SINGLE_PANEL", "overall_height": 0.8999999761581421, "overall_width": 0.8028799295425415, "lining_properties": {"lining_depth": 0.05000000074505806, "lining_thickness": 0.05000000074505806, "lining_offset": 0.05000000074505806, "lining_to_panel_offset_x": 0.02500000037252903, "lining_to_panel_offset_y": 0.02500000037252903}, "panel_properties": {"frame_depth": [0.03500000014901161, 0.03500000014901161, 0.03500000014901161], "frame_thickness": [0.03500000014901161, 0.03500000014901161, 0.03500000014901161]}}'),$);
#3150=IFCCARTESIANPOINT((0.,0.,0.));
#3151=IFCDIRECTION((1.,0.,0.));
#3152=IFCDIRECTION((0.,0.,1.));
#3153=IFCAXIS2PLACEMENT3D(#3150,#3152,#3151);
#3154=IFCREPRESENTATIONMAP(#3153,#3607);
#3198=IFCCARTESIANPOINT((0.,0.,0.));
#3199=IFCDIRECTION((1.,0.,0.));
#3200=IFCDIRECTION((0.,0.,1.));
#3201=IFCAXIS2PLACEMENT3D(#3198,#3200,#3199);
#3202=IFCREPRESENTATIONMAP(#3201,#3650);
#3220=IFCCARTESIANPOINT((0.,0.,0.));
#3221=IFCDIRECTION((1.,0.,0.));
#3222=IFCDIRECTION((0.,0.,1.));
#3223=IFCAXIS2PLACEMENT3D(#3220,#3222,#3221);
#3224=IFCREPRESENTATIONMAP(#3223,#3667);
#3225=IFCWINDOW('0GGE2BsND4zQEY1Ddu5zTo',$,'Window',$,$,#3692,#3234,$,0.89999997615814209,0.8028799295425415,$,.SINGLE_PANEL.,$);
#3226=IFCRELDEFINESBYTYPE('2Y72TEqh5A1QnZlbAv4N_Q',$,$,$,(#3225),#3144);
#3227=IFCCARTESIANPOINT((0.,0.,0.));
#3228=IFCDIRECTION((1.,0.,0.));
#3229=IFCDIRECTION((0.,1.,0.));
#3230=IFCDIRECTION((0.,0.,1.));
#3231=IFCCARTESIANTRANSFORMATIONOPERATOR3D(#3228,#3229,#3227,1.,#3230);
#3232=IFCMAPPEDITEM(#3154,#3231);
#3233=IFCSHAPEREPRESENTATION(#18,'Profile','MappedRepresentation',(#3232));
#3234=IFCPRODUCTDEFINITIONSHAPE($,$,(#3233,#3241,#3248));
#3235=IFCCARTESIANPOINT((0.,0.,0.));
#3236=IFCDIRECTION((1.,0.,0.));
#3237=IFCDIRECTION((0.,1.,0.));
#3238=IFCDIRECTION((0.,0.,1.));
#3239=IFCCARTESIANTRANSFORMATIONOPERATOR3D(#3236,#3237,#3235,1.,#3238);
#3240=IFCMAPPEDITEM(#3202,#3239);
#3241=IFCSHAPEREPRESENTATION(#11,'Body','MappedRepresentation',(#3240));
#3242=IFCCARTESIANPOINT((0.,0.,0.));
#3243=IFCDIRECTION((1.,0.,0.));
#3244=IFCDIRECTION((0.,1.,0.));
#3245=IFCDIRECTION((0.,0.,1.));
#3246=IFCCARTESIANTRANSFORMATIONOPERATOR3D(#3243,#3244,#3242,1.,#3245);
#3247=IFCMAPPEDITEM(#3224,#3246);
#3248=IFCSHAPEREPRESENTATION(#24,'Body','MappedRepresentation',(#3247));
#3249=IFCOPENINGELEMENT('0W0qdnRWvAbvdH$Vd31yC8',$,'Opening',$,$,#3687,#3277,$,.OPENING.);
#3265=IFCCARTESIANPOINT((0.,0.,0.));
#3266=IFCDIRECTION((1.,0.,0.));
#3267=IFCDIRECTION((0.,0.,1.));
#3268=IFCAXIS2PLACEMENT3D(#3265,#3267,#3266);
#3269=IFCREPRESENTATIONMAP(#3268,#3677);
#3270=IFCCARTESIANPOINT((0.,0.,0.));
#3271=IFCDIRECTION((1.,0.,0.));
#3272=IFCDIRECTION((0.,1.,0.));
#3273=IFCDIRECTION((0.,0.,1.));
#3274=IFCCARTESIANTRANSFORMATIONOPERATOR3D(#3271,#3272,#3270,1.,#3273);
#3275=IFCMAPPEDITEM(#3269,#3274);
#3276=IFCSHAPEREPRESENTATION(#11,'Body','MappedRepresentation',(#3275));
#3277=IFCPRODUCTDEFINITIONSHAPE($,$,(#3276));
#3278=IFCRELVOIDSELEMENT('2hwvxoQn97PeULRiR8q0Y8',$,$,$,#127,#3249);
#3284=IFCRELFILLSELEMENT('2rOL4L_u17XeMUSOTFfAys',$,$,$,#3249,#3225);
#3308=IFCCARTESIANPOINTLIST2D(((0.,0.),(0.8363422155380249,0.),(0.8363422155380249,0.89999997615814209),(0.,0.89999997615814209)));
#3309=IFCINDEXEDPOLYCURVE(#3308,(IFCLINEINDEX((1,2,3,4,1))),$);
#3310=IFCCARTESIANPOINTLIST2D(((0.02500000037252903,0.02500000037252903),(0.81134221516549587,0.02500000037252903),(0.81134221516549587,0.87499997578561306),(0.02500000037252903,0.87499997578561306)));
#3311=IFCINDEXEDPOLYCURVE(#3310,(IFCLINEINDEX((1,2,3,4,1))),$);
#3312=IFCARBITRARYPROFILEDEFWITHVOIDS(.AREA.,$,#3309,(#3311));
#3313=IFCCARTESIANPOINT((0.,0.090000001713633537,0.));
#3314=IFCDIRECTION((0.,-1.,0.));
#3315=IFCDIRECTION((1.,0.,0.));
#3316=IFCAXIS2PLACEMENT3D(#3313,#3314,#3315);
#3317=IFCDIRECTION((0.,0.,-1.));
#3318=IFCEXTRUDEDAREASOLID(#3312,#3316,#3317,0.0099999997764825821);
#3319=IFCCARTESIANPOINTLIST2D(((0.,0.),(0.8363422155380249,0.),(0.8363422155380249,0.89999997615814209),(0.,0.89999997615814209)));
#3320=IFCINDEXEDPOLYCURVE(#3319,(IFCLINEINDEX((1,2,3,4,1))),$);
#3321=IFCCARTESIANPOINTLIST2D(((0.05000000074505806,0.05000000074505806),(0.78634221479296684,0.05000000074505806),(0.78634221479296684,0.84999997541308403),(0.05000000074505806,0.84999997541308403)));
#3322=IFCINDEXEDPOLYCURVE(#3321,(IFCLINEINDEX((1,2,3,4,1))),$);
#3323=IFCARBITRARYPROFILEDEFWITHVOIDS(.AREA.,$,#3320,(#3322));
#3324=IFCCARTESIANPOINT((0.,0.05000000074505806,0.));
#3325=IFCDIRECTION((0.,-1.,0.));
#3326=IFCDIRECTION((1.,0.,0.));
#3327=IFCAXIS2PLACEMENT3D(#3324,#3325,#3326);
#3328=IFCDIRECTION((0.,0.,-1.));
#3329=IFCEXTRUDEDAREASOLID(#3323,#3327,#3328,0.040000000968575478);
#3330=IFCCARTESIANPOINTLIST2D(((0.,0.),(0.78634221479296684,0.),(0.78634221479296684,0.84999997541308403),(0.,0.84999997541308403)));
#3331=IFCINDEXEDPOLYCURVE(#3330,(IFCLINEINDEX((1,2,3,4,1))),$);
#3332=IFCCARTESIANPOINTLIST2D(((0.035000000149011612,0.035000000149011612),(0.75134221464395523,0.035000000149011612),(0.75134221464395523,0.81499997526407242),(0.035000000149011612,0.81499997526407242)));
#3333=IFCINDEXEDPOLYCURVE(#3332,(IFCLINEINDEX((1,2,3,4,1))),$);
#3334=IFCARBITRARYPROFILEDEFWITHVOIDS(.AREA.,$,#3331,(#3333));
#3335=IFCCARTESIANPOINT((0.02500000037252903,0.090000001713633537,0.02500000037252903));
#3336=IFCDIRECTION((0.,-1.,0.));
#3337=IFCDIRECTION((1.,0.,0.));
#3338=IFCAXIS2PLACEMENT3D(#3335,#3336,#3337);
#3339=IFCDIRECTION((0.,0.,-1.));
#3340=IFCEXTRUDEDAREASOLID(#3334,#3338,#3339,0.035000000149011612);
#3341=IFCINDEXEDPOLYCURVE(#3342,(IFCLINEINDEX((1,2,3,4,1))),$);
#3342=IFCCARTESIANPOINTLIST2D(((0.035000000149011612,0.035000000149011612),(0.75134221464395523,0.035000000149011612),(0.75134221464395523,0.81499997526407242),(0.035000000149011612,0.81499997526407242)));
#3343=IFCARBITRARYCLOSEDPROFILEDEF(.AREA.,$,#3341);
#3344=IFCCARTESIANPOINT((0.02500000037252903,0.10250000178813934,0.02500000037252903));
#3345=IFCDIRECTION((0.,-1.,0.));
#3346=IFCDIRECTION((1.,0.,0.));
#3347=IFCAXIS2PLACEMENT3D(#3344,#3345,#3346);
#3348=IFCDIRECTION((0.,0.,-1.));
#3349=IFCEXTRUDEDAREASOLID(#3343,#3347,#3348,0.01);
#3351=IFCSHAPEREPRESENTATION(#11,'Body','SweptSolid',(#3423,#3412,#3500,#3618,#3629,#3329,#3318,#3511));
#3352=IFCSHAPEASPECT((#3351),'Lining',$,.T.,#3234);
#3353=IFCSHAPEREPRESENTATION(#11,'Body','SweptSolid',(#3434,#3640,#3522,#3340));
#3354=IFCSHAPEASPECT((#3353),'Framing',$,.T.,#3234);
#3355=IFCSHAPEREPRESENTATION(#11,'Body','SweptSolid',(#3349,#3443,#3649,#3531));
#3356=IFCSHAPEASPECT((#3355),'Glazing',$,.T.,#3234);
#3402=IFCCARTESIANPOINTLIST2D(((0.,0.),(0.8363422155380249,0.),(0.8363422155380249,0.89999997615814209),(0.,0.89999997615814209)));
#3403=IFCINDEXEDPOLYCURVE(#3402,(IFCLINEINDEX((1,2,3,4,1))),$);
#3404=IFCCARTESIANPOINTLIST2D(((0.02500000037252903,0.02500000037252903),(0.81134221516549587,0.02500000037252903),(0.81134221516549587,0.87499997578561306),(0.02500000037252903,0.87499997578561306)));
#3405=IFCINDEXEDPOLYCURVE(#3404,(IFCLINEINDEX((1,2,3,4,1))),$);
#3406=IFCARBITRARYPROFILEDEFWITHVOIDS(.AREA.,$,#3403,(#3405));
#3407=IFCCARTESIANPOINT((0.,0.090000001713633537,0.));
#3408=IFCDIRECTION((0.,-1.,0.));
#3409=IFCDIRECTION((1.,0.,0.));
#3410=IFCAXIS2PLACEMENT3D(#3407,#3408,#3409);
#3411=IFCDIRECTION((0.,0.,-1.));
#3412=IFCEXTRUDEDAREASOLID(#3406,#3410,#3411,0.0099999997764825821);
#3413=IFCCARTESIANPOINTLIST2D(((0.,0.),(0.8363422155380249,0.),(0.8363422155380249,0.89999997615814209),(0.,0.89999997615814209)));
#3414=IFCINDEXEDPOLYCURVE(#3413,(IFCLINEINDEX((1,2,3,4,1))),$);
#3415=IFCCARTESIANPOINTLIST2D(((0.05000000074505806,0.05000000074505806),(0.78634221479296684,0.05000000074505806),(0.78634221479296684,0.84999997541308403),(0.05000000074505806,0.84999997541308403)));
#3416=IFCINDEXEDPOLYCURVE(#3415,(IFCLINEINDEX((1,2,3,4,1))),$);
#3417=IFCARBITRARYPROFILEDEFWITHVOIDS(.AREA.,$,#3414,(#3416));
#3418=IFCCARTESIANPOINT((0.,0.05000000074505806,0.));
#3419=IFCDIRECTION((0.,-1.,0.));
#3420=IFCDIRECTION((1.,0.,0.));
#3421=IFCAXIS2PLACEMENT3D(#3418,#3419,#3420);
#3422=IFCDIRECTION((0.,0.,-1.));
#3423=IFCEXTRUDEDAREASOLID(#3417,#3421,#3422,0.040000000968575478);
#3424=IFCCARTESIANPOINTLIST2D(((0.,0.),(0.78634221479296684,0.),(0.78634221479296684,0.84999997541308403),(0.,0.84999997541308403)));
#3425=IFCINDEXEDPOLYCURVE(#3424,(IFCLINEINDEX((1,2,3,4,1))),$);
#3426=IFCCARTESIANPOINTLIST2D(((0.035000000149011612,0.035000000149011612),(0.75134221464395523,0.035000000149011612),(0.75134221464395523,0.81499997526407242),(0.035000000149011612,0.81499997526407242)));
#3427=IFCINDEXEDPOLYCURVE(#3426,(IFCLINEINDEX((1,2,3,4,1))),$);
#3428=IFCARBITRARYPROFILEDEFWITHVOIDS(.AREA.,$,#3425,(#3427));
#3429=IFCCARTESIANPOINT((0.02500000037252903,0.090000001713633537,0.02500000037252903));
#3430=IFCDIRECTION((0.,-1.,0.));
#3431=IFCDIRECTION((1.,0.,0.));
#3432=IFCAXIS2PLACEMENT3D(#3429,#3430,#3431);
#3433=IFCDIRECTION((0.,0.,-1.));
#3434=IFCEXTRUDEDAREASOLID(#3428,#3432,#3433,0.035000000149011612);
#3435=IFCINDEXEDPOLYCURVE(#3436,(IFCLINEINDEX((1,2,3,4,1))),$);
#3436=IFCCARTESIANPOINTLIST2D(((0.035000000149011612,0.035000000149011612),(0.75134221464395523,0.035000000149011612),(0.75134221464395523,0.81499997526407242),(0.035000000149011612,0.81499997526407242)));
#3437=IFCARBITRARYCLOSEDPROFILEDEF(.AREA.,$,#3435);
#3438=IFCCARTESIANPOINT((0.02500000037252903,0.10250000178813934,0.02500000037252903));
#3439=IFCDIRECTION((0.,-1.,0.));
#3440=IFCDIRECTION((1.,0.,0.));
#3441=IFCAXIS2PLACEMENT3D(#3438,#3439,#3440);
#3442=IFCDIRECTION((0.,0.,-1.));
#3443=IFCEXTRUDEDAREASOLID(#3437,#3441,#3442,0.01);
#3490=IFCCARTESIANPOINTLIST2D(((0.,0.),(0.81556999683380127,0.),(0.81556999683380127,0.89999997615814209),(0.,0.89999997615814209)));
#3491=IFCINDEXEDPOLYCURVE(#3490,(IFCLINEINDEX((1,2,3,4,1))),$);
#3492=IFCCARTESIANPOINTLIST2D(((0.02500000037252903,0.02500000037252903),(0.79056999646127224,0.02500000037252903),(0.79056999646127224,0.87499997578561306),(0.02500000037252903,0.87499997578561306)));
#3493=IFCINDEXEDPOLYCURVE(#3492,(IFCLINEINDEX((1,2,3,4,1))),$);
#3494=IFCARBITRARYPROFILEDEFWITHVOIDS(.AREA.,$,#3491,(#3493));
#3495=IFCCARTESIANPOINT((0.,0.090000001713633537,0.));
#3496=IFCDIRECTION((0.,-1.,0.));
#3497=IFCDIRECTION((1.,0.,0.));
#3498=IFCAXIS2PLACEMENT3D(#3495,#3496,#3497);
#3499=IFCDIRECTION((0.,0.,-1.));
#3500=IFCEXTRUDEDAREASOLID(#3494,#3498,#3499,0.0099999997764825821);
#3501=IFCCARTESIANPOINTLIST2D(((0.,0.),(0.81556999683380127,0.),(0.81556999683380127,0.89999997615814209),(0.,0.89999997615814209)));
#3502=IFCINDEXEDPOLYCURVE(#3501,(IFCLINEINDEX((1,2,3,4,1))),$);
#3503=IFCCARTESIANPOINTLIST2D(((0.05000000074505806,0.05000000074505806),(0.76556999608874321,0.05000000074505806),(0.76556999608874321,0.84999997541308403),(0.05000000074505806,0.84999997541308403)));
#3504=IFCINDEXEDPOLYCURVE(#3503,(IFCLINEINDEX((1,2,3,4,1))),$);
#3505=IFCARBITRARYPROFILEDEFWITHVOIDS(.AREA.,$,#3502,(#3504));
#3506=IFCCARTESIANPOINT((0.,0.05000000074505806,0.));
#3507=IFCDIRECTION((0.,-1.,0.));
#3508=IFCDIRECTION((1.,0.,0.));
#3509=IFCAXIS2PLACEMENT3D(#3506,#3507,#3508);
#3510=IFCDIRECTION((0.,0.,-1.));
#3511=IFCEXTRUDEDAREASOLID(#3505,#3509,#3510,0.040000000968575478);
#3512=IFCCARTESIANPOINTLIST2D(((0.,0.),(0.76556999608874321,0.),(0.76556999608874321,0.84999997541308403),(0.,0.84999997541308403)));
#3513=IFCINDEXEDPOLYCURVE(#3512,(IFCLINEINDEX((1,2,3,4,1))),$);
#3514=IFCCARTESIANPOINTLIST2D(((0.035000000149011612,0.035000000149011612),(0.7305699959397316,0.035000000149011612),(0.7305699959397316,0.81499997526407242),(0.035000000149011612,0.81499997526407242)));
#3515=IFCINDEXEDPOLYCURVE(#3514,(IFCLINEINDEX((1,2,3,4,1))),$);
#3516=IFCARBITRARYPROFILEDEFWITHVOIDS(.AREA.,$,#3513,(#3515));
#3517=IFCCARTESIANPOINT((0.02500000037252903,0.090000001713633537,0.02500000037252903));
#3518=IFCDIRECTION((0.,-1.,0.));
#3519=IFCDIRECTION((1.,0.,0.));
#3520=IFCAXIS2PLACEMENT3D(#3517,#3518,#3519);
#3521=IFCDIRECTION((0.,0.,-1.));
#3522=IFCEXTRUDEDAREASOLID(#3516,#3520,#3521,0.035000000149011612);
#3523=IFCINDEXEDPOLYCURVE(#3524,(IFCLINEINDEX((1,2,3,4,1))),$);
#3524=IFCCARTESIANPOINTLIST2D(((0.035000000149011612,0.035000000149011612),(0.7305699959397316,0.035000000149011612),(0.7305699959397316,0.81499997526407242),(0.035000000149011612,0.81499997526407242)));
#3525=IFCARBITRARYCLOSEDPROFILEDEF(.AREA.,$,#3523);
#3526=IFCCARTESIANPOINT((0.02500000037252903,0.10250000178813934,0.02500000037252903));
#3527=IFCDIRECTION((0.,-1.,0.));
#3528=IFCDIRECTION((1.,0.,0.));
#3529=IFCAXIS2PLACEMENT3D(#3526,#3527,#3528);
#3530=IFCDIRECTION((0.,0.,-1.));
#3531=IFCEXTRUDEDAREASOLID(#3525,#3529,#3530,0.01);
#3605=IFCCARTESIANPOINTLIST3D(((0.,0.,0.),(0.8028799295425415,0.,0.),(0.8028799295425415,0.,0.89999997615814209),(0.,0.,0.89999997615814209)));
#3606=IFCINDEXEDPOLYCURVE(#3605,(IFCLINEINDEX((1,2,3,4,1))),$);
#3607=IFCSHAPEREPRESENTATION(#18,'Profile','Curve3D',(#3606));
#3608=IFCCARTESIANPOINTLIST2D(((0.,0.),(0.8028799295425415,0.),(0.8028799295425415,0.89999997615814209),(0.,0.89999997615814209)));
#3609=IFCINDEXEDPOLYCURVE(#3608,(IFCLINEINDEX((1,2,3,4,1))),$);
#3610=IFCCARTESIANPOINTLIST2D(((0.02500000037252903,0.02500000037252903),(0.77787992917001247,0.02500000037252903),(0.77787992917001247,0.87499997578561306),(0.02500000037252903,0.87499997578561306)));
#3611=IFCINDEXEDPOLYCURVE(#3610,(IFCLINEINDEX((1,2,3,4,1))),$);
#3612=IFCARBITRARYPROFILEDEFWITHVOIDS(.AREA.,$,#3609,(#3611));
#3613=IFCCARTESIANPOINT((0.,0.090000001713633537,0.));
#3614=IFCDIRECTION((0.,-1.,0.));
#3615=IFCDIRECTION((1.,0.,0.));
#3616=IFCAXIS2PLACEMENT3D(#3613,#3614,#3615);
#3617=IFCDIRECTION((0.,0.,-1.));
#3618=IFCEXTRUDEDAREASOLID(#3612,#3616,#3617,0.0099999997764825821);
#3619=IFCCARTESIANPOINTLIST2D(((0.,0.),(0.8028799295425415,0.),(0.8028799295425415,0.89999997615814209),(0.,0.89999997615814209)));
#3620=IFCINDEXEDPOLYCURVE(#3619,(IFCLINEINDEX((1,2,3,4,1))),$);
#3621=IFCCARTESIANPOINTLIST2D(((0.05000000074505806,0.05000000074505806),(0.75287992879748344,0.05000000074505806),(0.75287992879748344,0.84999997541308403),(0.05000000074505806,0.84999997541308403)));
#3622=IFCINDEXEDPOLYCURVE(#3621,(IFCLINEINDEX((1,2,3,4,1))),$);
#3623=IFCARBITRARYPROFILEDEFWITHVOIDS(.AREA.,$,#3620,(#3622));
#3624=IFCCARTESIANPOINT((0.,0.05000000074505806,0.));
#3625=IFCDIRECTION((0.,-1.,0.));
#3626=IFCDIRECTION((1.,0.,0.));
#3627=IFCAXIS2PLACEMENT3D(#3624,#3625,#3626);
#3628=IFCDIRECTION((0.,0.,-1.));
#3629=IFCEXTRUDEDAREASOLID(#3623,#3627,#3628,0.040000000968575478);
#3630=IFCCARTESIANPOINTLIST2D(((0.,0.),(0.75287992879748344,0.),(0.75287992879748344,0.84999997541308403),(0.,0.84999997541308403)));
#3631=IFCINDEXEDPOLYCURVE(#3630,(IFCLINEINDEX((1,2,3,4,1))),$);
#3632=IFCCARTESIANPOINTLIST2D(((0.035000000149011612,0.035000000149011612),(0.71787992864847183,0.035000000149011612),(0.71787992864847183,0.81499997526407242),(0.035000000149011612,0.81499997526407242)));
#3633=IFCINDEXEDPOLYCURVE(#3632,(IFCLINEINDEX((1,2,3,4,1))),$);
#3634=IFCARBITRARYPROFILEDEFWITHVOIDS(.AREA.,$,#3631,(#3633));
#3635=IFCCARTESIANPOINT((0.02500000037252903,0.090000001713633537,0.02500000037252903));
#3636=IFCDIRECTION((0.,-1.,0.));
#3637=IFCDIRECTION((1.,0.,0.));
#3638=IFCAXIS2PLACEMENT3D(#3635,#3636,#3637);
#3639=IFCDIRECTION((0.,0.,-1.));
#3640=IFCEXTRUDEDAREASOLID(#3634,#3638,#3639,0.035000000149011612);
#3641=IFCINDEXEDPOLYCURVE(#3642,(IFCLINEINDEX((1,2,3,4,1))),$);
#3642=IFCCARTESIANPOINTLIST2D(((0.035000000149011612,0.035000000149011612),(0.71787992864847183,0.035000000149011612),(0.71787992864847183,0.81499997526407242),(0.035000000149011612,0.81499997526407242)));
#3643=IFCARBITRARYCLOSEDPROFILEDEF(.AREA.,$,#3641);
#3644=IFCCARTESIANPOINT((0.02500000037252903,0.10250000178813934,0.02500000037252903));
#3645=IFCDIRECTION((0.,-1.,0.));
#3646=IFCDIRECTION((1.,0.,0.));
#3647=IFCAXIS2PLACEMENT3D(#3644,#3645,#3646);
#3648=IFCDIRECTION((0.,0.,-1.));
#3649=IFCEXTRUDEDAREASOLID(#3643,#3647,#3648,0.01);
#3650=IFCSHAPEREPRESENTATION(#11,'Body','SweptSolid',(#3618,#3629,#3640,#3649));
#3651=IFCCARTESIANPOINTLIST2D(((0.05000000074505806,0.05000000074505806),(0.75287992879748344,0.05000000074505806)));
#3652=IFCINDEXEDPOLYCURVE(#3651,$,$);
#3653=IFCCARTESIANPOINTLIST2D(((0.,0.10000000149011612),(0.02500000037252903,0.10000000149011612),(0.02500000037252903,0.090000001713633537),(0.05000000074505806,0.090000001713633537),(0.05000000074505806,0.05000000074505806),(0.,0.05000000074505806)));
#3654=IFCINDEXEDPOLYCURVE(#3653,(IFCLINEINDEX((1,2,3,4,5,6,1))),$);
#3655=IFCCARTESIANPOINTLIST2D(((0.8028799295425415,0.10000000149011612),(0.77787992917001247,0.10000000149011612),(0.77787992917001247,0.090000001713633537),(0.75287992879748344,0.090000001713633537),(0.75287992879748344,0.05000000074505806),(0.8028799295425415,0.05000000074505806)));
#3656=IFCINDEXEDPOLYCURVE(#3655,(IFCLINEINDEX((1,2,3,4,5,6,1))),$);
#3657=IFCCARTESIANPOINTLIST2D(((0.02500000037252903,0.090000001713633537),(0.060000000521540642,0.090000001713633537),(0.060000000521540642,0.12500000186264515),(0.02500000037252903,0.12500000186264515)));
#3658=IFCINDEXEDPOLYCURVE(#3657,(IFCLINEINDEX((1,2,3,4,1))),$);
#3659=IFCINDEXEDPOLYCURVE(#3660,(IFCLINEINDEX((1,2,3,4,1))),$);
#3660=IFCCARTESIANPOINTLIST2D(((0.77787992917001247,0.090000001713633537),(0.74287992902100086,0.090000001713633537),(0.74287992902100086,0.12500000186264515),(0.77787992917001247,0.12500000186264515)));
#3661=IFCCARTESIANPOINTLIST2D(((0.060000000521540642,0.090000001713633537),(0.74287992902100086,0.090000001713633537)));
#3662=IFCINDEXEDPOLYCURVE(#3661,$,$);
#3663=IFCINDEXEDPOLYCURVE(#3664,$,$);
#3664=IFCCARTESIANPOINTLIST2D(((0.060000000521540642,0.12500000186264515),(0.74287992902100086,0.12500000186264515)));
#3665=IFCINDEXEDPOLYCURVE(#3666,$,$);
#3666=IFCCARTESIANPOINTLIST2D(((0.060000000521540642,0.10750000178813934),(0.74287992902100086,0.10750000178813934)));
#3667=IFCSHAPEREPRESENTATION(#24,'Body','Curve2D',(#3652,#3654,#3656,#3658,#3659,#3662,#3663,#3665));
#3668=IFCCARTESIANPOINTLIST2D(((0.,0.),(0.8028799295425415,0.),(0.8028799295425415,0.89999997615814209),(0.,0.89999997615814209)));
#3669=IFCINDEXEDPOLYCURVE(#3668,(IFCLINEINDEX((1,2,3,4,1))),$);
#3670=IFCARBITRARYCLOSEDPROFILEDEF(.AREA.,$,#3669);
#3671=IFCCARTESIANPOINT((0.,-0.60000002384185791,0.));
#3672=IFCDIRECTION((0.,-1.,0.));
#3673=IFCDIRECTION((1.,0.,0.));
#3674=IFCAXIS2PLACEMENT3D(#3671,#3672,#3673);
#3675=IFCDIRECTION((0.,0.,-1.));
#3676=IFCEXTRUDEDAREASOLID(#3670,#3674,#3675,1.2);
#3677=IFCSHAPEREPRESENTATION(#11,'Body','SweptSolid',(#3676));
#3683=IFCCARTESIANPOINT((1.7728558679454727,9.5367431640625E-07,1.));
#3684=IFCDIRECTION((0.,0.,1.));
#3685=IFCDIRECTION((0.99999999999988631,-4.7683715820307079E-07,0.));
#3686=IFCAXIS2PLACEMENT3D(#3683,#3684,#3685);
#3687=IFCLOCALPLACEMENT(#1047,#3686);
#3688=IFCCARTESIANPOINT((0.,0.,0.));
#3689=IFCDIRECTION((0.,0.,1.));
#3690=IFCDIRECTION((1.,0.,0.));
#3691=IFCAXIS2PLACEMENT3D(#3688,#3689,#3690);
#3692=IFCLOCALPLACEMENT(#3687,#3691);
#3693=IFCWINDOWTYPE('3x05$YXbbFifBdKJziG0Pm',$,'Guest - 1 - GF',$,$,(#3694),(#3696,#3704,#3752),$,$,.WINDOW.,.SINGLE_PANEL.,$,$);
#3694=IFCPROPERTYSET('1qjyGqL3H6ehSuFn$MgEEO',$,'BBIM_Window',$,(#3695));
#3695=IFCPROPERTYSINGLEVALUE('Data',$,IFCTEXT('{"window_type": "DOUBLE_PANEL_VERTICAL", "overall_height": 0.8999999761581421, "overall_width": 1.2002577781677246, "lining_properties": {"lining_depth": 0.05000000074505806, "lining_thickness": 0.05000000074505806, "lining_offset": 0.05000000074505806, "lining_to_panel_offset_x": 0.02500000037252903, "lining_to_panel_offset_y": 0.02500000037252903, "mullion_thickness": 0.05000000074505806, "first_mullion_offset": 0.5956104397773743}, "panel_properties": {"frame_depth": [0.03500000014901161, 0.03500000014901161, 0.03500000014901161], "frame_thickness": [0.03500000014901161, 0.03500000014901161, 0.03500000014901161]}}'),$);
#3696=IFCREPRESENTATIONMAP(#3697,#3871);
#3697=IFCAXIS2PLACEMENT3D(#3698,#3699,#3700);
#3698=IFCCARTESIANPOINT((0.,0.,0.));
#3699=IFCDIRECTION((0.,0.,1.));
#3700=IFCDIRECTION((1.,0.,0.));
#3704=IFCREPRESENTATIONMAP(#3705,#3952);
#3705=IFCAXIS2PLACEMENT3D(#3706,#3707,#3708);
#3706=IFCCARTESIANPOINT((0.,0.,0.));
#3707=IFCDIRECTION((0.,0.,1.));
#3708=IFCDIRECTION((1.,0.,0.));
#3752=IFCREPRESENTATIONMAP(#3753,#3991);
#3753=IFCAXIS2PLACEMENT3D(#3754,#3755,#3756);
#3754=IFCCARTESIANPOINT((0.,0.,0.));
#3755=IFCDIRECTION((0.,0.,1.));
#3756=IFCDIRECTION((1.,0.,0.));
#3774=IFCWINDOW('0s1brPNmDBEAN0yitLvsNE',$,'Window',$,$,#4016,#3783,$,0.89999997615814209,1.2002577781677246,$,.DOUBLE_PANEL_VERTICAL.,$);
#3775=IFCRELDEFINESBYTYPE('0T14NFxa57yBDkc00P1fqx',$,$,$,(#3774),#3693);
#3776=IFCCARTESIANPOINT((0.,0.,0.));
#3777=IFCDIRECTION((1.,0.,0.));
#3778=IFCDIRECTION((0.,1.,0.));
#3779=IFCDIRECTION((0.,0.,1.));
#3780=IFCCARTESIANTRANSFORMATIONOPERATOR3D(#3777,#3778,#3776,1.,#3779);
#3781=IFCMAPPEDITEM(#3696,#3780);
#3782=IFCSHAPEREPRESENTATION(#18,'Profile','MappedRepresentation',(#3781));
#3783=IFCPRODUCTDEFINITIONSHAPE($,$,(#3782,#3790,#3797));
#3784=IFCCARTESIANPOINT((0.,0.,0.));
#3785=IFCDIRECTION((1.,0.,0.));
#3786=IFCDIRECTION((0.,1.,0.));
#3787=IFCDIRECTION((0.,0.,1.));
#3788=IFCCARTESIANTRANSFORMATIONOPERATOR3D(#3785,#3786,#3784,1.,#3787);
#3789=IFCMAPPEDITEM(#3704,#3788);
#3790=IFCSHAPEREPRESENTATION(#11,'Body','MappedRepresentation',(#3789));
#3791=IFCCARTESIANPOINT((0.,0.,0.));
#3792=IFCDIRECTION((1.,0.,0.));
#3793=IFCDIRECTION((0.,1.,0.));
#3794=IFCDIRECTION((0.,0.,1.));
#3795=IFCCARTESIANTRANSFORMATIONOPERATOR3D(#3792,#3793,#3791,1.,#3794);
#3796=IFCMAPPEDITEM(#3752,#3795);
#3797=IFCSHAPEREPRESENTATION(#24,'Body','MappedRepresentation',(#3796));
#3798=IFCOPENINGELEMENT('0dVNpowlf55xe8EbBsrJEB',$,'Opening',$,$,#4011,#3826,$,.OPENING.);
#3814=IFCCARTESIANPOINT((0.,0.,0.));
#3815=IFCDIRECTION((1.,0.,0.));
#3816=IFCDIRECTION((0.,0.,1.));
#3817=IFCAXIS2PLACEMENT3D(#3814,#3816,#3815);
#3818=IFCREPRESENTATIONMAP(#3817,#4001);
#3819=IFCCARTESIANPOINT((0.,0.,0.));
#3820=IFCDIRECTION((1.,0.,0.));
#3821=IFCDIRECTION((0.,1.,0.));
#3822=IFCDIRECTION((0.,0.,1.));
#3823=IFCCARTESIANTRANSFORMATIONOPERATOR3D(#3820,#3821,#3819,1.,#3822);
#3824=IFCMAPPEDITEM(#3818,#3823);
#3825=IFCSHAPEREPRESENTATION(#11,'Body','MappedRepresentation',(#3824));
#3826=IFCPRODUCTDEFINITIONSHAPE($,$,(#3825));
#3827=IFCRELVOIDSELEMENT('02R6RpdDL5QBWsCuSEw1Ct',$,$,$,#292,#3798);
#3833=IFCRELFILLSELEMENT('0rDvumqhb6Dh4K5KOoZjUP',$,$,$,#3798,#3774);
#3869=IFCCARTESIANPOINTLIST3D(((0.,0.,0.),(1.2002577781677246,0.,0.),(1.2002577781677246,0.,0.89999997615814209),(0.,0.,0.89999997615814209)));
#3870=IFCINDEXEDPOLYCURVE(#3869,(IFCLINEINDEX((1,2,3,4,1))),$);
#3871=IFCSHAPEREPRESENTATION(#18,'Profile','Curve3D',(#3870));
#3872=IFCCARTESIANPOINTLIST2D(((0.59561043977737427,0.),(0.,0.),(0.,0.89999997615814209),(0.59561043977737427,0.89999997615814209),(0.59561043977737427,0.87499997578561306),(0.02500000037252903,0.87499997578561306),(0.02500000037252903,0.02500000037252903),(0.59561043977737427,0.02500000037252903)));
#3873=IFCINDEXEDPOLYCURVE(#3872,(IFCLINEINDEX((1,2,3,4,5,6,7,8,1))),$);
#3874=IFCARBITRARYCLOSEDPROFILEDEF(.AREA.,$,#3873);
#3875=IFCCARTESIANPOINT((0.,0.090000001713633537,0.));
#3876=IFCDIRECTION((0.,-1.,0.));
#3877=IFCDIRECTION((1.,0.,0.));
#3878=IFCAXIS2PLACEMENT3D(#3875,#3876,#3877);
#3879=IFCDIRECTION((0.,0.,-1.));
#3880=IFCEXTRUDEDAREASOLID(#3874,#3878,#3879,0.0099999997764825821);
#3881=IFCCARTESIANPOINTLIST2D(((0.,0.),(0.59561043977737427,0.),(0.59561043977737427,0.89999997615814209),(0.,0.89999997615814209)));
#3882=IFCINDEXEDPOLYCURVE(#3881,(IFCLINEINDEX((1,2,3,4,1))),$);
#3883=IFCCARTESIANPOINTLIST2D(((0.05000000074505806,0.05000000074505806),(0.57061043940484524,0.05000000074505806),(0.57061043940484524,0.84999997541308403),(0.05000000074505806,0.84999997541308403)));
#3884=IFCINDEXEDPOLYCURVE(#3883,(IFCLINEINDEX((1,2,3,4,1))),$);
#3885=IFCARBITRARYPROFILEDEFWITHVOIDS(.AREA.,$,#3882,(#3884));
#3886=IFCCARTESIANPOINT((0.,0.05000000074505806,0.));
#3887=IFCDIRECTION((0.,-1.,0.));
#3888=IFCDIRECTION((1.,0.,0.));
#3889=IFCAXIS2PLACEMENT3D(#3886,#3887,#3888);
#3890=IFCDIRECTION((0.,0.,-1.));
#3891=IFCEXTRUDEDAREASOLID(#3885,#3889,#3890,0.040000000968575478);
#3892=IFCCARTESIANPOINTLIST2D(((0.,0.),(0.57061043940484524,0.),(0.57061043940484524,0.84999997541308403),(0.,0.84999997541308403)));
#3893=IFCINDEXEDPOLYCURVE(#3892,(IFCLINEINDEX((1,2,3,4,1))),$);
#3894=IFCCARTESIANPOINTLIST2D(((0.035000000149011612,0.035000000149011612),(0.53561043925583363,0.035000000149011612),(0.53561043925583363,0.81499997526407242),(0.035000000149011612,0.81499997526407242)));
#3895=IFCINDEXEDPOLYCURVE(#3894,(IFCLINEINDEX((1,2,3,4,1))),$);
#3896=IFCARBITRARYPROFILEDEFWITHVOIDS(.AREA.,$,#3893,(#3895));
#3897=IFCCARTESIANPOINT((0.02500000037252903,0.090000001713633537,0.02500000037252903));
#3898=IFCDIRECTION((0.,-1.,0.));
#3899=IFCDIRECTION((1.,0.,0.));
#3900=IFCAXIS2PLACEMENT3D(#3897,#3898,#3899);
#3901=IFCDIRECTION((0.,0.,-1.));
#3902=IFCEXTRUDEDAREASOLID(#3896,#3900,#3901,0.035000000149011612);
#3903=IFCINDEXEDPOLYCURVE(#3904,(IFCLINEINDEX((1,2,3,4,1))),$);
#3904=IFCCARTESIANPOINTLIST2D(((0.035000000149011612,0.035000000149011612),(0.53561043925583363,0.035000000149011612),(0.53561043925583363,0.81499997526407242),(0.035000000149011612,0.81499997526407242)));
#3905=IFCARBITRARYCLOSEDPROFILEDEF(.AREA.,$,#3903);
#3906=IFCCARTESIANPOINT((0.02500000037252903,0.10250000178813934,0.02500000037252903));
#3907=IFCDIRECTION((0.,-1.,0.));
#3908=IFCDIRECTION((1.,0.,0.));
#3909=IFCAXIS2PLACEMENT3D(#3906,#3907,#3908);
#3910=IFCDIRECTION((0.,0.,-1.));
#3911=IFCEXTRUDEDAREASOLID(#3905,#3909,#3910,0.01);
#3912=IFCCARTESIANPOINTLIST2D(((0.,0.89999997615814209),(0.60464733839035034,0.89999997615814209),(0.60464733839035034,0.),(0.,0.),(0.,0.02500000037252903),(0.57964733801782131,0.02500000037252903),(0.57964733801782131,0.87499997578561306),(0.,0.87499997578561306)));
#3913=IFCINDEXEDPOLYCURVE(#3912,(IFCLINEINDEX((1,2,3,4,5,6,7,8,1))),$);
#3914=IFCARBITRARYCLOSEDPROFILEDEF(.AREA.,$,#3913);
#3915=IFCCARTESIANPOINT((0.59561043977737427,0.090000001713633537,0.));
#3916=IFCDIRECTION((0.,-1.,0.));
#3917=IFCDIRECTION((1.,0.,0.));
#3918=IFCAXIS2PLACEMENT3D(#3915,#3916,#3917);
#3919=IFCDIRECTION((0.,0.,-1.));
#3920=IFCEXTRUDEDAREASOLID(#3914,#3918,#3919,0.0099999997764825821);
#3921=IFCCARTESIANPOINTLIST2D(((0.,0.),(0.60464733839035034,0.),(0.60464733839035034,0.89999997615814209),(0.,0.89999997615814209)));
#3922=IFCINDEXEDPOLYCURVE(#3921,(IFCLINEINDEX((1,2,3,4,1))),$);
#3923=IFCCARTESIANPOINTLIST2D(((0.02500000037252903,0.05000000074505806),(0.55464733764529228,0.05000000074505806),(0.55464733764529228,0.84999997541308403),(0.02500000037252903,0.84999997541308403)));
#3924=IFCINDEXEDPOLYCURVE(#3923,(IFCLINEINDEX((1,2,3,4,1))),$);
#3925=IFCARBITRARYPROFILEDEFWITHVOIDS(.AREA.,$,#3922,(#3924));
#3926=IFCCARTESIANPOINT((0.59561043977737427,0.05000000074505806,0.));
#3927=IFCDIRECTION((0.,-1.,0.));
#3928=IFCDIRECTION((1.,0.,0.));
#3929=IFCAXIS2PLACEMENT3D(#3926,#3927,#3928);
#3930=IFCDIRECTION((0.,0.,-1.));
#3931=IFCEXTRUDEDAREASOLID(#3925,#3929,#3930,0.040000000968575478);
#3932=IFCCARTESIANPOINTLIST2D(((0.,0.),(0.57964733801782131,0.),(0.57964733801782131,0.84999997541308403),(0.,0.84999997541308403)));
#3933=IFCINDEXEDPOLYCURVE(#3932,(IFCLINEINDEX((1,2,3,4,1))),$);
#3934=IFCCARTESIANPOINTLIST2D(((0.035000000149011612,0.035000000149011612),(0.5446473378688097,0.035000000149011612),(0.5446473378688097,0.81499997526407242),(0.035000000149011612,0.81499997526407242)));
#3935=IFCINDEXEDPOLYCURVE(#3934,(IFCLINEINDEX((1,2,3,4,1))),$);
#3936=IFCARBITRARYPROFILEDEFWITHVOIDS(.AREA.,$,#3933,(#3935));
#3937=IFCCARTESIANPOINT((0.59561043977737427,0.090000001713633537,0.02500000037252903));
#3938=IFCDIRECTION((0.,-1.,0.));
#3939=IFCDIRECTION((1.,0.,0.));
#3940=IFCAXIS2PLACEMENT3D(#3937,#3938,#3939);
#3941=IFCDIRECTION((0.,0.,-1.));
#3942=IFCEXTRUDEDAREASOLID(#3936,#3940,#3941,0.035000000149011612);
#3943=IFCINDEXEDPOLYCURVE(#3944,(IFCLINEINDEX((1,2,3,4,1))),$);
#3944=IFCCARTESIANPOINTLIST2D(((0.035000000149011612,0.035000000149011612),(0.5446473378688097,0.035000000149011612),(0.5446473378688097,0.81499997526407242),(0.035000000149011612,0.81499997526407242)));
#3945=IFCARBITRARYCLOSEDPROFILEDEF(.AREA.,$,#3943);
#3946=IFCCARTESIANPOINT((0.59561043977737427,0.10250000178813934,0.02500000037252903));
#3947=IFCDIRECTION((0.,-1.,0.));
#3948=IFCDIRECTION((1.,0.,0.));
#3949=IFCAXIS2PLACEMENT3D(#3946,#3947,#3948);
#3950=IFCDIRECTION((0.,0.,-1.));
#3951=IFCEXTRUDEDAREASOLID(#3945,#3949,#3950,0.01);
#3952=IFCSHAPEREPRESENTATION(#11,'Body','SweptSolid',(#3880,#3891,#3902,#3911,#3920,#3931,#3942,#3951));
#3953=IFCSHAPEREPRESENTATION(#11,'Body','SweptSolid',(#3880,#3891,#3920,#3931));
#3954=IFCSHAPEASPECT((#3953),'Lining',$,.T.,#3783);
#3955=IFCSHAPEREPRESENTATION(#11,'Body','SweptSolid',(#3902,#3942));
#3956=IFCSHAPEASPECT((#3955),'Framing',$,.T.,#3783);
#3957=IFCSHAPEREPRESENTATION(#11,'Body','SweptSolid',(#3911,#3951));
#3958=IFCSHAPEASPECT((#3957),'Glazing',$,.T.,#3783);
#3959=IFCCARTESIANPOINTLIST2D(((0.05000000074505806,0.05000000074505806),(0.57061043940484524,0.05000000074505806)));
#3960=IFCINDEXEDPOLYCURVE(#3959,$,$);
#3961=IFCCARTESIANPOINTLIST2D(((0.,0.10000000149011612),(0.02500000037252903,0.10000000149011612),(0.02500000037252903,0.090000001713633537),(0.05000000074505806,0.090000001713633537),(0.05000000074505806,0.05000000074505806),(0.,0.05000000074505806)));
#3962=IFCINDEXEDPOLYCURVE(#3961,(IFCLINEINDEX((1,2,3,4,5,6,1))),$);
#3963=IFCCARTESIANPOINTLIST2D(((0.59561043977737427,0.10000000149011612),(0.59561043977737427,0.10000000149011612),(0.59561043977737427,0.090000001713633537),(0.57061043940484524,0.090000001713633537),(0.57061043940484524,0.05000000074505806),(0.59561043977737427,0.05000000074505806)));
#3964=IFCINDEXEDPOLYCURVE(#3963,$,$);
#3965=IFCCARTESIANPOINTLIST2D(((0.02500000037252903,0.090000001713633537),(0.060000000521540642,0.090000001713633537),(0.060000000521540642,0.12500000186264515),(0.02500000037252903,0.12500000186264515)));
#3966=IFCINDEXEDPOLYCURVE(#3965,(IFCLINEINDEX((1,2,3,4,1))),$);
#3967=IFCINDEXEDPOLYCURVE(#3968,(IFCLINEINDEX((1,2,3,4,1))),$);
#3968=IFCCARTESIANPOINTLIST2D(((0.59561043977737427,0.090000001713633537),(0.56061043962836266,0.090000001713633537),(0.56061043962836266,0.12500000186264515),(0.59561043977737427,0.12500000186264515)));
#3969=IFCCARTESIANPOINTLIST2D(((0.060000000521540642,0.090000001713633537),(0.56061043962836266,0.090000001713633537)));
#3970=IFCINDEXEDPOLYCURVE(#3969,$,$);
#3971=IFCINDEXEDPOLYCURVE(#3972,$,$);
#3972=IFCCARTESIANPOINTLIST2D(((0.060000000521540642,0.12500000186264515),(0.56061043962836266,0.12500000186264515)));
#3973=IFCINDEXEDPOLYCURVE(#3974,$,$);
#3974=IFCCARTESIANPOINTLIST2D(((0.060000000521540642,0.10750000178813934),(0.56061043962836266,0.10750000178813934)));
#3975=IFCCARTESIANPOINTLIST2D(((0.6206104401499033,0.05000000074505806),(1.1502577774226665,0.05000000074505806)));
#3976=IFCINDEXEDPOLYCURVE(#3975,$,$);
#3977=IFCCARTESIANPOINTLIST2D(((0.59561043977737427,0.10000000149011612),(0.59561043977737427,0.10000000149011612),(0.59561043977737427,0.090000001713633537),(0.6206104401499033,0.090000001713633537),(0.6206104401499033,0.05000000074505806),(0.59561043977737427,0.05000000074505806)));
#3978=IFCINDEXEDPOLYCURVE(#3977,$,$);
#3979=IFCCARTESIANPOINTLIST2D(((1.2002577781677246,0.10000000149011612),(1.1752577777951956,0.10000000149011612),(1.1752577777951956,0.090000001713633537),(1.1502577774226665,0.090000001713633537),(1.1502577774226665,0.05000000074505806),(1.2002577781677246,0.05000000074505806)));
#3980=IFCINDEXEDPOLYCURVE(#3979,(IFCLINEINDEX((1,2,3,4,5,6,1))),$);
#3981=IFCCARTESIANPOINTLIST2D(((0.59561043977737427,0.090000001713633537),(0.63061043992638588,0.090000001713633537),(0.63061043992638588,0.12500000186264515),(0.59561043977737427,0.12500000186264515)));
#3982=IFCINDEXEDPOLYCURVE(#3981,(IFCLINEINDEX((1,2,3,4,1))),$);
#3983=IFCINDEXEDPOLYCURVE(#3984,(IFCLINEINDEX((1,2,3,4,1))),$);
#3984=IFCCARTESIANPOINTLIST2D(((1.1752577777951956,0.090000001713633537),(1.140257777646184,0.090000001713633537),(1.140257777646184,0.12500000186264515),(1.1752577777951956,0.12500000186264515)));
#3985=IFCCARTESIANPOINTLIST2D(((0.63061043992638588,0.090000001713633537),(1.140257777646184,0.090000001713633537)));
#3986=IFCINDEXEDPOLYCURVE(#3985,$,$);
#3987=IFCINDEXEDPOLYCURVE(#3988,$,$);
#3988=IFCCARTESIANPOINTLIST2D(((0.63061043992638588,0.12500000186264515),(1.140257777646184,0.12500000186264515)));
#3989=IFCINDEXEDPOLYCURVE(#3990,$,$);
#3990=IFCCARTESIANPOINTLIST2D(((0.63061043992638588,0.10750000178813934),(1.140257777646184,0.10750000178813934)));
#3991=IFCSHAPEREPRESENTATION(#24,'Body','Curve2D',(#3960,#3962,#3964,#3966,#3967,#3970,#3971,#3973,#3976,#3978,#3980,#3982,#3983,#3986,#3987,#3989));
#3992=IFCCARTESIANPOINTLIST2D(((0.,0.),(1.2002577781677246,0.),(1.2002577781677246,0.89999997615814209),(0.,0.89999997615814209)));
#3993=IFCINDEXEDPOLYCURVE(#3992,(IFCLINEINDEX((1,2,3,4,1))),$);
#3994=IFCARBITRARYCLOSEDPROFILEDEF(.AREA.,$,#3993);
#3995=IFCCARTESIANPOINT((0.,-0.60000002384185791,0.));
#3996=IFCDIRECTION((0.,-1.,0.));
#3997=IFCDIRECTION((1.,0.,0.));
#3998=IFCAXIS2PLACEMENT3D(#3995,#3996,#3997);
#3999=IFCDIRECTION((0.,0.,-1.));
#4000=IFCEXTRUDEDAREASOLID(#3994,#3998,#3999,1.2);
#4001=IFCSHAPEREPRESENTATION(#11,'Body','SweptSolid',(#4000));
#4007=IFCCARTESIANPOINT((1.0590964243877057,2.8312206268310547E-07,1.));
#4008=IFCDIRECTION((0.,0.,1.));
#4009=IFCDIRECTION((0.99999999999997158,-2.3841857910155572E-07,0.));
#4010=IFCAXIS2PLACEMENT3D(#4007,#4008,#4009);
#4011=IFCLOCALPLACEMENT(#574,#4010);
#4012=IFCCARTESIANPOINT((4.4408920985006262E-16,0.,0.));
#4013=IFCDIRECTION((0.,0.,1.));
#4014=IFCDIRECTION((1.,0.,0.));
#4015=IFCAXIS2PLACEMENT3D(#4012,#4013,#4014);
#4016=IFCLOCALPLACEMENT(#4011,#4015);
#4017=IFCWINDOWTYPE('3kg9OJBE543hRS19IjmdGa',$,'Guest - 2 - GF',$,$,(#4018),(#4020,#4028,#4076),$,$,.WINDOW.,.SINGLE_PANEL.,$,$);
#4018=IFCPROPERTYSET('3jeNeJdW98fR8cqA6yk1Bk',$,'BBIM_Window',$,(#4019));
#4019=IFCPROPERTYSINGLEVALUE('Data',$,IFCTEXT('{"window_type": "SINGLE_PANEL", "overall_height": 0.8999999761581421, "overall_width": 0.7624958753585815, "lining_properties": {"lining_depth": 0.05000000074505806, "lining_thickness": 0.05000000074505806, "lining_offset": 0.05000000074505806, "lining_to_panel_offset_x": 0.02500000037252903, "lining_to_panel_offset_y": 0.02500000037252903}, "panel_properties": {"frame_depth": [0.03500000014901161, 0.03500000014901161, 0.03500000014901161], "frame_thickness": [0.03500000014901161, 0.03500000014901161, 0.03500000014901161]}}'),$);
#4020=IFCREPRESENTATIONMAP(#4021,#4518);
#4021=IFCAXIS2PLACEMENT3D(#4022,#4023,#4024);
#4022=IFCCARTESIANPOINT((0.,0.,0.));
#4023=IFCDIRECTION((0.,0.,1.));
#4024=IFCDIRECTION((1.,0.,0.));
#4028=IFCREPRESENTATIONMAP(#4029,#4561);
#4029=IFCAXIS2PLACEMENT3D(#4030,#4031,#4032);
#4030=IFCCARTESIANPOINT((0.,0.,0.));
#4031=IFCDIRECTION((0.,0.,1.));
#4032=IFCDIRECTION((1.,0.,0.));
#4076=IFCREPRESENTATIONMAP(#4077,#4578);
#4077=IFCAXIS2PLACEMENT3D(#4078,#4079,#4080);
#4078=IFCCARTESIANPOINT((0.,0.,0.));
#4079=IFCDIRECTION((0.,0.,1.));
#4080=IFCDIRECTION((1.,0.,0.));
#4098=IFCWINDOW('1xhHugRK9FFfscjsBczeuY',$,'Window',$,$,#4603,#4107,$,0.89999997615814209,0.76249587535858154,$,.SINGLE_PANEL.,$);
#4099=IFCRELDEFINESBYTYPE('0enZMTkLDD5fvdDsVt1sbP',$,$,$,(#4098),#4017);
#4100=IFCCARTESIANPOINT((0.,0.,0.));
#4101=IFCDIRECTION((1.,0.,0.));
#4102=IFCDIRECTION((0.,1.,0.));
#4103=IFCDIRECTION((0.,0.,1.));
#4104=IFCCARTESIANTRANSFORMATIONOPERATOR3D(#4101,#4102,#4100,1.,#4103);
#4105=IFCMAPPEDITEM(#4020,#4104);
#4106=IFCSHAPEREPRESENTATION(#18,'Profile','MappedRepresentation',(#4105));
#4107=IFCPRODUCTDEFINITIONSHAPE($,$,(#4106,#4114,#4121));
#4108=IFCCARTESIANPOINT((0.,0.,0.));
#4109=IFCDIRECTION((1.,0.,0.));
#4110=IFCDIRECTION((0.,1.,0.));
#4111=IFCDIRECTION((0.,0.,1.));
#4112=IFCCARTESIANTRANSFORMATIONOPERATOR3D(#4109,#4110,#4108,1.,#4111);
#4113=IFCMAPPEDITEM(#4028,#4112);
#4114=IFCSHAPEREPRESENTATION(#11,'Body','MappedRepresentation',(#4113));
#4115=IFCCARTESIANPOINT((0.,0.,0.));
#4116=IFCDIRECTION((1.,0.,0.));
#4117=IFCDIRECTION((0.,1.,0.));
#4118=IFCDIRECTION((0.,0.,1.));
#4119=IFCCARTESIANTRANSFORMATIONOPERATOR3D(#4116,#4117,#4115,1.,#4118);
#4120=IFCMAPPEDITEM(#4076,#4119);
#4121=IFCSHAPEREPRESENTATION(#24,'Body','MappedRepresentation',(#4120));
#4122=IFCOPENINGELEMENT('0vBuhHVB5BZx0IqXU$fPSg',$,'Opening',$,$,#4598,#4150,$,.OPENING.);
#4138=IFCCARTESIANPOINT((0.,0.,0.));
#4139=IFCDIRECTION((1.,0.,0.));
#4140=IFCDIRECTION((0.,0.,1.));
#4141=IFCAXIS2PLACEMENT3D(#4138,#4140,#4139);
#4142=IFCREPRESENTATIONMAP(#4141,#4588);
#4143=IFCCARTESIANPOINT((0.,0.,0.));
#4144=IFCDIRECTION((1.,0.,0.));
#4145=IFCDIRECTION((0.,1.,0.));
#4146=IFCDIRECTION((0.,0.,1.));
#4147=IFCCARTESIANTRANSFORMATIONOPERATOR3D(#4144,#4145,#4143,1.,#4146);
#4148=IFCMAPPEDITEM(#4142,#4147);
#4149=IFCSHAPEREPRESENTATION(#11,'Body','MappedRepresentation',(#4148));
#4150=IFCPRODUCTDEFINITIONSHAPE($,$,(#4149));
#4151=IFCRELVOIDSELEMENT('3qbGLveDT1Xu$TLkYonIF8',$,$,$,#267,#4122);
#4157=IFCRELFILLSELEMENT('2kY63sItT8o8BlEpIEOEte',$,$,$,#4122,#4098);
#4166=IFCCARTESIANPOINTLIST2D(((0.8028799295425415,0.44999998807907104),(0.8028799295425415,0.),(0.,0.),(0.,0.44999998807907104),(0.02500000037252903,0.44999998807907104),(0.02500000037252903,0.02500000037252903),(0.77787992917001247,0.02500000037252903),(0.77787992917001247,0.44999998807907104)));
#4167=IFCINDEXEDPOLYCURVE(#4166,(IFCLINEINDEX((1,2,3,4,5,6,7,8,1))),$);
#4168=IFCARBITRARYCLOSEDPROFILEDEF(.AREA.,$,#4167);
#4169=IFCCARTESIANPOINT((0.,0.090000001713633537,0.));
#4170=IFCDIRECTION((0.,-1.,0.));
#4171=IFCDIRECTION((1.,0.,0.));
#4172=IFCAXIS2PLACEMENT3D(#4169,#4170,#4171);
#4173=IFCDIRECTION((0.,0.,-1.));
#4174=IFCEXTRUDEDAREASOLID(#4168,#4172,#4173,0.0099999997764825821);
#4175=IFCCARTESIANPOINTLIST2D(((0.,0.),(0.8028799295425415,0.),(0.8028799295425415,0.44999998807907104),(0.,0.44999998807907104)));
#4176=IFCINDEXEDPOLYCURVE(#4175,(IFCLINEINDEX((1,2,3,4,1))),$);
#4177=IFCCARTESIANPOINTLIST2D(((0.05000000074505806,0.05000000074505806),(0.75287992879748344,0.05000000074505806),(0.75287992879748344,0.42499998770654202),(0.05000000074505806,0.42499998770654202)));
#4178=IFCINDEXEDPOLYCURVE(#4177,(IFCLINEINDEX((1,2,3,4,1))),$);
#4179=IFCARBITRARYPROFILEDEFWITHVOIDS(.AREA.,$,#4176,(#4178));
#4180=IFCCARTESIANPOINT((0.,0.05000000074505806,0.));
#4181=IFCDIRECTION((0.,-1.,0.));
#4182=IFCDIRECTION((1.,0.,0.));
#4183=IFCAXIS2PLACEMENT3D(#4180,#4181,#4182);
#4184=IFCDIRECTION((0.,0.,-1.));
#4185=IFCEXTRUDEDAREASOLID(#4179,#4183,#4184,0.040000000968575478);
#4186=IFCCARTESIANPOINTLIST2D(((0.,0.),(0.75287992879748344,0.),(0.75287992879748344,0.42499998770654202),(0.,0.42499998770654202)));
#4187=IFCINDEXEDPOLYCURVE(#4186,(IFCLINEINDEX((1,2,3,4,1))),$);
#4188=IFCCARTESIANPOINTLIST2D(((0.035000000149011612,0.035000000149011612),(0.71787992864847183,0.035000000149011612),(0.71787992864847183,0.3899999875575304),(0.035000000149011612,0.3899999875575304)));
#4189=IFCINDEXEDPOLYCURVE(#4188,(IFCLINEINDEX((1,2,3,4,1))),$);
#4190=IFCARBITRARYPROFILEDEFWITHVOIDS(.AREA.,$,#4187,(#4189));
#4191=IFCCARTESIANPOINT((0.02500000037252903,0.090000001713633537,0.02500000037252903));
#4192=IFCDIRECTION((0.,-1.,0.));
#4193=IFCDIRECTION((1.,0.,0.));
#4194=IFCAXIS2PLACEMENT3D(#4191,#4192,#4193);
#4195=IFCDIRECTION((0.,0.,-1.));
#4196=IFCEXTRUDEDAREASOLID(#4190,#4194,#4195,0.035000000149011612);
#4197=IFCINDEXEDPOLYCURVE(#4198,(IFCLINEINDEX((1,2,3,4,1))),$);
#4198=IFCCARTESIANPOINTLIST2D(((0.035000000149011612,0.035000000149011612),(0.71787992864847183,0.035000000149011612),(0.71787992864847183,0.3899999875575304),(0.035000000149011612,0.3899999875575304)));
#4199=IFCARBITRARYCLOSEDPROFILEDEF(.AREA.,$,#4197);
#4200=IFCCARTESIANPOINT((0.02500000037252903,0.10250000178813934,0.02500000037252903));
#4201=IFCDIRECTION((0.,-1.,0.));
#4202=IFCDIRECTION((1.,0.,0.));
#4203=IFCAXIS2PLACEMENT3D(#4200,#4201,#4202);
#4204=IFCDIRECTION((0.,0.,-1.));
#4205=IFCEXTRUDEDAREASOLID(#4199,#4203,#4204,0.01);
#4206=IFCCARTESIANPOINTLIST2D(((0.,0.),(0.,0.44999998807907104),(0.8028799295425415,0.44999998807907104),(0.8028799295425415,0.),(0.77787992917001247,0.),(0.77787992917001247,0.42499998770654202),(0.02500000037252903,0.42499998770654202),(0.02500000037252903,0.)));
#4207=IFCINDEXEDPOLYCURVE(#4206,(IFCLINEINDEX((1,2,3,4,5,6,7,8,1))),$);
#4208=IFCARBITRARYCLOSEDPROFILEDEF(.AREA.,$,#4207);
#4209=IFCCARTESIANPOINT((0.,0.090000001713633537,0.44999998807907104));
#4210=IFCDIRECTION((0.,-1.,0.));
#4211=IFCDIRECTION((1.,0.,0.));
#4212=IFCAXIS2PLACEMENT3D(#4209,#4210,#4211);
#4213=IFCDIRECTION((0.,0.,-1.));
#4214=IFCEXTRUDEDAREASOLID(#4208,#4212,#4213,0.0099999997764825821);
#4215=IFCCARTESIANPOINTLIST2D(((0.,0.),(0.8028799295425415,0.),(0.8028799295425415,0.44999998807907104),(0.,0.44999998807907104)));
#4216=IFCINDEXEDPOLYCURVE(#4215,(IFCLINEINDEX((1,2,3,4,1))),$);
#4217=IFCCARTESIANPOINTLIST2D(((0.05000000074505806,0.02500000037252903),(0.75287992879748344,0.02500000037252903),(0.75287992879748344,0.39999998733401299),(0.05000000074505806,0.39999998733401299)));
#4218=IFCINDEXEDPOLYCURVE(#4217,(IFCLINEINDEX((1,2,3,4,1))),$);
#4219=IFCARBITRARYPROFILEDEFWITHVOIDS(.AREA.,$,#4216,(#4218));
#4220=IFCCARTESIANPOINT((0.,0.05000000074505806,0.44999998807907104));
#4221=IFCDIRECTION((0.,-1.,0.));
#4222=IFCDIRECTION((1.,0.,0.));
#4223=IFCAXIS2PLACEMENT3D(#4220,#4221,#4222);
#4224=IFCDIRECTION((0.,0.,-1.));
#4225=IFCEXTRUDEDAREASOLID(#4219,#4223,#4224,0.040000000968575478);
#4226=IFCCARTESIANPOINTLIST2D(((0.,0.),(0.75287992879748344,0.),(0.75287992879748344,0.42499998770654202),(0.,0.42499998770654202)));
#4227=IFCINDEXEDPOLYCURVE(#4226,(IFCLINEINDEX((1,2,3,4,1))),$);
#4228=IFCCARTESIANPOINTLIST2D(((0.035000000149011612,0.035000000149011612),(0.71787992864847183,0.035000000149011612),(0.71787992864847183,0.3899999875575304),(0.035000000149011612,0.3899999875575304)));
#4229=IFCINDEXEDPOLYCURVE(#4228,(IFCLINEINDEX((1,2,3,4,1))),$);
#4230=IFCARBITRARYPROFILEDEFWITHVOIDS(.AREA.,$,#4227,(#4229));
#4231=IFCCARTESIANPOINT((0.02500000037252903,0.090000001713633537,0.44999998807907104));
#4232=IFCDIRECTION((0.,-1.,0.));
#4233=IFCDIRECTION((1.,0.,0.));
#4234=IFCAXIS2PLACEMENT3D(#4231,#4232,#4233);
#4235=IFCDIRECTION((0.,0.,-1.));
#4236=IFCEXTRUDEDAREASOLID(#4230,#4234,#4235,0.035000000149011612);
#4237=IFCINDEXEDPOLYCURVE(#4238,(IFCLINEINDEX((1,2,3,4,1))),$);
#4238=IFCCARTESIANPOINTLIST2D(((0.035000000149011612,0.035000000149011612),(0.71787992864847183,0.035000000149011612),(0.71787992864847183,0.3899999875575304),(0.035000000149011612,0.3899999875575304)));
#4239=IFCARBITRARYCLOSEDPROFILEDEF(.AREA.,$,#4237);
#4240=IFCCARTESIANPOINT((0.02500000037252903,0.10250000178813934,0.44999998807907104));
#4241=IFCDIRECTION((0.,-1.,0.));
#4242=IFCDIRECTION((1.,0.,0.));
#4243=IFCAXIS2PLACEMENT3D(#4240,#4241,#4242);
#4244=IFCDIRECTION((0.,0.,-1.));
#4245=IFCEXTRUDEDAREASOLID(#4239,#4243,#4244,0.01);
#4247=IFCSHAPEREPRESENTATION(#11,'Body','SweptSolid',(#4411,#4319,#4540,#4185,#4422,#4214,#4225,#4308,#4529,#4174));
#4248=IFCSHAPEASPECT((#4247),'Lining',$,.T.,#4107);
#4249=IFCSHAPEREPRESENTATION(#11,'Body','SweptSolid',(#4196,#4433,#4330,#4236,#4551));
#4250=IFCSHAPEASPECT((#4249),'Framing',$,.T.,#4107);
#4251=IFCSHAPEREPRESENTATION(#11,'Body','SweptSolid',(#4339,#4560,#4205,#4442,#4245));
#4252=IFCSHAPEASPECT((#4251),'Glazing',$,.T.,#4107);
#4298=IFCCARTESIANPOINTLIST2D(((0.,0.),(0.8028799295425415,0.),(0.8028799295425415,0.89999997615814209),(0.,0.89999997615814209)));
#4299=IFCINDEXEDPOLYCURVE(#4298,(IFCLINEINDEX((1,2,3,4,1))),$);
#4300=IFCCARTESIANPOINTLIST2D(((0.02500000037252903,0.02500000037252903),(0.77787992917001247,0.02500000037252903),(0.77787992917001247,0.87499997578561306),(0.02500000037252903,0.87499997578561306)));
#4301=IFCINDEXEDPOLYCURVE(#4300,(IFCLINEINDEX((1,2,3,4,1))),$);
#4302=IFCARBITRARYPROFILEDEFWITHVOIDS(.AREA.,$,#4299,(#4301));
#4303=IFCCARTESIANPOINT((0.,0.090000001713633537,0.));
#4304=IFCDIRECTION((0.,-1.,0.));
#4305=IFCDIRECTION((1.,0.,0.));
#4306=IFCAXIS2PLACEMENT3D(#4303,#4304,#4305);
#4307=IFCDIRECTION((0.,0.,-1.));
#4308=IFCEXTRUDEDAREASOLID(#4302,#4306,#4307,0.0099999997764825821);
#4309=IFCCARTESIANPOINTLIST2D(((0.,0.),(0.8028799295425415,0.),(0.8028799295425415,0.89999997615814209),(0.,0.89999997615814209)));
#4310=IFCINDEXEDPOLYCURVE(#4309,(IFCLINEINDEX((1,2,3,4,1))),$);
#4311=IFCCARTESIANPOINTLIST2D(((0.05000000074505806,0.05000000074505806),(0.75287992879748344,0.05000000074505806),(0.75287992879748344,0.84999997541308403),(0.05000000074505806,0.84999997541308403)));
#4312=IFCINDEXEDPOLYCURVE(#4311,(IFCLINEINDEX((1,2,3,4,1))),$);
#4313=IFCARBITRARYPROFILEDEFWITHVOIDS(.AREA.,$,#4310,(#4312));
#4314=IFCCARTESIANPOINT((0.,0.05000000074505806,0.));
#4315=IFCDIRECTION((0.,-1.,0.));
#4316=IFCDIRECTION((1.,0.,0.));
#4317=IFCAXIS2PLACEMENT3D(#4314,#4315,#4316);
#4318=IFCDIRECTION((0.,0.,-1.));
#4319=IFCEXTRUDEDAREASOLID(#4313,#4317,#4318,0.040000000968575478);
#4320=IFCCARTESIANPOINTLIST2D(((0.,0.),(0.75287992879748344,0.),(0.75287992879748344,0.84999997541308403),(0.,0.84999997541308403)));
#4321=IFCINDEXEDPOLYCURVE(#4320,(IFCLINEINDEX((1,2,3,4,1))),$);
#4322=IFCCARTESIANPOINTLIST2D(((0.035000000149011612,0.035000000149011612),(0.71787992864847183,0.035000000149011612),(0.71787992864847183,0.81499997526407242),(0.035000000149011612,0.81499997526407242)));
#4323=IFCINDEXEDPOLYCURVE(#4322,(IFCLINEINDEX((1,2,3,4,1))),$);
#4324=IFCARBITRARYPROFILEDEFWITHVOIDS(.AREA.,$,#4321,(#4323));
#4325=IFCCARTESIANPOINT((0.02500000037252903,0.090000001713633537,0.02500000037252903));
#4326=IFCDIRECTION((0.,-1.,0.));
#4327=IFCDIRECTION((1.,0.,0.));
#4328=IFCAXIS2PLACEMENT3D(#4325,#4326,#4327);
#4329=IFCDIRECTION((0.,0.,-1.));
#4330=IFCEXTRUDEDAREASOLID(#4324,#4328,#4329,0.035000000149011612);
#4331=IFCINDEXEDPOLYCURVE(#4332,(IFCLINEINDEX((1,2,3,4,1))),$);
#4332=IFCCARTESIANPOINTLIST2D(((0.035000000149011612,0.035000000149011612),(0.71787992864847183,0.035000000149011612),(0.71787992864847183,0.81499997526407242),(0.035000000149011612,0.81499997526407242)));
#4333=IFCARBITRARYCLOSEDPROFILEDEF(.AREA.,$,#4331);
#4334=IFCCARTESIANPOINT((0.02500000037252903,0.10250000178813934,0.02500000037252903));
#4335=IFCDIRECTION((0.,-1.,0.));
#4336=IFCDIRECTION((1.,0.,0.));
#4337=IFCAXIS2PLACEMENT3D(#4334,#4335,#4336);
#4338=IFCDIRECTION((0.,0.,-1.));
#4339=IFCEXTRUDEDAREASOLID(#4333,#4337,#4338,0.01);
#4401=IFCCARTESIANPOINTLIST2D(((0.,0.),(0.8028799295425415,0.),(0.8028799295425415,0.89999997615814209),(0.,0.89999997615814209)));
#4402=IFCINDEXEDPOLYCURVE(#4401,(IFCLINEINDEX((1,2,3,4,1))),$);
#4403=IFCCARTESIANPOINTLIST2D(((0.02500000037252903,0.02500000037252903),(0.77787992917001247,0.02500000037252903),(0.77787992917001247,0.87499997578561306),(0.02500000037252903,0.87499997578561306)));
#4404=IFCINDEXEDPOLYCURVE(#4403,(IFCLINEINDEX((1,2,3,4,1))),$);
#4405=IFCARBITRARYPROFILEDEFWITHVOIDS(.AREA.,$,#4402,(#4404));
#4406=IFCCARTESIANPOINT((0.,0.090000001713633537,0.));
#4407=IFCDIRECTION((0.,-1.,0.));
#4408=IFCDIRECTION((1.,0.,0.));
#4409=IFCAXIS2PLACEMENT3D(#4406,#4407,#4408);
#4410=IFCDIRECTION((0.,0.,-1.));
#4411=IFCEXTRUDEDAREASOLID(#4405,#4409,#4410,0.0099999997764825821);
#4412=IFCCARTESIANPOINTLIST2D(((0.,0.),(0.8028799295425415,0.),(0.8028799295425415,0.89999997615814209),(0.,0.89999997615814209)));
#4413=IFCINDEXEDPOLYCURVE(#4412,(IFCLINEINDEX((1,2,3,4,1))),$);
#4414=IFCCARTESIANPOINTLIST2D(((0.05000000074505806,0.05000000074505806),(0.75287992879748344,0.05000000074505806),(0.75287992879748344,0.84999997541308403),(0.05000000074505806,0.84999997541308403)));
#4415=IFCINDEXEDPOLYCURVE(#4414,(IFCLINEINDEX((1,2,3,4,1))),$);
#4416=IFCARBITRARYPROFILEDEFWITHVOIDS(.AREA.,$,#4413,(#4415));
#4417=IFCCARTESIANPOINT((0.,0.05000000074505806,0.));
#4418=IFCDIRECTION((0.,-1.,0.));
#4419=IFCDIRECTION((1.,0.,0.));
#4420=IFCAXIS2PLACEMENT3D(#4417,#4418,#4419);
#4421=IFCDIRECTION((0.,0.,-1.));
#4422=IFCEXTRUDEDAREASOLID(#4416,#4420,#4421,0.040000000968575478);
#4423=IFCCARTESIANPOINTLIST2D(((0.,0.),(0.75287992879748344,0.),(0.75287992879748344,0.84999997541308403),(0.,0.84999997541308403)));
#4424=IFCINDEXEDPOLYCURVE(#4423,(IFCLINEINDEX((1,2,3,4,1))),$);
#4425=IFCCARTESIANPOINTLIST2D(((0.035000000149011612,0.035000000149011612),(0.71787992864847183,0.035000000149011612),(0.71787992864847183,0.81499997526407242),(0.035000000149011612,0.81499997526407242)));
#4426=IFCINDEXEDPOLYCURVE(#4425,(IFCLINEINDEX((1,2,3,4,1))),$);
#4427=IFCARBITRARYPROFILEDEFWITHVOIDS(.AREA.,$,#4424,(#4426));
#4428=IFCCARTESIANPOINT((0.02500000037252903,0.090000001713633537,0.02500000037252903));
#4429=IFCDIRECTION((0.,-1.,0.));
#4430=IFCDIRECTION((1.,0.,0.));
#4431=IFCAXIS2PLACEMENT3D(#4428,#4429,#4430);
#4432=IFCDIRECTION((0.,0.,-1.));
#4433=IFCEXTRUDEDAREASOLID(#4427,#4431,#4432,0.035000000149011612);
#4434=IFCINDEXEDPOLYCURVE(#4435,(IFCLINEINDEX((1,2,3,4,1))),$);
#4435=IFCCARTESIANPOINTLIST2D(((0.035000000149011612,0.035000000149011612),(0.71787992864847183,0.035000000149011612),(0.71787992864847183,0.81499997526407242),(0.035000000149011612,0.81499997526407242)));
#4436=IFCARBITRARYCLOSEDPROFILEDEF(.AREA.,$,#4434);
#4437=IFCCARTESIANPOINT((0.02500000037252903,0.10250000178813934,0.02500000037252903));
#4438=IFCDIRECTION((0.,-1.,0.));
#4439=IFCDIRECTION((1.,0.,0.));
#4440=IFCAXIS2PLACEMENT3D(#4437,#4438,#4439);
#4441=IFCDIRECTION((0.,0.,-1.));
#4442=IFCEXTRUDEDAREASOLID(#4436,#4440,#4441,0.01);
#4516=IFCCARTESIANPOINTLIST3D(((0.,0.,0.),(0.76249587535858154,0.,0.),(0.76249587535858154,0.,0.89999997615814209),(0.,0.,0.89999997615814209)));
#4517=IFCINDEXEDPOLYCURVE(#4516,(IFCLINEINDEX((1,2,3,4,1))),$);
#4518=IFCSHAPEREPRESENTATION(#18,'Profile','Curve3D',(#4517));
#4519=IFCCARTESIANPOINTLIST2D(((0.,0.),(0.76249587535858154,0.),(0.76249587535858154,0.89999997615814209),(0.,0.89999997615814209)));
#4520=IFCINDEXEDPOLYCURVE(#4519,(IFCLINEINDEX((1,2,3,4,1))),$);
#4521=IFCCARTESIANPOINTLIST2D(((0.02500000037252903,0.02500000037252903),(0.73749587498605251,0.02500000037252903),(0.73749587498605251,0.87499997578561306),(0.02500000037252903,0.87499997578561306)));
#4522=IFCINDEXEDPOLYCURVE(#4521,(IFCLINEINDEX((1,2,3,4,1))),$);
#4523=IFCARBITRARYPROFILEDEFWITHVOIDS(.AREA.,$,#4520,(#4522));
#4524=IFCCARTESIANPOINT((0.,0.090000001713633537,0.));
#4525=IFCDIRECTION((0.,-1.,0.));
#4526=IFCDIRECTION((1.,0.,0.));
#4527=IFCAXIS2PLACEMENT3D(#4524,#4525,#4526);
#4528=IFCDIRECTION((0.,0.,-1.));
#4529=IFCEXTRUDEDAREASOLID(#4523,#4527,#4528,0.0099999997764825821);
#4530=IFCCARTESIANPOINTLIST2D(((0.,0.),(0.76249587535858154,0.),(0.76249587535858154,0.89999997615814209),(0.,0.89999997615814209)));
#4531=IFCINDEXEDPOLYCURVE(#4530,(IFCLINEINDEX((1,2,3,4,1))),$);
#4532=IFCCARTESIANPOINTLIST2D(((0.05000000074505806,0.05000000074505806),(0.71249587461352348,0.05000000074505806),(0.71249587461352348,0.84999997541308403),(0.05000000074505806,0.84999997541308403)));
#4533=IFCINDEXEDPOLYCURVE(#4532,(IFCLINEINDEX((1,2,3,4,1))),$);
#4534=IFCARBITRARYPROFILEDEFWITHVOIDS(.AREA.,$,#4531,(#4533));
#4535=IFCCARTESIANPOINT((0.,0.05000000074505806,0.));
#4536=IFCDIRECTION((0.,-1.,0.));
#4537=IFCDIRECTION((1.,0.,0.));
#4538=IFCAXIS2PLACEMENT3D(#4535,#4536,#4537);
#4539=IFCDIRECTION((0.,0.,-1.));
#4540=IFCEXTRUDEDAREASOLID(#4534,#4538,#4539,0.040000000968575478);
#4541=IFCCARTESIANPOINTLIST2D(((0.,0.),(0.71249587461352348,0.),(0.71249587461352348,0.84999997541308403),(0.,0.84999997541308403)));
#4542=IFCINDEXEDPOLYCURVE(#4541,(IFCLINEINDEX((1,2,3,4,1))),$);
#4543=IFCCARTESIANPOINTLIST2D(((0.035000000149011612,0.035000000149011612),(0.67749587446451187,0.035000000149011612),(0.67749587446451187,0.81499997526407242),(0.035000000149011612,0.81499997526407242)));
#4544=IFCINDEXEDPOLYCURVE(#4543,(IFCLINEINDEX((1,2,3,4,1))),$);
#4545=IFCARBITRARYPROFILEDEFWITHVOIDS(.AREA.,$,#4542,(#4544));
#4546=IFCCARTESIANPOINT((0.02500000037252903,0.090000001713633537,0.02500000037252903));
#4547=IFCDIRECTION((0.,-1.,0.));
#4548=IFCDIRECTION((1.,0.,0.));
#4549=IFCAXIS2PLACEMENT3D(#4546,#4547,#4548);
#4550=IFCDIRECTION((0.,0.,-1.));
#4551=IFCEXTRUDEDAREASOLID(#4545,#4549,#4550,0.035000000149011612);
#4552=IFCINDEXEDPOLYCURVE(#4553,(IFCLINEINDEX((1,2,3,4,1))),$);
#4553=IFCCARTESIANPOINTLIST2D(((0.035000000149011612,0.035000000149011612),(0.67749587446451187,0.035000000149011612),(0.67749587446451187,0.81499997526407242),(0.035000000149011612,0.81499997526407242)));
#4554=IFCARBITRARYCLOSEDPROFILEDEF(.AREA.,$,#4552);
#4555=IFCCARTESIANPOINT((0.02500000037252903,0.10250000178813934,0.02500000037252903));
#4556=IFCDIRECTION((0.,-1.,0.));
#4557=IFCDIRECTION((1.,0.,0.));
#4558=IFCAXIS2PLACEMENT3D(#4555,#4556,#4557);
#4559=IFCDIRECTION((0.,0.,-1.));
#4560=IFCEXTRUDEDAREASOLID(#4554,#4558,#4559,0.01);
#4561=IFCSHAPEREPRESENTATION(#11,'Body','SweptSolid',(#4529,#4540,#4551,#4560));
#4562=IFCCARTESIANPOINTLIST2D(((0.05000000074505806,0.05000000074505806),(0.71249587461352348,0.05000000074505806)));
#4563=IFCINDEXEDPOLYCURVE(#4562,$,$);
#4564=IFCCARTESIANPOINTLIST2D(((0.,0.10000000149011612),(0.02500000037252903,0.10000000149011612),(0.02500000037252903,0.090000001713633537),(0.05000000074505806,0.090000001713633537),(0.05000000074505806,0.05000000074505806),(0.,0.05000000074505806)));
#4565=IFCINDEXEDPOLYCURVE(#4564,(IFCLINEINDEX((1,2,3,4,5,6,1))),$);
#4566=IFCCARTESIANPOINTLIST2D(((0.76249587535858154,0.10000000149011612),(0.73749587498605251,0.10000000149011612),(0.73749587498605251,0.090000001713633537),(0.71249587461352348,0.090000001713633537),(0.71249587461352348,0.05000000074505806),(0.76249587535858154,0.05000000074505806)));
#4567=IFCINDEXEDPOLYCURVE(#4566,(IFCLINEINDEX((1,2,3,4,5,6,1))),$);
#4568=IFCCARTESIANPOINTLIST2D(((0.02500000037252903,0.090000001713633537),(0.060000000521540642,0.090000001713633537),(0.060000000521540642,0.12500000186264515),(0.02500000037252903,0.12500000186264515)));
#4569=IFCINDEXEDPOLYCURVE(#4568,(IFCLINEINDEX((1,2,3,4,1))),$);
#4570=IFCINDEXEDPOLYCURVE(#4571,(IFCLINEINDEX((1,2,3,4,1))),$);
#4571=IFCCARTESIANPOINTLIST2D(((0.73749587498605251,0.090000001713633537),(0.7024958748370409,0.090000001713633537),(0.7024958748370409,0.12500000186264515),(0.73749587498605251,0.12500000186264515)));
#4572=IFCCARTESIANPOINTLIST2D(((0.060000000521540642,0.090000001713633537),(0.7024958748370409,0.090000001713633537)));
#4573=IFCINDEXEDPOLYCURVE(#4572,$,$);
#4574=IFCINDEXEDPOLYCURVE(#4575,$,$);
#4575=IFCCARTESIANPOINTLIST2D(((0.060000000521540642,0.12500000186264515),(0.7024958748370409,0.12500000186264515)));
#4576=IFCINDEXEDPOLYCURVE(#4577,$,$);
#4577=IFCCARTESIANPOINTLIST2D(((0.060000000521540642,0.10750000178813934),(0.7024958748370409,0.10750000178813934)));
#4578=IFCSHAPEREPRESENTATION(#24,'Body','Curve2D',(#4563,#4565,#4567,#4569,#4570,#4573,#4574,#4576));
#4579=IFCCARTESIANPOINTLIST2D(((0.,0.),(0.76249587535858154,0.),(0.76249587535858154,0.89999997615814209),(0.,0.89999997615814209)));
#4580=IFCINDEXEDPOLYCURVE(#4579,(IFCLINEINDEX((1,2,3,4,1))),$);
#4581=IFCARBITRARYCLOSEDPROFILEDEF(.AREA.,$,#4580);
#4582=IFCCARTESIANPOINT((0.,-0.60000002384185791,0.));
#4583=IFCDIRECTION((0.,-1.,0.));
#4584=IFCDIRECTION((1.,0.,0.));
#4585=IFCAXIS2PLACEMENT3D(#4582,#4583,#4584);
#4586=IFCDIRECTION((0.,0.,-1.));
#4587=IFCEXTRUDEDAREASOLID(#4581,#4585,#4586,1.2);
#4588=IFCSHAPEREPRESENTATION(#11,'Body','SweptSolid',(#4587));
#4594=IFCCARTESIANPOINT((3.0655583854421868,1.1990683188578544E-06,1.));
#4595=IFCDIRECTION((0.,0.,1.));
#4596=IFCDIRECTION((0.99999999999999289,1.1920928244535129E-07,0.));
#4597=IFCAXIS2PLACEMENT3D(#4594,#4595,#4596);
#4598=IFCLOCALPLACEMENT(#542,#4597);
#4599=IFCCARTESIANPOINT((-4.4408920985006262E-16,0.,0.));
#4600=IFCDIRECTION((0.,0.,1.));
#4601=IFCDIRECTION((1.,0.,0.));
#4602=IFCAXIS2PLACEMENT3D(#4599,#4600,#4601);
#4603=IFCLOCALPLACEMENT(#4598,#4602);
#4604=IFCWINDOWTYPE('2_0b_mvHb26BRu4saQLYn1',$,'Maid - GF',$,$,(#4605),(#4607,#4615,#4663),$,$,.WINDOW.,.SINGLE_PANEL.,$,$);
#4605=IFCPROPERTYSET('0VNFEU5IT2fhq9_HwFz8uj',$,'BBIM_Window',$,(#4606));
#4606=IFCPROPERTYSINGLEVALUE('Data',$,IFCTEXT('{"window_type": "SINGLE_PANEL", "overall_height": 0.8999999761581421, "overall_width": 0.7140350937843323, "lining_properties": {"lining_depth": 0.05000000074505806, "lining_thickness": 0.05000000074505806, "lining_offset": 0.05000000074505806, "lining_to_panel_offset_x": 0.02500000037252903, "lining_to_panel_offset_y": 0.02500000037252903}, "panel_properties": {"frame_depth": [0.03500000014901161, 0.03500000014901161, 0.03500000014901161], "frame_thickness": [0.03500000014901161, 0.03500000014901161, 0.03500000014901161]}}'),$);
#4607=IFCREPRESENTATIONMAP(#4608,#4767);
#4608=IFCAXIS2PLACEMENT3D(#4609,#4610,#4611);
#4609=IFCCARTESIANPOINT((0.,0.,0.));
#4610=IFCDIRECTION((0.,0.,1.));
#4611=IFCDIRECTION((1.,0.,0.));
#4615=IFCREPRESENTATIONMAP(#4616,#4810);
#4616=IFCAXIS2PLACEMENT3D(#4617,#4618,#4619);
#4617=IFCCARTESIANPOINT((0.,0.,0.));
#4618=IFCDIRECTION((0.,0.,1.));
#4619=IFCDIRECTION((1.,0.,0.));
#4663=IFCREPRESENTATIONMAP(#4664,#4833);
#4664=IFCAXIS2PLACEMENT3D(#4665,#4666,#4667);
#4665=IFCCARTESIANPOINT((0.,0.,0.));
#4666=IFCDIRECTION((0.,0.,1.));
#4667=IFCDIRECTION((1.,0.,0.));
#4685=IFCWINDOW('2MRBpbu$TEHAJXa$5qHtEr',$,'Window',$,$,#4858,#4694,$,0.89999997615814209,0.71403509378433228,$,.SINGLE_PANEL.,$);
#4686=IFCRELDEFINESBYTYPE('0iKvr2NLn1Qw1sVDeFq2zR',$,$,$,(#4685),#4604);
#4687=IFCCARTESIANPOINT((0.,0.,0.));
#4688=IFCDIRECTION((1.,0.,0.));
#4689=IFCDIRECTION((0.,1.,0.));
#4690=IFCDIRECTION((0.,0.,1.));
#4691=IFCCARTESIANTRANSFORMATIONOPERATOR3D(#4688,#4689,#4687,1.,#4690);
#4692=IFCMAPPEDITEM(#4607,#4691);
#4693=IFCSHAPEREPRESENTATION(#18,'Profile','MappedRepresentation',(#4692));
#4694=IFCPRODUCTDEFINITIONSHAPE($,$,(#4693,#4701,#4708));
#4695=IFCCARTESIANPOINT((0.,0.,0.));
#4696=IFCDIRECTION((1.,0.,0.));
#4697=IFCDIRECTION((0.,1.,0.));
#4698=IFCDIRECTION((0.,0.,1.));
#4699=IFCCARTESIANTRANSFORMATIONOPERATOR3D(#4696,#4697,#4695,1.,#4698);
#4700=IFCMAPPEDITEM(#4615,#4699);
#4701=IFCSHAPEREPRESENTATION(#11,'Body','MappedRepresentation',(#4700));
#4702=IFCCARTESIANPOINT((0.,0.,0.));
#4703=IFCDIRECTION((1.,0.,0.));
#4704=IFCDIRECTION((0.,1.,0.));
#4705=IFCDIRECTION((0.,0.,1.));
#4706=IFCCARTESIANTRANSFORMATIONOPERATOR3D(#4703,#4704,#4702,1.,#4705);
#4707=IFCMAPPEDITEM(#4663,#4706);
#4708=IFCSHAPEREPRESENTATION(#24,'Body','MappedRepresentation',(#4707));
#4709=IFCOPENINGELEMENT('1VUKTiJRz0dA1lIIajikfM',$,'Opening',$,$,#4853,#4737,$,.OPENING.);
#4725=IFCCARTESIANPOINT((0.,0.,0.));
#4726=IFCDIRECTION((1.,0.,0.));
#4727=IFCDIRECTION((0.,0.,1.));
#4728=IFCAXIS2PLACEMENT3D(#4725,#4727,#4726);
#4729=IFCREPRESENTATIONMAP(#4728,#4843);
#4730=IFCCARTESIANPOINT((0.,0.,0.));
#4731=IFCDIRECTION((1.,0.,0.));
#4732=IFCDIRECTION((0.,1.,0.));
#4733=IFCDIRECTION((0.,0.,1.));
#4734=IFCCARTESIANTRANSFORMATIONOPERATOR3D(#4731,#4732,#4730,1.,#4733);
#4735=IFCMAPPEDITEM(#4729,#4734);
#4736=IFCSHAPEREPRESENTATION(#11,'Body','MappedRepresentation',(#4735));
#4737=IFCPRODUCTDEFINITIONSHAPE($,$,(#4736));
#4738=IFCRELVOIDSELEMENT('0a4Qnj1V567fQG902V_qUj',$,$,$,#242,#4709);
#4744=IFCRELFILLSELEMENT('1FsR1Uy7PEcx0txfFsvZe$',$,$,$,#4709,#4685);
#4765=IFCCARTESIANPOINTLIST3D(((0.,0.,0.),(0.71403509378433228,0.,0.),(0.71403509378433228,0.,0.89999997615814209),(0.,0.,0.89999997615814209)));
#4766=IFCINDEXEDPOLYCURVE(#4765,(IFCLINEINDEX((1,2,3,4,1))),$);
#4767=IFCSHAPEREPRESENTATION(#18,'Profile','Curve3D',(#4766));
#4768=IFCCARTESIANPOINTLIST2D(((0.,0.),(0.71403509378433228,0.),(0.71403509378433228,0.89999997615814209),(0.,0.89999997615814209)));
#4769=IFCINDEXEDPOLYCURVE(#4768,(IFCLINEINDEX((1,2,3,4,1))),$);
#4770=IFCCARTESIANPOINTLIST2D(((0.02500000037252903,0.02500000037252903),(0.68903509341180325,0.02500000037252903),(0.68903509341180325,0.87499997578561306),(0.02500000037252903,0.87499997578561306)));
#4771=IFCINDEXEDPOLYCURVE(#4770,(IFCLINEINDEX((1,2,3,4,1))),$);
#4772=IFCARBITRARYPROFILEDEFWITHVOIDS(.AREA.,$,#4769,(#4771));
#4773=IFCCARTESIANPOINT((0.,0.090000001713633537,0.));
#4774=IFCDIRECTION((0.,-1.,0.));
#4775=IFCDIRECTION((1.,0.,0.));
#4776=IFCAXIS2PLACEMENT3D(#4773,#4774,#4775);
#4777=IFCDIRECTION((0.,0.,-1.));
#4778=IFCEXTRUDEDAREASOLID(#4772,#4776,#4777,0.0099999997764825821);
#4779=IFCCARTESIANPOINTLIST2D(((0.,0.),(0.71403509378433228,0.),(0.71403509378433228,0.89999997615814209),(0.,0.89999997615814209)));
#4780=IFCINDEXEDPOLYCURVE(#4779,(IFCLINEINDEX((1,2,3,4,1))),$);
#4781=IFCCARTESIANPOINTLIST2D(((0.05000000074505806,0.05000000074505806),(0.66403509303927422,0.05000000074505806),(0.66403509303927422,0.84999997541308403),(0.05000000074505806,0.84999997541308403)));
#4782=IFCINDEXEDPOLYCURVE(#4781,(IFCLINEINDEX((1,2,3,4,1))),$);
#4783=IFCARBITRARYPROFILEDEFWITHVOIDS(.AREA.,$,#4780,(#4782));
#4784=IFCCARTESIANPOINT((0.,0.05000000074505806,0.));
#4785=IFCDIRECTION((0.,-1.,0.));
#4786=IFCDIRECTION((1.,0.,0.));
#4787=IFCAXIS2PLACEMENT3D(#4784,#4785,#4786);
#4788=IFCDIRECTION((0.,0.,-1.));
#4789=IFCEXTRUDEDAREASOLID(#4783,#4787,#4788,0.040000000968575478);
#4790=IFCCARTESIANPOINTLIST2D(((0.,0.),(0.66403509303927422,0.),(0.66403509303927422,0.84999997541308403),(0.,0.84999997541308403)));
#4791=IFCINDEXEDPOLYCURVE(#4790,(IFCLINEINDEX((1,2,3,4,1))),$);
#4792=IFCCARTESIANPOINTLIST2D(((0.035000000149011612,0.035000000149011612),(0.6290350928902626,0.035000000149011612),(0.6290350928902626,0.81499997526407242),(0.035000000149011612,0.81499997526407242)));
#4793=IFCINDEXEDPOLYCURVE(#4792,(IFCLINEINDEX((1,2,3,4,1))),$);
#4794=IFCARBITRARYPROFILEDEFWITHVOIDS(.AREA.,$,#4791,(#4793));
#4795=IFCCARTESIANPOINT((0.02500000037252903,0.090000001713633537,0.02500000037252903));
#4796=IFCDIRECTION((0.,-1.,0.));
#4797=IFCDIRECTION((1.,0.,0.));
#4798=IFCAXIS2PLACEMENT3D(#4795,#4796,#4797);
#4799=IFCDIRECTION((0.,0.,-1.));
#4800=IFCEXTRUDEDAREASOLID(#4794,#4798,#4799,0.035000000149011612);
#4801=IFCINDEXEDPOLYCURVE(#4802,(IFCLINEINDEX((1,2,3,4,1))),$);
#4802=IFCCARTESIANPOINTLIST2D(((0.035000000149011612,0.035000000149011612),(0.6290350928902626,0.035000000149011612),(0.6290350928902626,0.81499997526407242),(0.035000000149011612,0.81499997526407242)));
#4803=IFCARBITRARYCLOSEDPROFILEDEF(.AREA.,$,#4801);
#4804=IFCCARTESIANPOINT((0.02500000037252903,0.10250000178813934,0.02500000037252903));
#4805=IFCDIRECTION((0.,-1.,0.));
#4806=IFCDIRECTION((1.,0.,0.));
#4807=IFCAXIS2PLACEMENT3D(#4804,#4805,#4806);
#4808=IFCDIRECTION((0.,0.,-1.));
#4809=IFCEXTRUDEDAREASOLID(#4803,#4807,#4808,0.01);
#4810=IFCSHAPEREPRESENTATION(#11,'Body','SweptSolid',(#4778,#4789,#4800,#4809));
#4811=IFCSHAPEREPRESENTATION(#11,'Body','SweptSolid',(#4778,#4789));
#4812=IFCSHAPEASPECT((#4811),'Lining',$,.T.,#4694);
#4813=IFCSHAPEREPRESENTATION(#11,'Body','SweptSolid',(#4800));
#4814=IFCSHAPEASPECT((#4813),'Framing',$,.T.,#4694);
#4815=IFCSHAPEREPRESENTATION(#11,'Body','SweptSolid',(#4809));
#4816=IFCSHAPEASPECT((#4815),'Glazing',$,.T.,#4694);
#4817=IFCCARTESIANPOINTLIST2D(((0.05000000074505806,0.05000000074505806),(0.66403509303927422,0.05000000074505806)));
#4818=IFCINDEXEDPOLYCURVE(#4817,$,$);
#4819=IFCCARTESIANPOINTLIST2D(((0.,0.10000000149011612),(0.02500000037252903,0.10000000149011612),(0.02500000037252903,0.090000001713633537),(0.05000000074505806,0.090000001713633537),(0.05000000074505806,0.05000000074505806),(0.,0.05000000074505806)));
#4820=IFCINDEXEDPOLYCURVE(#4819,(IFCLINEINDEX((1,2,3,4,5,6,1))),$);
#4821=IFCCARTESIANPOINTLIST2D(((0.71403509378433228,0.10000000149011612),(0.68903509341180325,0.10000000149011612),(0.68903509341180325,0.090000001713633537),(0.66403509303927422,0.090000001713633537),(0.66403509303927422,0.05000000074505806),(0.71403509378433228,0.05000000074505806)));
#4822=IFCINDEXEDPOLYCURVE(#4821,(IFCLINEINDEX((1,2,3,4,5,6,1))),$);
#4823=IFCCARTESIANPOINTLIST2D(((0.02500000037252903,0.090000001713633537),(0.060000000521540642,0.090000001713633537),(0.060000000521540642,0.12500000186264515),(0.02500000037252903,0.12500000186264515)));
#4824=IFCINDEXEDPOLYCURVE(#4823,(IFCLINEINDEX((1,2,3,4,1))),$);
#4825=IFCINDEXEDPOLYCURVE(#4826,(IFCLINEINDEX((1,2,3,4,1))),$);
#4826=IFCCARTESIANPOINTLIST2D(((0.68903509341180325,0.090000001713633537),(0.65403509326279163,0.090000001713633537),(0.65403509326279163,0.12500000186264515),(0.68903509341180325,0.12500000186264515)));
#4827=IFCCARTESIANPOINTLIST2D(((0.060000000521540642,0.090000001713633537),(0.65403509326279163,0.090000001713633537)));
#4828=IFCINDEXEDPOLYCURVE(#4827,$,$);
#4829=IFCINDEXEDPOLYCURVE(#4830,$,$);
#4830=IFCCARTESIANPOINTLIST2D(((0.060000000521540642,0.12500000186264515),(0.65403509326279163,0.12500000186264515)));
#4831=IFCINDEXEDPOLYCURVE(#4832,$,$);
#4832=IFCCARTESIANPOINTLIST2D(((0.060000000521540642,0.10750000178813934),(0.65403509326279163,0.10750000178813934)));
#4833=IFCSHAPEREPRESENTATION(#24,'Body','Curve2D',(#4818,#4820,#4822,#4824,#4825,#4828,#4829,#4831));
#4834=IFCCARTESIANPOINTLIST2D(((0.,0.),(0.71403509378433228,0.),(0.71403509378433228,0.89999997615814209),(0.,0.89999997615814209)));
#4835=IFCINDEXEDPOLYCURVE(#4834,(IFCLINEINDEX((1,2,3,4,1))),$);
#4836=IFCARBITRARYCLOSEDPROFILEDEF(.AREA.,$,#4835);
#4837=IFCCARTESIANPOINT((0.,-0.60000002384185791,0.));
#4838=IFCDIRECTION((0.,-1.,0.));
#4839=IFCDIRECTION((1.,0.,0.));
#4840=IFCAXIS2PLACEMENT3D(#4837,#4838,#4839);
#4841=IFCDIRECTION((0.,0.,-1.));
#4842=IFCEXTRUDEDAREASOLID(#4836,#4840,#4841,1.2);
#4843=IFCSHAPEREPRESENTATION(#11,'Body','SweptSolid',(#4842));
#4849=IFCCARTESIANPOINT((0.79975128173840615,-1.6540251923657934E-07,1.));
#4850=IFCDIRECTION((0.,0.,1.));
#4851=IFCDIRECTION((0.99999999999997158,-2.3841857910149749E-07,0.));
#4852=IFCAXIS2PLACEMENT3D(#4849,#4850,#4851);
#4853=IFCLOCALPLACEMENT(#253,#4852);
#4854=IFCCARTESIANPOINT((1.3877787807814457E-17,8.8817841970012523E-16,0.));
#4855=IFCDIRECTION((0.,0.,1.));
#4856=IFCDIRECTION((1.,0.,0.));
#4857=IFCAXIS2PLACEMENT3D(#4854,#4855,#4856);
#4858=IFCLOCALPLACEMENT(#4853,#4857);
#4859=IFCCARTESIANPOINT((0.,0.,3.));
#4860=IFCDIRECTION((0.,0.,1.));
#4861=IFCDIRECTION((1.,0.,0.));
#4862=IFCAXIS2PLACEMENT3D(#4859,#4860,#4861);
#4863=IFCLOCALPLACEMENT(#56,#4862);
#4865=IFCRELCONTAINEDINSPATIALSTRUCTURE('0mdMDUEH5DqQ11rLwsVwhq',$,$,$,(#8290,#9091,#15762,#15524,#15458,#5717,#6401,#4973,#5173,#5098,#11003,#15480,#15502,#16376,#15735,#15387,#7840,#5023,#6053,#11293,#15409,#15431,#5148,#8836,#10516,#15206,#15228,#15294,#15316,#6966,#6376,#5073,#6279,#4998,#16278,#9400,#15272,#15338,#15360,#15184,#9763,#15250,#8581,#15683,#7533,#5198,#6659,#11125,#5123,#12452,#5048,#12289,#5695,#11030,#16110,#15806),#39);
#4887=IFCROOFTYPE('2xWRcY2NTESftPns7OLKaV',$,'Unnamed',$,$,(#4888),(#4917,#4945),$,$,.HIP_ROOF.);
#4888=IFCPROPERTYSET('0iL7M3hhr8sg1JQb7_0Ji$',$,'BBIM_Roof',$,(#4889));
#4889=IFCPROPERTYSINGLEVALUE('Data',$,IFCTEXT('{"roof_type": "HIP/GABLE ROOF", "generation_method": "ANGLE", "roof_thickness": 0.10000000149011612, "rafter_edge_angle": 1.5707963705062866, "angle": 0.1745329201221466, "percentage": 17.63269805908203, "path_data": {"edges": [[0, 1], [1, 2], [2, 3], [3, 0]], "verts": [[-5.0, -5.0, 0.0], [-5.0, 5.0, 0.0], [5.0, 5.0, 0.0], [5.0, -5.0, 0.0]]}}'),$);
#4913=IFCCARTESIANPOINT((0.,0.,0.));
#4914=IFCDIRECTION((1.,0.,0.));
#4915=IFCDIRECTION((0.,0.,1.));
#4916=IFCAXIS2PLACEMENT3D(#4913,#4915,#4914);
#4917=IFCREPRESENTATIONMAP(#4916,#4936);
#4918=IFCINDEXEDPOLYGONALFACE((3,1,2));
#4919=IFCINDEXEDPOLYGONALFACE((2,4,3));
#4920=IFCINDEXEDPOLYGONALFACE((1,3,5));
#4921=IFCINDEXEDPOLYGONALFACE((4,5,3));
#4922=IFCINDEXEDPOLYGONALFACE((6,7,8));
#4923=IFCINDEXEDPOLYGONALFACE((8,2,1));
#4924=IFCINDEXEDPOLYGONALFACE((8,1,6));
#4925=IFCINDEXEDPOLYGONALFACE((8,7,9));
#4926=IFCINDEXEDPOLYGONALFACE((2,8,9));
#4927=IFCINDEXEDPOLYGONALFACE((2,9,4));
#4928=IFCINDEXEDPOLYGONALFACE((10,7,6));
#4929=IFCINDEXEDPOLYGONALFACE((6,1,5));
#4930=IFCINDEXEDPOLYGONALFACE((6,5,10));
#4931=IFCINDEXEDPOLYGONALFACE((9,7,10));
#4932=IFCINDEXEDPOLYGONALFACE((4,9,10));
#4933=IFCINDEXEDPOLYGONALFACE((4,10,5));
#4934=IFCCARTESIANPOINTLIST3D(((-5.,-5.,0.),(5.,-5.,0.),(0.,0.,0.88163489103317261),(5.,5.,0.),(-5.,5.,0.),(-5.,-5.,-0.10154265910387039),(0.,0.,0.78009223937988281),(5.,-5.,-0.10154265910387039),(5.,5.,-0.10154265910387039),(-5.,5.,-0.10154265910387039)));
#4935=IFCPOLYGONALFACESET(#4934,.T.,(#4918,#4919,#4920,#4921,#4922,#4923,#4924,#4925,#4926,#4927,#4928,#4929,#4930,#4931,#4932,#4933),$);
#4936=IFCSHAPEREPRESENTATION(#11,'Body','Tessellation',(#4935));
#4938=IFCCARTESIANPOINT((-5.,-5.,-0.10154265910387039));
#4939=IFCBOUNDINGBOX(#4938,10.,10.,0.9831775426864624);
#4940=IFCSHAPEREPRESENTATION(#13,'Box','BoundingBox',(#4939));
#4941=IFCCARTESIANPOINT((0.,0.,0.));
#4942=IFCDIRECTION((1.,0.,0.));
#4943=IFCDIRECTION((0.,0.,1.));
#4944=IFCAXIS2PLACEMENT3D(#4941,#4943,#4942);
#4945=IFCREPRESENTATIONMAP(#4944,#4940);
#4973=IFCWALL('3p_v20fJj4k9kg8dhPyq6m',$,'Wall',$,$,#5654,#4979,$,$);
#4974=IFCMATERIALLAYERSETUSAGE(#82,.AXIS2.,.POSITIVE.,0.,$);
#4975=IFCRELASSOCIATESMATERIAL('2mlr7pgob2yht9TN0jzxuV',$,$,$,(#4973),#4974);
#4979=IFCPRODUCTDEFINITIONSHAPE($,$,(#14354,#14351));
#4995=IFCPROPERTYSET('07rHrC34P83R4ifmttE$65',$,'EPset_Parametric',$,(#4997));
#4996=IFCRELDEFINESBYPROPERTIES('382yCbPE59XfAmW1j5XGCH',$,$,$,(#4973),#4995);
#4997=IFCPROPERTYSINGLEVALUE('Engine',$,IFCLABEL('Bonsai.DumbLayer2'),$);
#4998=IFCWALL('1RvGrkthnDzQKV8ayP5Q3$',$,'Wall',$,$,#5371,#5004,$,$);
#4999=IFCMATERIALLAYERSETUSAGE(#82,.AXIS2.,.POSITIVE.,0.,$);
#5000=IFCRELASSOCIATESMATERIAL('0z2_QctPT5G99wAOLDTIaB',$,$,$,(#4998),#4999);
#5004=IFCPRODUCTDEFINITIONSHAPE($,$,(#14419,#14416));
#5020=IFCPROPERTYSET('37CYkUYZb6KOufkhkfe_vC',$,'EPset_Parametric',$,(#5022));
#5021=IFCRELDEFINESBYPROPERTIES('0nViJ74_j61OvnVUHoClNe',$,$,$,(#4998),#5020);
#5022=IFCPROPERTYSINGLEVALUE('Engine',$,IFCLABEL('Bonsai.DumbLayer2'),$);
#5023=IFCWALL('1njWhNN$DC79tOIokh7pn0',$,'Wall',$,$,#5837,#5029,$,$);
#5024=IFCMATERIALLAYERSETUSAGE(#82,.AXIS2.,.POSITIVE.,0.,$);
#5025=IFCRELASSOCIATESMATERIAL('2ArnKom9vCwR09yb65n131',$,$,$,(#5023),#5024);
#5029=IFCPRODUCTDEFINITIONSHAPE($,$,(#14679,#14676));
#5045=IFCPROPERTYSET('3U83Zt0fT2cgmez_XCX5pa',$,'EPset_Parametric',$,(#5047));
#5046=IFCRELDEFINESBYPROPERTIES('3dR36r_3jAMelnkE_fnZIz',$,$,$,(#5023),#5045);
#5047=IFCPROPERTYSINGLEVALUE('Engine',$,IFCLABEL('Bonsai.DumbLayer2'),$);
#5048=IFCWALL('1Vtb$egCD98O7K8SPXvGoR',$,'Wall',$,$,#13477,#5054,$,$);
#5049=IFCMATERIALLAYERSETUSAGE(#82,.AXIS2.,.POSITIVE.,0.,$);
#5050=IFCRELASSOCIATESMATERIAL('2oLFDZ7LH2WulhQS9iI6M4',$,$,$,(#5048),#5049);
#5054=IFCPRODUCTDEFINITIONSHAPE($,$,(#14575,#14572));
#5070=IFCPROPERTYSET('2v8H35YtHD2gZmJBg48nsz',$,'EPset_Parametric',$,(#5072));
#5071=IFCRELDEFINESBYPROPERTIES('2gBJ5XMBTFzuoCLpVYTZM0',$,$,$,(#5048),#5070);
#5072=IFCPROPERTYSINGLEVALUE('Engine',$,IFCLABEL('Bonsai.DumbLayer2'),$);
#5073=IFCWALL('1XOJZOnHrECOHoprhw5l83',$,'Wall',$,$,#5462,#5079,$,$);
#5074=IFCMATERIALLAYERSETUSAGE(#82,.AXIS2.,.POSITIVE.,0.,$);
#5075=IFCRELASSOCIATESMATERIAL('0dEbdwsBT3Y9jcu4g26C3C',$,$,$,(#5073),#5074);
#5079=IFCPRODUCTDEFINITIONSHAPE($,$,(#14445,#14442));
#5095=IFCPROPERTYSET('1RirK34ZPBeOOI1aIXO5RH',$,'EPset_Parametric',$,(#5097));
#5096=IFCRELDEFINESBYPROPERTIES('2FKsNzpw98DO_dmbTj48hA',$,$,$,(#5073),#5095);
#5097=IFCPROPERTYSINGLEVALUE('Engine',$,IFCLABEL('Bonsai.DumbLayer2'),$);
#5098=IFCWALL('3FKjolp5L7jx1NhNACKYiz',$,'Wall',$,$,#5494,#5104,$,$);
#5099=IFCMATERIALLAYERSETUSAGE(#82,.AXIS2.,.POSITIVE.,0.,$);
#5100=IFCRELASSOCIATESMATERIAL('322LCyMUf4dRkhGIRFPgY1',$,$,$,(#5098),#5099);
#5104=IFCPRODUCTDEFINITIONSHAPE($,$,(#14692,#14689));
#5120=IFCPROPERTYSET('1PTbIp5Xn1sP7vbHl2pXvp',$,'EPset_Parametric',$,(#5122));
#5121=IFCRELDEFINESBYPROPERTIES('3yg$56hu53Z8y1yIDQ1DSR',$,$,$,(#5098),#5120);
#5122=IFCPROPERTYSINGLEVALUE('Engine',$,IFCLABEL('Bonsai.DumbLayer2'),$);
#5123=IFCWALL('0S4tkaKDP3SfIka0ioaTQN',$,'Wall',$,$,#5526,#5129,$,$);
#5124=IFCMATERIALLAYERSETUSAGE(#82,.AXIS2.,.POSITIVE.,0.,$);
#5125=IFCRELASSOCIATESMATERIAL('05Dc5y5C9EXhSJwbUIs5Lk',$,$,$,(#5123),#5124);
#5129=IFCPRODUCTDEFINITIONSHAPE($,$,(#14523,#14520));
#5145=IFCPROPERTYSET('2x4zo$SSbFuOcQ7ug7N9lG',$,'EPset_Parametric',$,(#5147));
#5146=IFCRELDEFINESBYPROPERTIES('3aDzVFb2v489lHvZ2QChbm',$,$,$,(#5123),#5145);
#5147=IFCPROPERTYSINGLEVALUE('Engine',$,IFCLABEL('Bonsai.DumbLayer2'),$);
#5148=IFCWALL('1v5fEz31TEOfqqqhJlzlvs',$,'Wall',$,$,#5558,#5154,$,$);
#5149=IFCMATERIALLAYERSETUSAGE(#82,.AXIS2.,.POSITIVE.,0.,$);
#5150=IFCRELASSOCIATESMATERIAL('1CavtvvCXEJgWCR_BSiwtv',$,$,$,(#5148),#5149);
#5154=IFCPRODUCTDEFINITIONSHAPE($,$,(#14653,#14650));
#5170=IFCPROPERTYSET('1oJYM1EtrECBtC9wJH03BX',$,'EPset_Parametric',$,(#5172));
#5171=IFCRELDEFINESBYPROPERTIES('1aE4KfrGnCreLx3VK2hGnm',$,$,$,(#5148),#5170);
#5172=IFCPROPERTYSINGLEVALUE('Engine',$,IFCLABEL('Bonsai.DumbLayer2'),$);
#5173=IFCWALL('3r4KNNnwb0J9Z6gGQ1GwrC',$,'Wall',$,$,#5590,#5179,$,$);
#5174=IFCMATERIALLAYERSETUSAGE(#82,.AXIS2.,.POSITIVE.,0.,$);
#5175=IFCRELASSOCIATESMATERIAL('0gtwfJXWbAGwgi_cp45DCH',$,$,$,(#5173),#5174);
#5179=IFCPRODUCTDEFINITIONSHAPE($,$,(#14510,#14507));
#5195=IFCPROPERTYSET('1yJi0YGvbCZ9yiCsgy8yRQ',$,'EPset_Parametric',$,(#5197));
#5196=IFCRELDEFINESBYPROPERTIES('0mDj7Bg1XCuOxOxDItxnkl',$,$,$,(#5173),#5195);
#5197=IFCPROPERTYSINGLEVALUE('Engine',$,IFCLABEL('Bonsai.DumbLayer2'),$);
#5198=IFCWALL('10qGOu9pLE6PmNhjQaxd8y',$,'Wall',$,$,#5622,#5204,$,$);
#5199=IFCMATERIALLAYERSETUSAGE(#82,.AXIS2.,.POSITIVE.,0.,$);
#5200=IFCRELASSOCIATESMATERIAL('3Ebgb186X3Pg8R9nefkCs0',$,$,$,(#5198),#5199);
#5204=IFCPRODUCTDEFINITIONSHAPE($,$,(#14393,#14390));
#5220=IFCPROPERTYSET('0Cah_Q_AX1Awe94FpRawGX',$,'EPset_Parametric',$,(#5222));
#5221=IFCRELDEFINESBYPROPERTIES('0IpIuAaZL6zQn9PIgGnLtv',$,$,$,(#5198),#5220);
#5222=IFCPROPERTYSINGLEVALUE('Engine',$,IFCLABEL('Bonsai.DumbLayer2'),$);
#5353=IFCRELCONNECTSPATHELEMENTS('3JvnNWanj4C8VVQH8kvb6A',$,$,$,$,#4998,#4973,(),(),.ATEND.,.ATSTART.);
#5367=IFCCARTESIANPOINT((4.2072856483731531,6.4910583496093954,0.));
#5368=IFCDIRECTION((0.,0.,1.));
#5369=IFCDIRECTION((-0.99999999999999623,8.7422776573475527E-08,0.));
#5370=IFCAXIS2PLACEMENT3D(#5367,#5368,#5369);
#5371=IFCLOCALPLACEMENT(#4863,#5370);
#5444=IFCRELCONNECTSPATHELEMENTS('1R4RSzmHP8Cw2BnBv1_iOC',$,$,$,$,#5073,#5048,(),(),.ATEND.,.ATSTART.);
#5458=IFCCARTESIANPOINT((-3.3027141094208434,5.5110596973803441,0.));
#5459=IFCDIRECTION((0.,0.,1.));
#5460=IFCDIRECTION((7.5497901264043123E-08,-0.99999999999999722,0.));
#5461=IFCAXIS2PLACEMENT3D(#5458,#5459,#5460);
#5462=IFCLOCALPLACEMENT(#4863,#5461);
#5476=IFCRELCONNECTSPATHELEMENTS('3Vi7D8Tv563RToxfPfeF0I',$,$,$,$,#5098,#5073,(),(),.ATEND.,.ATSTART.);
#5490=IFCCARTESIANPOINT((-3.3027135696107748,-1.6389412879943848,0.));
#5491=IFCDIRECTION((0.,0.,1.));
#5492=IFCDIRECTION((1.,0.,0.));
#5493=IFCAXIS2PLACEMENT3D(#5490,#5491,#5492);
#5494=IFCLOCALPLACEMENT(#4863,#5493);
#5508=IFCRELCONNECTSPATHELEMENTS('1IUidW5YT3uBEYikNIi6Jg',$,$,$,$,#5123,#5098,(),(),.ATEND.,.ATSTART.);
#5522=IFCCARTESIANPOINT((0.24728631973265561,-1.6389412879943848,0.));
#5523=IFCDIRECTION((0.,0.,1.));
#5524=IFCDIRECTION((-4.3711388286737889E-08,-0.99999999999999911,0.));
#5525=IFCAXIS2PLACEMENT3D(#5522,#5523,#5524);
#5526=IFCLOCALPLACEMENT(#4863,#5525);
#5540=IFCRELCONNECTSPATHELEMENTS('3nBZf5OE9Fw8kDtA$o9b86',$,$,$,$,#5148,#5123,(),(),.ATEND.,.ATSTART.);
#5554=IFCCARTESIANPOINT((0.24728629394295068,-2.2289409637451127,0.));
#5555=IFCDIRECTION((0.,0.,1.));
#5556=IFCDIRECTION((0.99999999999997158,2.3841857910155572E-07,0.));
#5557=IFCAXIS2PLACEMENT3D(#5554,#5555,#5556);
#5558=IFCLOCALPLACEMENT(#4863,#5557);
#5572=IFCRELCONNECTSPATHELEMENTS('1AmJOVfCj2af_2QjTYWnFn',$,$,$,$,#5173,#5148,(),(),.ATEND.,.ATSTART.);
#5586=IFCCARTESIANPOINT((1.8272863626480327,-2.2289405870437418,0.));
#5587=IFCDIRECTION((0.,0.,1.));
#5588=IFCDIRECTION((-1.6292068494294439E-07,-0.99999999999998679,0.));
#5589=IFCAXIS2PLACEMENT3D(#5586,#5587,#5588);
#5590=IFCLOCALPLACEMENT(#4863,#5589);
#5604=IFCRELCONNECTSPATHELEMENTS('2OQxVS2X52tgzlInpfqDm7',$,$,$,$,#5198,#5173,(),(),.ATEND.,.ATSTART.);
#5618=IFCCARTESIANPOINT((1.827286216019417,-3.1289405822753906,0.));
#5619=IFCDIRECTION((0.,0.,1.));
#5620=IFCDIRECTION((1.,0.,0.));
#5621=IFCAXIS2PLACEMENT3D(#5618,#5619,#5620);
#5622=IFCLOCALPLACEMENT(#4863,#5621);
#5650=IFCCARTESIANPOINT((4.2072849220834243,-3.1289405822753911,0.));
#5651=IFCDIRECTION((0.,0.,1.));
#5652=IFCDIRECTION((7.5497901264043123E-08,0.99999999999999722,0.));
#5653=IFCAXIS2PLACEMENT3D(#5650,#5651,#5652);
#5654=IFCLOCALPLACEMENT(#4863,#5653);
#5668=IFCRELCONNECTSPATHELEMENTS('0Iz5_RzZvEghSzrTCdhE6g',$,$,$,$,#4973,#5198,(),(),.ATEND.,.ATSTART.);
#5695=IFCSLAB('1ahsHH3oX92eISzupL4e9n',$,'Slab.001',$,$,#5702,#5709,$,$);
#5696=IFCMATERIALLAYERSETUSAGE(#1089,.AXIS3.,.POSITIVE.,-0.10000000149011612,$);
#5697=IFCRELASSOCIATESMATERIAL('0sCuiRuTD6NgVotgpsMs1A',$,$,$,(#5695),#5696);
#5698=IFCCARTESIANPOINT((4.2072849273681641,-3.1289405822753906,0.));
#5699=IFCDIRECTION((0.,0.,1.));
#5700=IFCDIRECTION((1.,0.,0.));
#5701=IFCAXIS2PLACEMENT3D(#5698,#5699,#5700);
#5702=IFCLOCALPLACEMENT(#4863,#5701);
#5705=IFCDIRECTION((0.,0.,1.));
#5707=IFCEXTRUDEDAREASOLID(#12163,#5716,#5705,0.10000000000000001);
#5708=IFCSHAPEREPRESENTATION(#11,'Body','SweptSolid',(#5707));
#5709=IFCPRODUCTDEFINITIONSHAPE($,$,(#5708));
#5710=IFCPROPERTYSET('0w1JzhF8HAoutZv10$eDk5',$,'EPset_Parametric',$,(#5712));
#5711=IFCRELDEFINESBYPROPERTIES('2MvaQPkIDCJOJkOJ1e4G5U',$,$,$,(#5695),#5710);
#5712=IFCPROPERTYSINGLEVALUE('Engine',$,IFCLABEL('Bonsai.DumbLayer3'),$);
#5713=IFCCARTESIANPOINT((-0.,-0.,-0.10000000149011612));
#5714=IFCDIRECTION((0.,0.,1.));
#5715=IFCDIRECTION((1.,0.,0.));
#5716=IFCAXIS2PLACEMENT3D(#5713,#5714,#5715);
#5717=IFCWALL('1r70xkUgn85O1IvxBj7Ktc',$,'Wall',$,$,#6095,#5723,$,$);
#5718=IFCMATERIALLAYERSETUSAGE(#82,.AXIS2.,.POSITIVE.,0.,$);
#5719=IFCRELASSOCIATESMATERIAL('2XVV7XxNL3zeS$xH4UXyAX',$,$,$,(#5717),#5718);
#5723=IFCPRODUCTDEFINITIONSHAPE($,$,(#14341,#14338));
#5739=IFCPROPERTYSET('13MTZkffrEzviDP6LwxWNt',$,'EPset_Parametric',$,(#5741));
#5740=IFCRELDEFINESBYPROPERTIES('2wyANkHIL9zvWi2cJFkB$G',$,$,$,(#5717),#5739);
#5741=IFCPROPERTYSINGLEVALUE('Engine',$,IFCLABEL('Bonsai.DumbLayer2'),$);
#5833=IFCCARTESIANPOINT((0.24144391715529115,6.4910586963142913,0.));
#5834=IFCDIRECTION((0.,0.,1.));
#5835=IFCDIRECTION((1.9470718370939353E-07,-0.99999999999998113,0.));
#5836=IFCAXIS2PLACEMENT3D(#5833,#5834,#5835);
#5837=IFCLOCALPLACEMENT(#4863,#5836);
#5851=IFCRELCONNECTSPATHELEMENTS('0_R8sdvzLFewgX$zxBs0c5',$,$,$,$,#5023,#4998,(),(),.ATEND.,.ATSTART.);
#5995=IFCRELCONNECTSPATHELEMENTS('0iDhqN2z90ZOPu8AVAmUve',$,$,$,$,#5717,#5048,(),(),.ATSTART.,.ATEND.);
#6053=IFCWALL('0bmUIrQqD5ae$XqBkuk$6$',$,'Wall',$,$,#6168,#6059,$,$);
#6054=IFCMATERIALLAYERSETUSAGE(#82,.AXIS2.,.POSITIVE.,0.,$);
#6055=IFCRELASSOCIATESMATERIAL('08R3YkeJPF28PBtIFydL0r',$,$,$,(#6053),#6054);
#6059=IFCPRODUCTDEFINITIONSHAPE($,$,(#14458,#14455));
#6075=IFCPROPERTYSET('10wiFbDJD2W8Yapbvwqi2P',$,'EPset_Parametric',$,(#6077));
#6076=IFCRELDEFINESBYPROPERTIES('2UiuueHr992x8xMj8yeVZ1',$,$,$,(#6053),#6075);
#6077=IFCPROPERTYSINGLEVALUE('Engine',$,IFCLABEL('Bonsai.DumbLayer2'),$);
#6091=IFCCARTESIANPOINT((0.3434811532497406,-1.5389412641525269,0.));
#6092=IFCDIRECTION((0.,0.,1.));
#6093=IFCDIRECTION((1.9470718370939353E-07,0.99999999999998113,0.));
#6094=IFCAXIS2PLACEMENT3D(#6091,#6092,#6093);
#6095=IFCLOCALPLACEMENT(#4863,#6094);
#6096=IFCRELCONNECTSPATHELEMENTS('2voCT9Ykj0Hg1zkXG3c3TB',$,$,$,$,#6053,#5717,(),(),.ATPATH.,.ATEND.);
#6150=IFCRELCONNECTSPATHELEMENTS('2TWZqFGmPDxvg9DFPemctg',$,$,$,$,#6053,#5073,(),(),.ATPATH.,.ATSTART.);
#6164=IFCCARTESIANPOINT((-3.302713883226144,2.5150201320648193,0.));
#6165=IFCDIRECTION((0.,0.,1.));
#6166=IFCDIRECTION((1.,0.,0.));
#6167=IFCAXIS2PLACEMENT3D(#6164,#6165,#6166);
#6168=IFCLOCALPLACEMENT(#4863,#6167);
#6279=IFCWALL('1PbIjFIBfE5OOsaT5vLftC',$,'Wall',$,$,#6335,#6285,$,$);
#6280=IFCMATERIALLAYERSETUSAGE(#82,.AXIS2.,.POSITIVE.,0.,$);
#6281=IFCRELASSOCIATESMATERIAL('0FeTS0XMr5mRKjFmJd5Jrj',$,$,$,(#6279),#6280);
#6285=IFCPRODUCTDEFINITIONSHAPE($,$,(#14640,#14637));
#6301=IFCPROPERTYSET('2HdubjgWj7A8xXDVCpHdm2',$,'EPset_Parametric',$,(#6303));
#6302=IFCRELDEFINESBYPROPERTIES('2MXD4VWr19OxMVMTJuXTfU',$,$,$,(#6279),#6301);
#6303=IFCPROPERTYSINGLEVALUE('Engine',$,IFCLABEL('Bonsai.DumbLayer2'),$);
#6317=IFCRELCONNECTSPATHELEMENTS('0eK_1AUIz6L8w41bvqNJYu',$,$,$,$,#6279,#4973,(),(),.ATPATH.,.ATSTART.);
#6331=IFCCARTESIANPOINT((4.207285532979177,4.9626188135199092,0.));
#6332=IFCDIRECTION((0.,0.,1.));
#6333=IFCDIRECTION((-0.99999999999999623,8.7422776573475527E-08,0.));
#6334=IFCAXIS2PLACEMENT3D(#6331,#6332,#6333);
#6335=IFCLOCALPLACEMENT(#4863,#6334);
#6349=IFCRELCONNECTSPATHELEMENTS('0TEUGKOTL2wvH_0SHYDUy7',$,$,$,$,#6279,#5717,(),(),.ATPATH.,.ATEND.);
#6376=IFCWALL('39GIBU5GL7GxuoZNwW1vIE',$,'Wall',$,$,#6537,#6382,$,$);
#6377=IFCMATERIALLAYERSETUSAGE(#82,.AXIS2.,.POSITIVE.,0.,$);
#6378=IFCRELASSOCIATESMATERIAL('3xqmjhFjX12RiN_dI4oApP',$,$,$,(#6376),#6377);
#6382=IFCPRODUCTDEFINITIONSHAPE($,$,(#14666,#14663));
#6398=IFCPROPERTYSET('3h8ZcXSXD9xxaQDpX97uEZ',$,'EPset_Parametric',$,(#6400));
#6399=IFCRELDEFINESBYPROPERTIES('1qOfMcLw15rvnuNvaD_L3W',$,$,$,(#6376),#6398);
#6400=IFCPROPERTYSINGLEVALUE('Engine',$,IFCLABEL('Bonsai.DumbLayer2'),$);
#6401=IFCWALL('3_utffPNjCKO6FlvPO0aTg',$,'Wall',$,$,#6412,#6407,$,$);
#6402=IFCMATERIALLAYERSETUSAGE(#82,.AXIS2.,.POSITIVE.,0.,$);
#6403=IFCRELASSOCIATESMATERIAL('0VsuEMzoL3buus06Gh7HsD',$,$,$,(#6401),#6402);
#6407=IFCPRODUCTDEFINITIONSHAPE($,$,(#14562,#14559));
#6408=IFCCARTESIANPOINT((0.48214292526245117,0.4428669810295105,0.));
#6409=IFCDIRECTION((0.,0.,1.));
#6410=IFCDIRECTION((-0.99999999999999623,8.7422776573475527E-08,0.));
#6411=IFCAXIS2PLACEMENT3D(#6408,#6409,#6410);
#6412=IFCLOCALPLACEMENT(#4863,#6411);
#6423=IFCPROPERTYSET('0cAxdonkz3uQk4iFmSXpBP',$,'EPset_Parametric',$,(#6425));
#6424=IFCRELDEFINESBYPROPERTIES('2q_l2oOErCjQKGAYqr5iAF',$,$,$,(#6401),#6423);
#6425=IFCPROPERTYSINGLEVALUE('Engine',$,IFCLABEL('Bonsai.DumbLayer2'),$);
#6478=IFCRELCONNECTSPATHELEMENTS('1C_oi6dB149fRz$yMv1EFS',$,$,$,$,#6401,#5717,(),(),.ATPATH.,.ATEND.);
#6492=IFCRELCONNECTSPATHELEMENTS('17QhmqeGn8swz9zhydIw5t',$,$,$,$,#6376,#5717,(),(),.ATPATH.,.ATEND.);
#6519=IFCRELCONNECTSPATHELEMENTS('2YfnPHPGH1UP8Y$oXEl2KA',$,$,$,$,#6376,#4973,(),(),.ATPATH.,.ATSTART.);
#6533=IFCCARTESIANPOINT((4.2072851917473999,0.44286697271191938,0.));
#6534=IFCDIRECTION((0.,0.,1.));
#6535=IFCDIRECTION((-0.99999999999999623,8.7422776573475527E-08,0.));
#6536=IFCAXIS2PLACEMENT3D(#6533,#6534,#6535);
#6537=IFCLOCALPLACEMENT(#4863,#6536);
#6551=IFCDOORTYPE('3oSnmifVD4uB9kPtdAUIYZ',$,'Bedroom 1 - 2F',$,$,(#6552),(#6554,#6562,#6640),$,$,.DOOR.,.SINGLE_SWING_LEFT.,$,$);
#6552=IFCPROPERTYSET('35QVaWs6HCz9ZILWy2svYv',$,'BBIM_Door',$,(#6553));
#6553=IFCPROPERTYSINGLEVALUE('Data',$,IFCTEXT('{"door_type": "SINGLE_SWING_LEFT", "overall_height": 2.0, "overall_width": 0.7860657572746277, "lining_properties": {"lining_depth": 0.05000000074505806, "lining_thickness": 0.05000000074505806, "lining_offset": 0.0, "lining_to_panel_offset_x": 0.02500000037252903, "lining_to_panel_offset_y": 0.02500000037252903, "transom_thickness": 0.0, "casing_thickness": 0.07500000298023224, "casing_depth": 0.004999999888241291, "threshold_thickness": 0.02500000037252903, "threshold_depth": 0.10000000149011612, "threshold_offset": 0.0}, "panel_properties": {"panel_depth": 0.03500000014901161, "panel_width_ratio": 1.0}}'),$);
#6554=IFCREPRESENTATIONMAP(#6555,#7312);
#6555=IFCAXIS2PLACEMENT3D(#6556,#6557,#6558);
#6556=IFCCARTESIANPOINT((0.,0.,0.));
#6557=IFCDIRECTION((0.,0.,1.));
#6558=IFCDIRECTION((1.,0.,0.));
#6562=IFCREPRESENTATIONMAP(#6563,#7385);
#6563=IFCAXIS2PLACEMENT3D(#6564,#6565,#6566);
#6564=IFCCARTESIANPOINT((0.,0.,0.));
#6565=IFCDIRECTION((0.,0.,1.));
#6566=IFCDIRECTION((1.,0.,0.));
#6640=IFCREPRESENTATIONMAP(#6641,#7399);
#6641=IFCAXIS2PLACEMENT3D(#6642,#6643,#6644);
#6642=IFCCARTESIANPOINT((0.,0.,0.));
#6643=IFCDIRECTION((0.,0.,1.));
#6644=IFCDIRECTION((1.,0.,0.));
#6659=IFCDOOR('1$hK6JEsz7NhDawx5PsSyo',$,'Door',$,$,#7424,#6668,$,2.,0.78606575727462769,$,.SINGLE_SWING_LEFT.,$);
#6660=IFCRELDEFINESBYTYPE('3TaQYSC3v6XeeMjaEUYcAs',$,$,$,(#6659),#6551);
#6661=IFCCARTESIANPOINT((0.,0.,0.));
#6662=IFCDIRECTION((1.,0.,0.));
#6663=IFCDIRECTION((0.,1.,0.));
#6664=IFCDIRECTION((0.,0.,1.));
#6665=IFCCARTESIANTRANSFORMATIONOPERATOR3D(#6662,#6663,#6661,1.,#6664);
#6666=IFCMAPPEDITEM(#6554,#6665);
#6667=IFCSHAPEREPRESENTATION(#18,'Profile','MappedRepresentation',(#6666));
#6668=IFCPRODUCTDEFINITIONSHAPE($,$,(#6667,#6675,#6682));
#6669=IFCCARTESIANPOINT((0.,0.,0.));
#6670=IFCDIRECTION((1.,0.,0.));
#6671=IFCDIRECTION((0.,1.,0.));
#6672=IFCDIRECTION((0.,0.,1.));
#6673=IFCCARTESIANTRANSFORMATIONOPERATOR3D(#6670,#6671,#6669,1.,#6672);
#6674=IFCMAPPEDITEM(#6562,#6673);
#6675=IFCSHAPEREPRESENTATION(#11,'Body','MappedRepresentation',(#6674));
#6676=IFCCARTESIANPOINT((0.,0.,0.));
#6677=IFCDIRECTION((1.,0.,0.));
#6678=IFCDIRECTION((0.,1.,0.));
#6679=IFCDIRECTION((0.,0.,1.));
#6680=IFCCARTESIANTRANSFORMATIONOPERATOR3D(#6677,#6678,#6676,1.,#6679);
#6681=IFCMAPPEDITEM(#6640,#6680);
#6682=IFCSHAPEREPRESENTATION(#24,'Body','MappedRepresentation',(#6681));
#6683=IFCOPENINGELEMENT('1NQwaL6rP48PDGFbO1prhx',$,'Opening',$,$,#7419,#6711,$,.OPENING.);
#6699=IFCCARTESIANPOINT((0.,0.,0.));
#6700=IFCDIRECTION((1.,0.,0.));
#6701=IFCDIRECTION((0.,0.,1.));
#6702=IFCAXIS2PLACEMENT3D(#6699,#6701,#6700);
#6703=IFCREPRESENTATIONMAP(#6702,#7409);
#6704=IFCCARTESIANPOINT((0.,0.,0.));
#6705=IFCDIRECTION((1.,0.,0.));
#6706=IFCDIRECTION((0.,1.,0.));
#6707=IFCDIRECTION((0.,0.,1.));
#6708=IFCCARTESIANTRANSFORMATIONOPERATOR3D(#6705,#6706,#6704,1.,#6707);
#6709=IFCMAPPEDITEM(#6703,#6708);
#6710=IFCSHAPEREPRESENTATION(#11,'Body','MappedRepresentation',(#6709));
#6711=IFCPRODUCTDEFINITIONSHAPE($,$,(#6710));
#6712=IFCRELVOIDSELEMENT('0Ro7VrR3D9x8hYrNLCtR5g',$,$,$,#5717,#6683);
#6718=IFCRELFILLSELEMENT('3Gy7vQp8H9rfGRy2VoWsZ$',$,$,$,#6683,#6659);
#6742=IFCCARTESIANPOINTLIST2D(((0.,0.),(0.,2.),(0.78606575727462769,2.),(0.78606575727462769,0.),(0.76106575690209866,0.),(0.76106575690209866,1.974999999627471),(0.02500000037252903,1.974999999627471),(0.02500000037252903,0.)));
#6743=IFCINDEXEDPOLYCURVE(#6742,(IFCLINEINDEX((1,2,3,4,5,6,7,8,1))),$);
#6744=IFCARBITRARYCLOSEDPROFILEDEF(.AREA.,$,#6743);
#6745=IFCCARTESIANPOINT((0.,0.02500000037252903,0.));
#6746=IFCDIRECTION((0.,-1.,0.));
#6747=IFCDIRECTION((1.,0.,0.));
#6748=IFCAXIS2PLACEMENT3D(#6745,#6746,#6747);
#6749=IFCDIRECTION((0.,0.,-1.));
#6750=IFCEXTRUDEDAREASOLID(#6744,#6748,#6749,0.02500000037252903);
#6751=IFCCARTESIANPOINTLIST2D(((0.,0.),(0.,2.),(0.78606575727462769,2.),(0.78606575727462769,0.),(0.73606575652956963,0.),(0.73606575652956963,1.9499999992549419),(0.05000000074505806,1.9499999992549419),(0.05000000074505806,0.)));
#6752=IFCINDEXEDPOLYCURVE(#6751,(IFCLINEINDEX((1,2,3,4,5,6,7,8,1))),$);
#6753=IFCARBITRARYCLOSEDPROFILEDEF(.AREA.,$,#6752);
#6754=IFCCARTESIANPOINT((0.,0.,0.));
#6755=IFCDIRECTION((0.,-1.,0.));
#6756=IFCDIRECTION((1.,0.,0.));
#6757=IFCAXIS2PLACEMENT3D(#6754,#6755,#6756);
#6758=IFCDIRECTION((0.,0.,-1.));
#6759=IFCEXTRUDEDAREASOLID(#6753,#6757,#6758,0.02500000037252903);
#6760=IFCCARTESIANPOINTLIST2D(((0.,0.),(0.68606575578451157,0.),(0.68606575578451157,0.10000000149011612),(0.,0.10000000149011612)));
#6761=IFCINDEXEDPOLYCURVE(#6760,(IFCLINEINDEX((1,2,3,4,1))),$);
#6762=IFCARBITRARYCLOSEDPROFILEDEF(.AREA.,$,#6761);
#6763=IFCCARTESIANPOINT((0.05000000074505806,0.,0.));
#6764=IFCDIRECTION((0.,0.,1.));
#6765=IFCDIRECTION((1.,0.,0.));
#6766=IFCAXIS2PLACEMENT3D(#6763,#6764,#6765);
#6767=IFCDIRECTION((0.,0.,1.));
#6768=IFCEXTRUDEDAREASOLID(#6762,#6766,#6767,0.02500000037252903);
#6769=IFCCARTESIANPOINTLIST2D(((0.,0.),(0.,2.0250000022351742),(0.83606576174497604,2.0250000022351742),(0.83606576174497604,0.),(0.7610657587647438,0.),(0.7610657587647438,1.9499999992549419),(0.075000002980232239,1.9499999992549419),(0.075000002980232239,0.)));
#6770=IFCINDEXEDPOLYCURVE(#6769,(IFCLINEINDEX((1,2,3,4,5,6,7,8,1))),$);
#6771=IFCARBITRARYCLOSEDPROFILEDEF(.AREA.,$,#6770);
#6772=IFCCARTESIANPOINT((-0.025000002235174179,-0.004999999888241291,0.));
#6773=IFCDIRECTION((0.,-1.,0.));
#6774=IFCDIRECTION((1.,0.,0.));
#6775=IFCAXIS2PLACEMENT3D(#6772,#6773,#6774);
#6776=IFCDIRECTION((0.,0.,-1.));
#6777=IFCEXTRUDEDAREASOLID(#6771,#6775,#6776,0.004999999888241291);
#6778=IFCCARTESIANPOINTLIST2D(((0.,0.),(0.,2.0250000022351742),(0.83606576174497604,2.0250000022351742),(0.83606576174497604,0.),(0.78606575913727283,0.),(0.78606575913727283,1.974999999627471),(0.050000002607703209,1.974999999627471),(0.050000002607703209,0.)));
#6779=IFCINDEXEDPOLYCURVE(#6778,(IFCLINEINDEX((1,2,3,4,5,6,7,8,1))),$);
#6780=IFCARBITRARYCLOSEDPROFILEDEF(.AREA.,$,#6779);
#6781=IFCCARTESIANPOINT((-0.025000002235174179,0.05000000074505806,0.));
#6782=IFCDIRECTION((0.,-1.,0.));
#6783=IFCDIRECTION((1.,0.,0.));
#6784=IFCAXIS2PLACEMENT3D(#6781,#6782,#6783);
#6785=IFCDIRECTION((0.,0.,-1.));
#6786=IFCEXTRUDEDAREASOLID(#6780,#6784,#6785,0.004999999888241291);
#6787=IFCCARTESIANPOINTLIST2D(((0.,0.),(0.73606575652956963,0.),(0.73606575652956963,0.035000000149011612),(0.,0.035000000149011612)));
#6788=IFCINDEXEDPOLYCURVE(#6787,(IFCLINEINDEX((1,2,3,4,1))),$);
#6789=IFCARBITRARYCLOSEDPROFILEDEF(.AREA.,$,#6788);
#6790=IFCCARTESIANPOINT((0.02500000037252903,0.02500000037252903,0.02500000037252903));
#6791=IFCDIRECTION((0.,0.,1.));
#6792=IFCDIRECTION((1.,0.,0.));
#6793=IFCAXIS2PLACEMENT3D(#6790,#6791,#6792);
#6794=IFCDIRECTION((0.,0.,1.));
#6795=IFCEXTRUDEDAREASOLID(#6789,#6793,#6794,1.9499999992549419);
#6796=IFCCARTESIANPOINTLIST2D(((0.,0.),(0.,-0.040000000000000001),(0.12,-0.040000000000000001),(0.12,-0.02),(0.02,-0.02),(0.02,0.)));
#6797=IFCINDEXEDPOLYCURVE(#6796,(IFCLINEINDEX((1,2,3,4,5,6,1))),$);
#6798=IFCARBITRARYCLOSEDPROFILEDEF(.AREA.,$,#6797);
#6799=IFCCARTESIANPOINT((0.075000000372529033,0.02500000037252903,1.015000000372529));
#6800=IFCDIRECTION((0.,0.,1.));
#6801=IFCDIRECTION((1.,0.,0.));
#6802=IFCAXIS2PLACEMENT3D(#6799,#6800,#6801);
#6803=IFCDIRECTION((0.,0.,1.));
#6804=IFCEXTRUDEDAREASOLID(#6798,#6802,#6803,0.02);
#6805=IFCEXTRUDEDAREASOLID(#6806,#6809,#6813,0.02);
#6806=IFCARBITRARYCLOSEDPROFILEDEF(.AREA.,$,#6807);
#6807=IFCINDEXEDPOLYCURVE(#6808,(IFCLINEINDEX((1,2,3,4,5,6,1))),$);
#6808=IFCCARTESIANPOINTLIST2D(((0.,0.),(0.,0.040000000000000008),(0.11999999999999998,0.040000000000000008),(0.11999999999999998,0.020000000000000004),(0.020000000000000004,0.020000000000000004),(0.020000000000000004,0.)));
#6809=IFCAXIS2PLACEMENT3D(#6810,#6811,#6812);
#6810=IFCCARTESIANPOINT((0.075000000372529033,0.060000000521540642,1.015000000372529));
#6811=IFCDIRECTION((0.,0.,1.));
#6812=IFCDIRECTION((1.,0.,0.));
#6813=IFCDIRECTION((0.,0.,1.));
#6815=IFCSHAPEREPRESENTATION(#11,'Body','SweptSolid',(#7321,#7339,#6786,#6759,#7357,#7330,#6777,#6750,#7348,#6768));
#6816=IFCSHAPEASPECT((#6815),'Lining',$,.T.,#6668);
#6817=IFCSHAPEREPRESENTATION(#11,'Body','SweptSolid',(#7375,#7376,#6795,#7366,#6804,#6805));
#6818=IFCSHAPEASPECT((#6817),'Framing',$,.T.,#6668);
#6858=IFCDOORTYPE('0GFo2vgt98h8ZLKvSOA$o4',$,'Masters - 2F',$,$,(#6859),(#6861,#6869,#6947),$,$,.DOOR.,.SINGLE_SWING_LEFT.,$,$);
#6859=IFCPROPERTYSET('1_tRLmtbXFzhlcFRAwNI$z',$,'BBIM_Door',$,(#6860));
#6860=IFCPROPERTYSINGLEVALUE('Data',$,IFCTEXT('{"door_type": "SINGLE_SWING_RIGHT", "overall_height": 2.0, "overall_width": 0.8062577843666077, "lining_properties": {"lining_depth": 0.05000000074505806, "lining_thickness": 0.05000000074505806, "lining_offset": 0.0, "lining_to_panel_offset_x": 0.02500000037252903, "lining_to_panel_offset_y": 0.02500000037252903, "transom_thickness": 0.0, "casing_thickness": 0.07500000298023224, "casing_depth": 0.004999999888241291, "threshold_thickness": 0.02500000037252903, "threshold_depth": 0.10000000149011612, "threshold_offset": 0.0}, "panel_properties": {"panel_depth": 0.03500000014901161, "panel_width_ratio": 1.0}}'),$);
#6861=IFCREPRESENTATIONMAP(#6862,#7182);
#6862=IFCAXIS2PLACEMENT3D(#6863,#6864,#6865);
#6863=IFCCARTESIANPOINT((0.,0.,0.));
#6864=IFCDIRECTION((0.,0.,1.));
#6865=IFCDIRECTION((1.,0.,0.));
#6869=IFCREPRESENTATIONMAP(#6870,#7255);
#6870=IFCAXIS2PLACEMENT3D(#6871,#6872,#6873);
#6871=IFCCARTESIANPOINT((0.,0.,0.));
#6872=IFCDIRECTION((0.,0.,1.));
#6873=IFCDIRECTION((1.,0.,0.));
#6947=IFCREPRESENTATIONMAP(#6948,#7269);
#6948=IFCAXIS2PLACEMENT3D(#6949,#6950,#6951);
#6949=IFCCARTESIANPOINT((0.,0.,0.));
#6950=IFCDIRECTION((0.,0.,1.));
#6951=IFCDIRECTION((1.,0.,0.));
#6966=IFCDOOR('1qGoUT0bL04hzp4YXC2Oz_',$,'Door',$,$,#7294,#6975,$,2.,0.80625778436660767,$,.SINGLE_SWING_RIGHT.,$);
#6967=IFCRELDEFINESBYTYPE('1GU5Pi1ibBNvhZb41tykeh',$,$,$,(#6966),#6858);
#6968=IFCCARTESIANPOINT((0.,0.,0.));
#6969=IFCDIRECTION((1.,0.,0.));
#6970=IFCDIRECTION((0.,1.,0.));
#6971=IFCDIRECTION((0.,0.,1.));
#6972=IFCCARTESIANTRANSFORMATIONOPERATOR3D(#6969,#6970,#6968,1.,#6971);
#6973=IFCMAPPEDITEM(#6861,#6972);
#6974=IFCSHAPEREPRESENTATION(#18,'Profile','MappedRepresentation',(#6973));
#6975=IFCPRODUCTDEFINITIONSHAPE($,$,(#6974,#6982,#6989));
#6976=IFCCARTESIANPOINT((0.,0.,0.));
#6977=IFCDIRECTION((1.,0.,0.));
#6978=IFCDIRECTION((0.,1.,0.));
#6979=IFCDIRECTION((0.,0.,1.));
#6980=IFCCARTESIANTRANSFORMATIONOPERATOR3D(#6977,#6978,#6976,1.,#6979);
#6981=IFCMAPPEDITEM(#6869,#6980);
#6982=IFCSHAPEREPRESENTATION(#11,'Body','MappedRepresentation',(#6981));
#6983=IFCCARTESIANPOINT((0.,0.,0.));
#6984=IFCDIRECTION((1.,0.,0.));
#6985=IFCDIRECTION((0.,1.,0.));
#6986=IFCDIRECTION((0.,0.,1.));
#6987=IFCCARTESIANTRANSFORMATIONOPERATOR3D(#6984,#6985,#6983,1.,#6986);
#6988=IFCMAPPEDITEM(#6947,#6987);
#6989=IFCSHAPEREPRESENTATION(#24,'Body','MappedRepresentation',(#6988));
#6990=IFCOPENINGELEMENT('0j$U72q0z8IQiDgQX0PTLq',$,'Opening',$,$,#7289,#7018,$,.OPENING.);
#7006=IFCCARTESIANPOINT((0.,0.,0.));
#7007=IFCDIRECTION((1.,0.,0.));
#7008=IFCDIRECTION((0.,0.,1.));
#7009=IFCAXIS2PLACEMENT3D(#7006,#7008,#7007);
#7010=IFCREPRESENTATIONMAP(#7009,#7279);
#7011=IFCCARTESIANPOINT((0.,0.,0.));
#7012=IFCDIRECTION((1.,0.,0.));
#7013=IFCDIRECTION((0.,1.,0.));
#7014=IFCDIRECTION((0.,0.,1.));
#7015=IFCCARTESIANTRANSFORMATIONOPERATOR3D(#7012,#7013,#7011,1.,#7014);
#7016=IFCMAPPEDITEM(#7010,#7015);
#7017=IFCSHAPEREPRESENTATION(#11,'Body','MappedRepresentation',(#7016));
#7018=IFCPRODUCTDEFINITIONSHAPE($,$,(#7017));
#7019=IFCRELVOIDSELEMENT('09tBfm2DDFhP0nDXO6wAiQ',$,$,$,#5717,#6990);
#7025=IFCRELFILLSELEMENT('0SzEXGs85BGPqmWK9ROzxQ',$,$,$,#6990,#6966);
#7049=IFCCARTESIANPOINTLIST2D(((0.,0.),(0.,2.),(0.80625778436660767,2.),(0.80625778436660767,0.),(0.78125778399407864,0.),(0.78125778399407864,1.974999999627471),(0.02500000037252903,1.974999999627471),(0.02500000037252903,0.)));
#7050=IFCINDEXEDPOLYCURVE(#7049,(IFCLINEINDEX((1,2,3,4,5,6,7,8,1))),$);
#7051=IFCARBITRARYCLOSEDPROFILEDEF(.AREA.,$,#7050);
#7052=IFCCARTESIANPOINT((0.,0.02500000037252903,0.));
#7053=IFCDIRECTION((0.,-1.,0.));
#7054=IFCDIRECTION((1.,0.,0.));
#7055=IFCAXIS2PLACEMENT3D(#7052,#7053,#7054);
#7056=IFCDIRECTION((0.,0.,-1.));
#7057=IFCEXTRUDEDAREASOLID(#7051,#7055,#7056,0.02500000037252903);
#7058=IFCCARTESIANPOINTLIST2D(((0.,0.),(0.,2.),(0.80625778436660767,2.),(0.80625778436660767,0.),(0.75625778362154961,0.),(0.75625778362154961,1.9499999992549419),(0.05000000074505806,1.9499999992549419),(0.05000000074505806,0.)));
#7059=IFCINDEXEDPOLYCURVE(#7058,(IFCLINEINDEX((1,2,3,4,5,6,7,8,1))),$);
#7060=IFCARBITRARYCLOSEDPROFILEDEF(.AREA.,$,#7059);
#7061=IFCCARTESIANPOINT((0.,0.,0.));
#7062=IFCDIRECTION((0.,-1.,0.));
#7063=IFCDIRECTION((1.,0.,0.));
#7064=IFCAXIS2PLACEMENT3D(#7061,#7062,#7063);
#7065=IFCDIRECTION((0.,0.,-1.));
#7066=IFCEXTRUDEDAREASOLID(#7060,#7064,#7065,0.02500000037252903);
#7067=IFCCARTESIANPOINTLIST2D(((0.,0.),(0.70625778287649155,0.),(0.70625778287649155,0.10000000149011612),(0.,0.10000000149011612)));
#7068=IFCINDEXEDPOLYCURVE(#7067,(IFCLINEINDEX((1,2,3,4,1))),$);
#7069=IFCARBITRARYCLOSEDPROFILEDEF(.AREA.,$,#7068);
#7070=IFCCARTESIANPOINT((0.05000000074505806,0.,0.));
#7071=IFCDIRECTION((0.,0.,1.));
#7072=IFCDIRECTION((1.,0.,0.));
#7073=IFCAXIS2PLACEMENT3D(#7070,#7071,#7072);
#7074=IFCDIRECTION((0.,0.,1.));
#7075=IFCEXTRUDEDAREASOLID(#7069,#7073,#7074,0.02500000037252903);
#7076=IFCCARTESIANPOINTLIST2D(((0.,0.),(0.,2.0250000022351742),(0.85625778883695602,2.0250000022351742),(0.85625778883695602,0.),(0.78125778585672379,0.),(0.78125778585672379,1.9499999992549419),(0.075000002980232239,1.9499999992549419),(0.075000002980232239,0.)));
#7077=IFCINDEXEDPOLYCURVE(#7076,(IFCLINEINDEX((1,2,3,4,5,6,7,8,1))),$);
#7078=IFCARBITRARYCLOSEDPROFILEDEF(.AREA.,$,#7077);
#7079=IFCCARTESIANPOINT((-0.025000002235174179,-0.004999999888241291,0.));
#7080=IFCDIRECTION((0.,-1.,0.));
#7081=IFCDIRECTION((1.,0.,0.));
#7082=IFCAXIS2PLACEMENT3D(#7079,#7080,#7081);
#7083=IFCDIRECTION((0.,0.,-1.));
#7084=IFCEXTRUDEDAREASOLID(#7078,#7082,#7083,0.004999999888241291);
#7085=IFCCARTESIANPOINTLIST2D(((0.,0.),(0.,2.0250000022351742),(0.85625778883695602,2.0250000022351742),(0.85625778883695602,0.),(0.80625778622925282,0.),(0.80625778622925282,1.974999999627471),(0.050000002607703209,1.974999999627471),(0.050000002607703209,0.)));
#7086=IFCINDEXEDPOLYCURVE(#7085,(IFCLINEINDEX((1,2,3,4,5,6,7,8,1))),$);
#7087=IFCARBITRARYCLOSEDPROFILEDEF(.AREA.,$,#7086);
#7088=IFCCARTESIANPOINT((-0.025000002235174179,0.05000000074505806,0.));
#7089=IFCDIRECTION((0.,-1.,0.));
#7090=IFCDIRECTION((1.,0.,0.));
#7091=IFCAXIS2PLACEMENT3D(#7088,#7089,#7090);
#7092=IFCDIRECTION((0.,0.,-1.));
#7093=IFCEXTRUDEDAREASOLID(#7087,#7091,#7092,0.004999999888241291);
#7094=IFCCARTESIANPOINTLIST2D(((0.,0.),(0.75625778362154961,0.),(0.75625778362154961,0.035000000149011612),(0.,0.035000000149011612)));
#7095=IFCINDEXEDPOLYCURVE(#7094,(IFCLINEINDEX((1,2,3,4,1))),$);
#7096=IFCARBITRARYCLOSEDPROFILEDEF(.AREA.,$,#7095);
#7097=IFCCARTESIANPOINT((0.02500000037252903,0.02500000037252903,0.02500000037252903));
#7098=IFCDIRECTION((0.,0.,1.));
#7099=IFCDIRECTION((1.,0.,0.));
#7100=IFCAXIS2PLACEMENT3D(#7097,#7098,#7099);
#7101=IFCDIRECTION((0.,0.,1.));
#7102=IFCEXTRUDEDAREASOLID(#7096,#7100,#7101,1.9499999992549419);
#7103=IFCCARTESIANPOINTLIST2D(((0.,0.),(0.,-0.040000000000000001),(-0.11999999999999988,-0.040000000000000001),(-0.11999999999999988,-0.02),(-0.020000000000000018,-0.02),(-0.020000000000000018,0.)));
#7104=IFCINDEXEDPOLYCURVE(#7103,(IFCLINEINDEX((1,2,3,4,5,6,1))),$);
#7105=IFCARBITRARYCLOSEDPROFILEDEF(.AREA.,$,#7104);
#7106=IFCCARTESIANPOINT((0.73125778399407859,0.02500000037252903,1.015000000372529));
#7107=IFCDIRECTION((0.,0.,1.));
#7108=IFCDIRECTION((1.,0.,0.));
#7109=IFCAXIS2PLACEMENT3D(#7106,#7107,#7108);
#7110=IFCDIRECTION((0.,0.,1.));
#7111=IFCEXTRUDEDAREASOLID(#7105,#7109,#7110,0.02);
#7112=IFCEXTRUDEDAREASOLID(#7113,#7116,#7120,0.02);
#7113=IFCARBITRARYCLOSEDPROFILEDEF(.AREA.,$,#7114);
#7114=IFCINDEXEDPOLYCURVE(#7115,(IFCLINEINDEX((1,2,3,4,5,6,1))),$);
#7115=IFCCARTESIANPOINTLIST2D(((0.,0.),(0.,0.040000000000000008),(-0.11999999999999988,0.040000000000000008),(-0.11999999999999988,0.020000000000000004),(-0.020000000000000018,0.020000000000000004),(-0.020000000000000018,0.)));
#7116=IFCAXIS2PLACEMENT3D(#7117,#7118,#7119);
#7117=IFCCARTESIANPOINT((0.73125778399407859,0.060000000521540642,1.015000000372529));
#7118=IFCDIRECTION((0.,0.,1.));
#7119=IFCDIRECTION((1.,0.,0.));
#7120=IFCDIRECTION((0.,0.,1.));
#7122=IFCSHAPEREPRESENTATION(#11,'Body','SweptSolid',(#7191,#7200,#7209,#7093,#7066,#7227,#7084,#7057,#7218,#7075));
#7123=IFCSHAPEASPECT((#7122),'Lining',$,.T.,#6975);
#7124=IFCSHAPEREPRESENTATION(#11,'Body','SweptSolid',(#7112,#7102,#7245,#7246,#7236,#7111));
#7125=IFCSHAPEASPECT((#7124),'Framing',$,.T.,#6975);
#7180=IFCCARTESIANPOINTLIST3D(((0.,0.,0.),(0.80625778436660767,0.,0.),(0.80625778436660767,0.,2.),(0.,0.,2.)));
#7181=IFCINDEXEDPOLYCURVE(#7180,(IFCLINEINDEX((1,2,3,4,1))),$);
#7182=IFCSHAPEREPRESENTATION(#18,'Profile','Curve3D',(#7181));
#7183=IFCCARTESIANPOINTLIST2D(((0.,0.),(0.,2.),(0.80625778436660767,2.),(0.80625778436660767,0.),(0.78125778399407864,0.),(0.78125778399407864,1.974999999627471),(0.02500000037252903,1.974999999627471),(0.02500000037252903,0.)));
#7184=IFCINDEXEDPOLYCURVE(#7183,(IFCLINEINDEX((1,2,3,4,5,6,7,8,1))),$);
#7185=IFCARBITRARYCLOSEDPROFILEDEF(.AREA.,$,#7184);
#7186=IFCCARTESIANPOINT((0.,0.02500000037252903,0.));
#7187=IFCDIRECTION((0.,-1.,0.));
#7188=IFCDIRECTION((1.,0.,0.));
#7189=IFCAXIS2PLACEMENT3D(#7186,#7187,#7188);
#7190=IFCDIRECTION((0.,0.,-1.));
#7191=IFCEXTRUDEDAREASOLID(#7185,#7189,#7190,0.02500000037252903);
#7192=IFCCARTESIANPOINTLIST2D(((0.,0.),(0.,2.),(0.80625778436660767,2.),(0.80625778436660767,0.),(0.75625778362154961,0.),(0.75625778362154961,1.9499999992549419),(0.05000000074505806,1.9499999992549419),(0.05000000074505806,0.)));
#7193=IFCINDEXEDPOLYCURVE(#7192,(IFCLINEINDEX((1,2,3,4,5,6,7,8,1))),$);
#7194=IFCARBITRARYCLOSEDPROFILEDEF(.AREA.,$,#7193);
#7195=IFCCARTESIANPOINT((0.,0.,0.));
#7196=IFCDIRECTION((0.,-1.,0.));
#7197=IFCDIRECTION((1.,0.,0.));
#7198=IFCAXIS2PLACEMENT3D(#7195,#7196,#7197);
#7199=IFCDIRECTION((0.,0.,-1.));
#7200=IFCEXTRUDEDAREASOLID(#7194,#7198,#7199,0.02500000037252903);
#7201=IFCCARTESIANPOINTLIST2D(((0.,0.),(0.70625778287649155,0.),(0.70625778287649155,0.10000000149011612),(0.,0.10000000149011612)));
#7202=IFCINDEXEDPOLYCURVE(#7201,(IFCLINEINDEX((1,2,3,4,1))),$);
#7203=IFCARBITRARYCLOSEDPROFILEDEF(.AREA.,$,#7202);
#7204=IFCCARTESIANPOINT((0.05000000074505806,0.,0.));
#7205=IFCDIRECTION((0.,0.,1.));
#7206=IFCDIRECTION((1.,0.,0.));
#7207=IFCAXIS2PLACEMENT3D(#7204,#7205,#7206);
#7208=IFCDIRECTION((0.,0.,1.));
#7209=IFCEXTRUDEDAREASOLID(#7203,#7207,#7208,0.02500000037252903);
#7210=IFCCARTESIANPOINTLIST2D(((0.,0.),(0.,2.0250000022351742),(0.85625778883695602,2.0250000022351742),(0.85625778883695602,0.),(0.78125778585672379,0.),(0.78125778585672379,1.9499999992549419),(0.075000002980232239,1.9499999992549419),(0.075000002980232239,0.)));
#7211=IFCINDEXEDPOLYCURVE(#7210,(IFCLINEINDEX((1,2,3,4,5,6,7,8,1))),$);
#7212=IFCARBITRARYCLOSEDPROFILEDEF(.AREA.,$,#7211);
#7213=IFCCARTESIANPOINT((-0.025000002235174179,-0.004999999888241291,0.));
#7214=IFCDIRECTION((0.,-1.,0.));
#7215=IFCDIRECTION((1.,0.,0.));
#7216=IFCAXIS2PLACEMENT3D(#7213,#7214,#7215);
#7217=IFCDIRECTION((0.,0.,-1.));
#7218=IFCEXTRUDEDAREASOLID(#7212,#7216,#7217,0.004999999888241291);
#7219=IFCCARTESIANPOINTLIST2D(((0.,0.),(0.,2.0250000022351742),(0.85625778883695602,2.0250000022351742),(0.85625778883695602,0.),(0.80625778622925282,0.),(0.80625778622925282,1.974999999627471),(0.050000002607703209,1.974999999627471),(0.050000002607703209,0.)));
#7220=IFCINDEXEDPOLYCURVE(#7219,(IFCLINEINDEX((1,2,3,4,5,6,7,8,1))),$);
#7221=IFCARBITRARYCLOSEDPROFILEDEF(.AREA.,$,#7220);
#7222=IFCCARTESIANPOINT((-0.025000002235174179,0.05000000074505806,0.));
#7223=IFCDIRECTION((0.,-1.,0.));
#7224=IFCDIRECTION((1.,0.,0.));
#7225=IFCAXIS2PLACEMENT3D(#7222,#7223,#7224);
#7226=IFCDIRECTION((0.,0.,-1.));
#7227=IFCEXTRUDEDAREASOLID(#7221,#7225,#7226,0.004999999888241291);
#7228=IFCCARTESIANPOINTLIST2D(((0.,0.),(0.75625778362154961,0.),(0.75625778362154961,0.035000000149011612),(0.,0.035000000149011612)));
#7229=IFCINDEXEDPOLYCURVE(#7228,(IFCLINEINDEX((1,2,3,4,1))),$);
#7230=IFCARBITRARYCLOSEDPROFILEDEF(.AREA.,$,#7229);
#7231=IFCCARTESIANPOINT((0.02500000037252903,0.02500000037252903,0.02500000037252903));
#7232=IFCDIRECTION((0.,0.,1.));
#7233=IFCDIRECTION((1.,0.,0.));
#7234=IFCAXIS2PLACEMENT3D(#7231,#7232,#7233);
#7235=IFCDIRECTION((0.,0.,1.));
#7236=IFCEXTRUDEDAREASOLID(#7230,#7234,#7235,1.9499999992549419);
#7237=IFCCARTESIANPOINTLIST2D(((0.,0.),(0.,-0.040000000000000001),(0.12,-0.040000000000000001),(0.12,-0.02),(0.02,-0.02),(0.02,0.)));
#7238=IFCINDEXEDPOLYCURVE(#7237,(IFCLINEINDEX((1,2,3,4,5,6,1))),$);
#7239=IFCARBITRARYCLOSEDPROFILEDEF(.AREA.,$,#7238);
#7240=IFCCARTESIANPOINT((0.075000000372529033,0.02500000037252903,1.015000000372529));
#7241=IFCDIRECTION((0.,0.,1.));
#7242=IFCDIRECTION((1.,0.,0.));
#7243=IFCAXIS2PLACEMENT3D(#7240,#7241,#7242);
#7244=IFCDIRECTION((0.,0.,1.));
#7245=IFCEXTRUDEDAREASOLID(#7239,#7243,#7244,0.02);
#7246=IFCEXTRUDEDAREASOLID(#7247,#7250,#7254,0.02);
#7247=IFCARBITRARYCLOSEDPROFILEDEF(.AREA.,$,#7248);
#7248=IFCINDEXEDPOLYCURVE(#7249,(IFCLINEINDEX((1,2,3,4,5,6,1))),$);
#7249=IFCCARTESIANPOINTLIST2D(((0.,0.),(0.,0.040000000000000008),(0.11999999999999998,0.040000000000000008),(0.11999999999999998,0.020000000000000004),(0.020000000000000004,0.020000000000000004),(0.020000000000000004,0.)));
#7250=IFCAXIS2PLACEMENT3D(#7251,#7252,#7253);
#7251=IFCCARTESIANPOINT((0.075000000372529033,0.060000000521540642,1.015000000372529));
#7252=IFCDIRECTION((0.,0.,1.));
#7253=IFCDIRECTION((1.,0.,0.));
#7254=IFCDIRECTION((0.,0.,1.));
#7255=IFCSHAPEREPRESENTATION(#11,'Body','SweptSolid',(#7191,#7200,#7236,#7245,#7246,#7209,#7218,#7227));
#7256=IFCCARTESIANPOINTLIST2D(((0.,0.),(0.,0.05000000074505806),(0.02500000037252903,0.05000000074505806),(0.02500000037252903,0.02500000037252903),(0.05000000074505806,0.02500000037252903),(0.05000000074505806,0.)));
#7257=IFCINDEXEDPOLYCURVE(#7256,(IFCLINEINDEX((1,2,3,4,5,6,1))),$);
#7258=IFCINDEXEDPOLYCURVE(#7259,(IFCLINEINDEX((1,2,3,4,5,6,1))),$);
#7259=IFCCARTESIANPOINTLIST2D(((0.80625778436660767,0.),(0.80625778436660767,0.05000000074505806),(0.78125778399407864,0.05000000074505806),(0.78125778399407864,0.02500000037252903),(0.75625778362154961,0.02500000037252903),(0.75625778362154961,0.)));
#7260=IFCDIRECTION((1.,0.));
#7261=IFCCARTESIANPOINT((0.74625778384506702,0.05000000074505806));
#7262=IFCAXIS2PLACEMENT2D(#7261,#7260);
#7263=IFCELLIPSE(#7262,0.72125778347253799,0.75625778362154961);
#7264=IFCCARTESIANPOINT((0.74625778384506702,0.80625778436660767));
#7265=IFCCARTESIANPOINT((0.02500000037252903,0.05000000074505806));
#7266=IFCTRIMMEDCURVE(#7263,(#7264),(#7265),.T.,.CARTESIAN.);
#7267=IFCCARTESIANPOINTLIST2D(((0.78125778399407864,0.05000000074505806),(0.74625778384506702,0.05000000074505806),(0.74625778384506702,0.80625778436660767),(0.78125778399407864,0.80625778436660767)));
#7268=IFCINDEXEDPOLYCURVE(#7267,(IFCLINEINDEX((1,2,3,4,1))),$);
#7269=IFCSHAPEREPRESENTATION(#24,'Body','Curve2D',(#7257,#7258,#7266,#7268));
#7270=IFCCARTESIANPOINTLIST2D(((0.,0.),(0.80625778436660767,0.),(0.80625778436660767,2.),(0.,2.)));
#7271=IFCINDEXEDPOLYCURVE(#7270,(IFCLINEINDEX((1,2,3,4,1))),$);
#7272=IFCARBITRARYCLOSEDPROFILEDEF(.AREA.,$,#7271);
#7273=IFCCARTESIANPOINT((0.,-0.60000002384185791,0.));
#7274=IFCDIRECTION((0.,-1.,0.));
#7275=IFCDIRECTION((1.,0.,0.));
#7276=IFCAXIS2PLACEMENT3D(#7273,#7274,#7275);
#7277=IFCDIRECTION((0.,0.,-1.));
#7278=IFCEXTRUDEDAREASOLID(#7272,#7276,#7277,1.2);
#7279=IFCSHAPEREPRESENTATION(#11,'Body','SweptSolid',(#7278));
#7285=IFCCARTESIANPOINT((3.1395603389145252,0.014999732722487946,0.));
#7286=IFCDIRECTION((0.,0.,1.));
#7287=IFCDIRECTION((0.99999999999999289,-1.1920928955077312E-07,0.));
#7288=IFCAXIS2PLACEMENT3D(#7285,#7286,#7287);
#7289=IFCLOCALPLACEMENT(#6095,#7288);
#7290=IFCCARTESIANPOINT((-4.4408920985006262E-16,0.,0.));
#7291=IFCDIRECTION((0.,0.,1.));
#7292=IFCDIRECTION((1.,0.,0.));
#7293=IFCAXIS2PLACEMENT3D(#7290,#7291,#7292);
#7294=IFCLOCALPLACEMENT(#7289,#7293);
#7310=IFCCARTESIANPOINTLIST3D(((0.,0.,0.),(0.78606575727462769,0.,0.),(0.78606575727462769,0.,2.),(0.,0.,2.)));
#7311=IFCINDEXEDPOLYCURVE(#7310,(IFCLINEINDEX((1,2,3,4,1))),$);
#7312=IFCSHAPEREPRESENTATION(#18,'Profile','Curve3D',(#7311));
#7313=IFCCARTESIANPOINTLIST2D(((0.,0.),(0.,2.),(0.78606575727462769,2.),(0.78606575727462769,0.),(0.76106575690209866,0.),(0.76106575690209866,1.974999999627471),(0.02500000037252903,1.974999999627471),(0.02500000037252903,0.)));
#7314=IFCINDEXEDPOLYCURVE(#7313,(IFCLINEINDEX((1,2,3,4,5,6,7,8,1))),$);
#7315=IFCARBITRARYCLOSEDPROFILEDEF(.AREA.,$,#7314);
#7316=IFCCARTESIANPOINT((0.,0.02500000037252903,0.));
#7317=IFCDIRECTION((0.,-1.,0.));
#7318=IFCDIRECTION((1.,0.,0.));
#7319=IFCAXIS2PLACEMENT3D(#7316,#7317,#7318);
#7320=IFCDIRECTION((0.,0.,-1.));
#7321=IFCEXTRUDEDAREASOLID(#7315,#7319,#7320,0.02500000037252903);
#7322=IFCCARTESIANPOINTLIST2D(((0.,0.),(0.,2.),(0.78606575727462769,2.),(0.78606575727462769,0.),(0.73606575652956963,0.),(0.73606575652956963,1.9499999992549419),(0.05000000074505806,1.9499999992549419),(0.05000000074505806,0.)));
#7323=IFCINDEXEDPOLYCURVE(#7322,(IFCLINEINDEX((1,2,3,4,5,6,7,8,1))),$);
#7324=IFCARBITRARYCLOSEDPROFILEDEF(.AREA.,$,#7323);
#7325=IFCCARTESIANPOINT((0.,0.,0.));
#7326=IFCDIRECTION((0.,-1.,0.));
#7327=IFCDIRECTION((1.,0.,0.));
#7328=IFCAXIS2PLACEMENT3D(#7325,#7326,#7327);
#7329=IFCDIRECTION((0.,0.,-1.));
#7330=IFCEXTRUDEDAREASOLID(#7324,#7328,#7329,0.02500000037252903);
#7331=IFCCARTESIANPOINTLIST2D(((0.,0.),(0.68606575578451157,0.),(0.68606575578451157,0.10000000149011612),(0.,0.10000000149011612)));
#7332=IFCINDEXEDPOLYCURVE(#7331,(IFCLINEINDEX((1,2,3,4,1))),$);
#7333=IFCARBITRARYCLOSEDPROFILEDEF(.AREA.,$,#7332);
#7334=IFCCARTESIANPOINT((0.05000000074505806,0.,0.));
#7335=IFCDIRECTION((0.,0.,1.));
#7336=IFCDIRECTION((1.,0.,0.));
#7337=IFCAXIS2PLACEMENT3D(#7334,#7335,#7336);
#7338=IFCDIRECTION((0.,0.,1.));
#7339=IFCEXTRUDEDAREASOLID(#7333,#7337,#7338,0.02500000037252903);
#7340=IFCCARTESIANPOINTLIST2D(((0.,0.),(0.,2.0250000022351742),(0.83606576174497604,2.0250000022351742),(0.83606576174497604,0.),(0.7610657587647438,0.),(0.7610657587647438,1.9499999992549419),(0.075000002980232239,1.9499999992549419),(0.075000002980232239,0.)));
#7341=IFCINDEXEDPOLYCURVE(#7340,(IFCLINEINDEX((1,2,3,4,5,6,7,8,1))),$);
#7342=IFCARBITRARYCLOSEDPROFILEDEF(.AREA.,$,#7341);
#7343=IFCCARTESIANPOINT((-0.025000002235174179,-0.004999999888241291,0.));
#7344=IFCDIRECTION((0.,-1.,0.));
#7345=IFCDIRECTION((1.,0.,0.));
#7346=IFCAXIS2PLACEMENT3D(#7343,#7344,#7345);
#7347=IFCDIRECTION((0.,0.,-1.));
#7348=IFCEXTRUDEDAREASOLID(#7342,#7346,#7347,0.004999999888241291);
#7349=IFCCARTESIANPOINTLIST2D(((0.,0.),(0.,2.0250000022351742),(0.83606576174497604,2.0250000022351742),(0.83606576174497604,0.),(0.78606575913727283,0.),(0.78606575913727283,1.974999999627471),(0.050000002607703209,1.974999999627471),(0.050000002607703209,0.)));
#7350=IFCINDEXEDPOLYCURVE(#7349,(IFCLINEINDEX((1,2,3,4,5,6,7,8,1))),$);
#7351=IFCARBITRARYCLOSEDPROFILEDEF(.AREA.,$,#7350);
#7352=IFCCARTESIANPOINT((-0.025000002235174179,0.05000000074505806,0.));
#7353=IFCDIRECTION((0.,-1.,0.));
#7354=IFCDIRECTION((1.,0.,0.));
#7355=IFCAXIS2PLACEMENT3D(#7352,#7353,#7354);
#7356=IFCDIRECTION((0.,0.,-1.));
#7357=IFCEXTRUDEDAREASOLID(#7351,#7355,#7356,0.004999999888241291);
#7358=IFCCARTESIANPOINTLIST2D(((0.,0.),(0.73606575652956963,0.),(0.73606575652956963,0.035000000149011612),(0.,0.035000000149011612)));
#7359=IFCINDEXEDPOLYCURVE(#7358,(IFCLINEINDEX((1,2,3,4,1))),$);
#7360=IFCARBITRARYCLOSEDPROFILEDEF(.AREA.,$,#7359);
#7361=IFCCARTESIANPOINT((0.02500000037252903,0.02500000037252903,0.02500000037252903));
#7362=IFCDIRECTION((0.,0.,1.));
#7363=IFCDIRECTION((1.,0.,0.));
#7364=IFCAXIS2PLACEMENT3D(#7361,#7362,#7363);
#7365=IFCDIRECTION((0.,0.,1.));
#7366=IFCEXTRUDEDAREASOLID(#7360,#7364,#7365,1.9499999992549419);
#7367=IFCCARTESIANPOINTLIST2D(((0.,0.),(0.,-0.040000000000000001),(-0.11999999999999988,-0.040000000000000001),(-0.11999999999999988,-0.02),(-0.020000000000000018,-0.02),(-0.020000000000000018,0.)));
#7368=IFCINDEXEDPOLYCURVE(#7367,(IFCLINEINDEX((1,2,3,4,5,6,1))),$);
#7369=IFCARBITRARYCLOSEDPROFILEDEF(.AREA.,$,#7368);
#7370=IFCCARTESIANPOINT((0.71106575690209861,0.02500000037252903,1.015000000372529));
#7371=IFCDIRECTION((0.,0.,1.));
#7372=IFCDIRECTION((1.,0.,0.));
#7373=IFCAXIS2PLACEMENT3D(#7370,#7371,#7372);
#7374=IFCDIRECTION((0.,0.,1.));
#7375=IFCEXTRUDEDAREASOLID(#7369,#7373,#7374,0.02);
#7376=IFCEXTRUDEDAREASOLID(#7377,#7380,#7384,0.02);
#7377=IFCARBITRARYCLOSEDPROFILEDEF(.AREA.,$,#7378);
#7378=IFCINDEXEDPOLYCURVE(#7379,(IFCLINEINDEX((1,2,3,4,5,6,1))),$);
#7379=IFCCARTESIANPOINTLIST2D(((0.,0.),(0.,0.040000000000000008),(-0.11999999999999988,0.040000000000000008),(-0.11999999999999988,0.020000000000000004),(-0.020000000000000018,0.020000000000000004),(-0.020000000000000018,0.)));
#7380=IFCAXIS2PLACEMENT3D(#7381,#7382,#7383);
#7381=IFCCARTESIANPOINT((0.71106575690209861,0.060000000521540642,1.015000000372529));
#7382=IFCDIRECTION((0.,0.,1.));
#7383=IFCDIRECTION((1.,0.,0.));
#7384=IFCDIRECTION((0.,0.,1.));
#7385=IFCSHAPEREPRESENTATION(#11,'Body','SweptSolid',(#7321,#7330,#7366,#7375,#7376,#7339,#7348,#7357));
#7386=IFCCARTESIANPOINTLIST2D(((0.,0.),(0.,0.05000000074505806),(0.02500000037252903,0.05000000074505806),(0.02500000037252903,0.02500000037252903),(0.05000000074505806,0.02500000037252903),(0.05000000074505806,0.)));
#7387=IFCINDEXEDPOLYCURVE(#7386,(IFCLINEINDEX((1,2,3,4,5,6,1))),$);
#7388=IFCINDEXEDPOLYCURVE(#7389,(IFCLINEINDEX((1,2,3,4,5,6,1))),$);
#7389=IFCCARTESIANPOINTLIST2D(((0.78606575727462769,0.),(0.78606575727462769,0.05000000074505806),(0.76106575690209866,0.05000000074505806),(0.76106575690209866,0.02500000037252903),(0.73606575652956963,0.02500000037252903),(0.73606575652956963,0.)));
#7390=IFCDIRECTION((1.,0.));
#7391=IFCCARTESIANPOINT((0.060000000521540642,0.05000000074505806));
#7392=IFCAXIS2PLACEMENT2D(#7391,#7390);
#7393=IFCELLIPSE(#7392,0.70106575638055801,0.73606575652956963);
#7394=IFCCARTESIANPOINT((0.76106575690209866,0.05000000074505806));
#7395=IFCCARTESIANPOINT((0.060000000521540642,0.78606575727462769));
#7396=IFCTRIMMEDCURVE(#7393,(#7394),(#7395),.T.,.CARTESIAN.);
#7397=IFCCARTESIANPOINTLIST2D(((0.02500000037252903,0.05000000074505806),(0.060000000521540642,0.05000000074505806),(0.060000000521540642,0.78606575727462769),(0.02500000037252903,0.78606575727462769)));
#7398=IFCINDEXEDPOLYCURVE(#7397,(IFCLINEINDEX((1,2,3,4,1))),$);
#7399=IFCSHAPEREPRESENTATION(#24,'Body','Curve2D',(#7387,#7388,#7396,#7398));
#7400=IFCCARTESIANPOINTLIST2D(((0.,0.),(0.78606575727462769,0.),(0.78606575727462769,2.),(0.,2.)));
#7401=IFCINDEXEDPOLYCURVE(#7400,(IFCLINEINDEX((1,2,3,4,1))),$);
#7402=IFCARBITRARYCLOSEDPROFILEDEF(.AREA.,$,#7401);
#7403=IFCCARTESIANPOINT((0.,-0.60000002384185791,0.));
#7404=IFCDIRECTION((0.,-1.,0.));
#7405=IFCDIRECTION((1.,0.,0.));
#7406=IFCAXIS2PLACEMENT3D(#7403,#7404,#7405);
#7407=IFCDIRECTION((0.,0.,-1.));
#7408=IFCEXTRUDEDAREASOLID(#7402,#7406,#7407,1.2);
#7409=IFCSHAPEREPRESENTATION(#11,'Body','SweptSolid',(#7408));
#7415=IFCCARTESIANPOINT((4.3222626418473062,0.014999635177576243,0.));
#7416=IFCDIRECTION((0.,0.,1.));
#7417=IFCDIRECTION((0.99999999999999289,-1.1920928955077312E-07,0.));
#7418=IFCAXIS2PLACEMENT3D(#7415,#7416,#7417);
#7419=IFCLOCALPLACEMENT(#6095,#7418);
#7420=IFCCARTESIANPOINT((-8.8817841970012523E-16,5.5511151231257827E-17,0.));
#7421=IFCDIRECTION((0.,0.,1.));
#7422=IFCDIRECTION((1.,0.,0.));
#7423=IFCAXIS2PLACEMENT3D(#7420,#7421,#7422);
#7424=IFCLOCALPLACEMENT(#7419,#7423);
#7425=IFCDOORTYPE('3VgEY4NPHFJg7hI2ucSmT5',$,'T&B 2 - 2F',$,$,(#7426),(#7428,#7436,#7514),$,$,.DOOR.,.SINGLE_SWING_LEFT.,$,$);
#7426=IFCPROPERTYSET('0CKAb20_HFP8jwAA7ARJAw',$,'BBIM_Door',$,(#7427));
#7427=IFCPROPERTYSINGLEVALUE('Data',$,IFCTEXT('{"door_type": "SINGLE_SWING_LEFT", "overall_height": 2.0, "overall_width": 0.6996438503265381, "lining_properties": {"lining_depth": 0.05000000074505806, "lining_thickness": 0.05000000074505806, "lining_offset": 0.0, "lining_to_panel_offset_x": 0.02500000037252903, "lining_to_panel_offset_y": 0.02500000037252903, "transom_thickness": 0.0, "casing_thickness": 0.07500000298023224, "casing_depth": 0.004999999888241291, "threshold_thickness": 0.02500000037252903, "threshold_depth": 0.10000000149011612, "threshold_offset": 0.0}, "panel_properties": {"panel_depth": 0.03500000014901161, "panel_width_ratio": 1.0}}'),$);
#7428=IFCREPRESENTATIONMAP(#7429,#7615);
#7429=IFCAXIS2PLACEMENT3D(#7430,#7431,#7432);
#7430=IFCCARTESIANPOINT((0.,0.,0.));
#7431=IFCDIRECTION((0.,0.,1.));
#7432=IFCDIRECTION((1.,0.,0.));
#7436=IFCREPRESENTATIONMAP(#7437,#7688);
#7437=IFCAXIS2PLACEMENT3D(#7438,#7439,#7440);
#7438=IFCCARTESIANPOINT((0.,0.,0.));
#7439=IFCDIRECTION((0.,0.,1.));
#7440=IFCDIRECTION((1.,0.,0.));
#7514=IFCREPRESENTATIONMAP(#7515,#7706);
#7515=IFCAXIS2PLACEMENT3D(#7516,#7517,#7518);
#7516=IFCCARTESIANPOINT((0.,0.,0.));
#7517=IFCDIRECTION((0.,0.,1.));
#7518=IFCDIRECTION((1.,0.,0.));
#7533=IFCDOOR('0nMV8rlPDFrPYQ7pFgl7q4',$,'Door',$,$,#7731,#7542,$,2.,0.69964385032653809,$,.SINGLE_SWING_LEFT.,$);
#7534=IFCRELDEFINESBYTYPE('24MFUiFrX0IeS1a8Bme84W',$,$,$,(#7533),#7425);
#7535=IFCCARTESIANPOINT((0.,0.,0.));
#7536=IFCDIRECTION((1.,0.,0.));
#7537=IFCDIRECTION((0.,1.,0.));
#7538=IFCDIRECTION((0.,0.,1.));
#7539=IFCCARTESIANTRANSFORMATIONOPERATOR3D(#7536,#7537,#7535,1.,#7538);
#7540=IFCMAPPEDITEM(#7428,#7539);
#7541=IFCSHAPEREPRESENTATION(#18,'Profile','MappedRepresentation',(#7540));
#7542=IFCPRODUCTDEFINITIONSHAPE($,$,(#7541,#7549,#7556));
#7543=IFCCARTESIANPOINT((0.,0.,0.));
#7544=IFCDIRECTION((1.,0.,0.));
#7545=IFCDIRECTION((0.,1.,0.));
#7546=IFCDIRECTION((0.,0.,1.));
#7547=IFCCARTESIANTRANSFORMATIONOPERATOR3D(#7544,#7545,#7543,1.,#7546);
#7548=IFCMAPPEDITEM(#7436,#7547);
#7549=IFCSHAPEREPRESENTATION(#11,'Body','MappedRepresentation',(#7548));
#7550=IFCCARTESIANPOINT((0.,0.,0.));
#7551=IFCDIRECTION((1.,0.,0.));
#7552=IFCDIRECTION((0.,1.,0.));
#7553=IFCDIRECTION((0.,0.,1.));
#7554=IFCCARTESIANTRANSFORMATIONOPERATOR3D(#7551,#7552,#7550,1.,#7553);
#7555=IFCMAPPEDITEM(#7514,#7554);
#7556=IFCSHAPEREPRESENTATION(#24,'Body','MappedRepresentation',(#7555));
#7557=IFCOPENINGELEMENT('2IrLZd8G543wKCIaNFTVvX',$,'Opening',$,$,#7726,#7585,$,.OPENING.);
#7573=IFCCARTESIANPOINT((0.,0.,0.));
#7574=IFCDIRECTION((1.,0.,0.));
#7575=IFCDIRECTION((0.,0.,1.));
#7576=IFCAXIS2PLACEMENT3D(#7573,#7575,#7574);
#7577=IFCREPRESENTATIONMAP(#7576,#7716);
#7578=IFCCARTESIANPOINT((0.,0.,0.));
#7579=IFCDIRECTION((1.,0.,0.));
#7580=IFCDIRECTION((0.,1.,0.));
#7581=IFCDIRECTION((0.,0.,1.));
#7582=IFCCARTESIANTRANSFORMATIONOPERATOR3D(#7579,#7580,#7578,1.,#7581);
#7583=IFCMAPPEDITEM(#7577,#7582);
#7584=IFCSHAPEREPRESENTATION(#11,'Body','MappedRepresentation',(#7583));
#7585=IFCPRODUCTDEFINITIONSHAPE($,$,(#7584));
#7586=IFCRELVOIDSELEMENT('378emXw2b1v9C2p$cfZQzw',$,$,$,#6279,#7557);
#7592=IFCRELFILLSELEMENT('3_nB5aL6D5neEqEkhyePxa',$,$,$,#7557,#7533);
#7613=IFCCARTESIANPOINTLIST3D(((0.,0.,0.),(0.69964385032653809,0.,0.),(0.69964385032653809,0.,2.),(0.,0.,2.)));
#7614=IFCINDEXEDPOLYCURVE(#7613,(IFCLINEINDEX((1,2,3,4,1))),$);
#7615=IFCSHAPEREPRESENTATION(#18,'Profile','Curve3D',(#7614));
#7616=IFCCARTESIANPOINTLIST2D(((0.,0.),(0.,2.),(0.69964385032653809,2.),(0.69964385032653809,0.),(0.67464384995400906,0.),(0.67464384995400906,1.974999999627471),(0.02500000037252903,1.974999999627471),(0.02500000037252903,0.)));
#7617=IFCINDEXEDPOLYCURVE(#7616,(IFCLINEINDEX((1,2,3,4,5,6,7,8,1))),$);
#7618=IFCARBITRARYCLOSEDPROFILEDEF(.AREA.,$,#7617);
#7619=IFCCARTESIANPOINT((0.,0.02500000037252903,0.));
#7620=IFCDIRECTION((0.,-1.,0.));
#7621=IFCDIRECTION((1.,0.,0.));
#7622=IFCAXIS2PLACEMENT3D(#7619,#7620,#7621);
#7623=IFCDIRECTION((0.,0.,-1.));
#7624=IFCEXTRUDEDAREASOLID(#7618,#7622,#7623,0.02500000037252903);
#7625=IFCCARTESIANPOINTLIST2D(((0.,0.),(0.,2.),(0.69964385032653809,2.),(0.69964385032653809,0.),(0.64964384958148003,0.),(0.64964384958148003,1.9499999992549419),(0.05000000074505806,1.9499999992549419),(0.05000000074505806,0.)));
#7626=IFCINDEXEDPOLYCURVE(#7625,(IFCLINEINDEX((1,2,3,4,5,6,7,8,1))),$);
#7627=IFCARBITRARYCLOSEDPROFILEDEF(.AREA.,$,#7626);
#7628=IFCCARTESIANPOINT((0.,0.,0.));
#7629=IFCDIRECTION((0.,-1.,0.));
#7630=IFCDIRECTION((1.,0.,0.));
#7631=IFCAXIS2PLACEMENT3D(#7628,#7629,#7630);
#7632=IFCDIRECTION((0.,0.,-1.));
#7633=IFCEXTRUDEDAREASOLID(#7627,#7631,#7632,0.02500000037252903);
#7634=IFCCARTESIANPOINTLIST2D(((0.,0.),(0.59964384883642197,0.),(0.59964384883642197,0.10000000149011612),(0.,0.10000000149011612)));
#7635=IFCINDEXEDPOLYCURVE(#7634,(IFCLINEINDEX((1,2,3,4,1))),$);
#7636=IFCARBITRARYCLOSEDPROFILEDEF(.AREA.,$,#7635);
#7637=IFCCARTESIANPOINT((0.05000000074505806,0.,0.));
#7638=IFCDIRECTION((0.,0.,1.));
#7639=IFCDIRECTION((1.,0.,0.));
#7640=IFCAXIS2PLACEMENT3D(#7637,#7638,#7639);
#7641=IFCDIRECTION((0.,0.,1.));
#7642=IFCEXTRUDEDAREASOLID(#7636,#7640,#7641,0.02500000037252903);
#7643=IFCCARTESIANPOINTLIST2D(((0.,0.),(0.,2.0250000022351742),(0.74964385479688644,2.0250000022351742),(0.74964385479688644,0.),(0.67464385181665421,0.),(0.67464385181665421,1.9499999992549419),(0.075000002980232239,1.9499999992549419),(0.075000002980232239,0.)));
#7644=IFCINDEXEDPOLYCURVE(#7643,(IFCLINEINDEX((1,2,3,4,5,6,7,8,1))),$);
#7645=IFCARBITRARYCLOSEDPROFILEDEF(.AREA.,$,#7644);
#7646=IFCCARTESIANPOINT((-0.025000002235174179,-0.004999999888241291,0.));
#7647=IFCDIRECTION((0.,-1.,0.));
#7648=IFCDIRECTION((1.,0.,0.));
#7649=IFCAXIS2PLACEMENT3D(#7646,#7647,#7648);
#7650=IFCDIRECTION((0.,0.,-1.));
#7651=IFCEXTRUDEDAREASOLID(#7645,#7649,#7650,0.004999999888241291);
#7652=IFCCARTESIANPOINTLIST2D(((0.,0.),(0.,2.0250000022351742),(0.74964385479688644,2.0250000022351742),(0.74964385479688644,0.),(0.69964385218918324,0.),(0.69964385218918324,1.974999999627471),(0.050000002607703209,1.974999999627471),(0.050000002607703209,0.)));
#7653=IFCINDEXEDPOLYCURVE(#7652,(IFCLINEINDEX((1,2,3,4,5,6,7,8,1))),$);
#7654=IFCARBITRARYCLOSEDPROFILEDEF(.AREA.,$,#7653);
#7655=IFCCARTESIANPOINT((-0.025000002235174179,0.05000000074505806,0.));
#7656=IFCDIRECTION((0.,-1.,0.));
#7657=IFCDIRECTION((1.,0.,0.));
#7658=IFCAXIS2PLACEMENT3D(#7655,#7656,#7657);
#7659=IFCDIRECTION((0.,0.,-1.));
#7660=IFCEXTRUDEDAREASOLID(#7654,#7658,#7659,0.004999999888241291);
#7661=IFCCARTESIANPOINTLIST2D(((0.,0.),(0.64964384958148003,0.),(0.64964384958148003,0.035000000149011612),(0.,0.035000000149011612)));
#7662=IFCINDEXEDPOLYCURVE(#7661,(IFCLINEINDEX((1,2,3,4,1))),$);
#7663=IFCARBITRARYCLOSEDPROFILEDEF(.AREA.,$,#7662);
#7664=IFCCARTESIANPOINT((0.02500000037252903,0.02500000037252903,0.02500000037252903));
#7665=IFCDIRECTION((0.,0.,1.));
#7666=IFCDIRECTION((1.,0.,0.));
#7667=IFCAXIS2PLACEMENT3D(#7664,#7665,#7666);
#7668=IFCDIRECTION((0.,0.,1.));
#7669=IFCEXTRUDEDAREASOLID(#7663,#7667,#7668,1.9499999992549419);
#7670=IFCCARTESIANPOINTLIST2D(((0.,0.),(0.,-0.040000000000000001),(-0.11999999999999988,-0.040000000000000001),(-0.11999999999999988,-0.02),(-0.020000000000000018,-0.02),(-0.020000000000000018,0.)));
#7671=IFCINDEXEDPOLYCURVE(#7670,(IFCLINEINDEX((1,2,3,4,5,6,1))),$);
#7672=IFCARBITRARYCLOSEDPROFILEDEF(.AREA.,$,#7671);
#7673=IFCCARTESIANPOINT((0.62464384995400901,0.02500000037252903,1.015000000372529));
#7674=IFCDIRECTION((0.,0.,1.));
#7675=IFCDIRECTION((1.,0.,0.));
#7676=IFCAXIS2PLACEMENT3D(#7673,#7674,#7675);
#7677=IFCDIRECTION((0.,0.,1.));
#7678=IFCEXTRUDEDAREASOLID(#7672,#7676,#7677,0.02);
#7679=IFCEXTRUDEDAREASOLID(#7680,#7683,#7687,0.02);
#7680=IFCARBITRARYCLOSEDPROFILEDEF(.AREA.,$,#7681);
#7681=IFCINDEXEDPOLYCURVE(#7682,(IFCLINEINDEX((1,2,3,4,5,6,1))),$);
#7682=IFCCARTESIANPOINTLIST2D(((0.,0.),(0.,0.040000000000000008),(-0.11999999999999988,0.040000000000000008),(-0.11999999999999988,0.020000000000000004),(-0.020000000000000018,0.020000000000000004),(-0.020000000000000018,0.)));
#7683=IFCAXIS2PLACEMENT3D(#7684,#7685,#7686);
#7684=IFCCARTESIANPOINT((0.62464384995400901,0.060000000521540642,1.015000000372529));
#7685=IFCDIRECTION((0.,0.,1.));
#7686=IFCDIRECTION((1.,0.,0.));
#7687=IFCDIRECTION((0.,0.,1.));
#7688=IFCSHAPEREPRESENTATION(#11,'Body','SweptSolid',(#7624,#7633,#7669,#7678,#7679,#7642,#7651,#7660));
#7689=IFCSHAPEREPRESENTATION(#11,'Body','SweptSolid',(#7624,#7633,#7642,#7651,#7660));
#7690=IFCSHAPEASPECT((#7689),'Lining',$,.T.,#7542);
#7691=IFCSHAPEREPRESENTATION(#11,'Body','SweptSolid',(#7669,#7678,#7679));
#7692=IFCSHAPEASPECT((#7691),'Framing',$,.T.,#7542);
#7693=IFCCARTESIANPOINTLIST2D(((0.,0.),(0.,0.05000000074505806),(0.02500000037252903,0.05000000074505806),(0.02500000037252903,0.02500000037252903),(0.05000000074505806,0.02500000037252903),(0.05000000074505806,0.)));
#7694=IFCINDEXEDPOLYCURVE(#7693,(IFCLINEINDEX((1,2,3,4,5,6,1))),$);
#7695=IFCINDEXEDPOLYCURVE(#7696,(IFCLINEINDEX((1,2,3,4,5,6,1))),$);
#7696=IFCCARTESIANPOINTLIST2D(((0.69964385032653809,0.),(0.69964385032653809,0.05000000074505806),(0.67464384995400906,0.05000000074505806),(0.67464384995400906,0.02500000037252903),(0.64964384958148003,0.02500000037252903),(0.64964384958148003,0.)));
#7697=IFCDIRECTION((1.,0.));
#7698=IFCCARTESIANPOINT((0.060000000521540642,0.05000000074505806));
#7699=IFCAXIS2PLACEMENT2D(#7698,#7697);
#7700=IFCELLIPSE(#7699,0.61464384943246841,0.64964384958148003);
#7701=IFCCARTESIANPOINT((0.67464384995400906,0.05000000074505806));
#7702=IFCCARTESIANPOINT((0.060000000521540642,0.69964385032653809));
#7703=IFCTRIMMEDCURVE(#7700,(#7701),(#7702),.T.,.CARTESIAN.);
#7704=IFCCARTESIANPOINTLIST2D(((0.02500000037252903,0.05000000074505806),(0.060000000521540642,0.05000000074505806),(0.060000000521540642,0.69964385032653809),(0.02500000037252903,0.69964385032653809)));
#7705=IFCINDEXEDPOLYCURVE(#7704,(IFCLINEINDEX((1,2,3,4,1))),$);
#7706=IFCSHAPEREPRESENTATION(#24,'Body','Curve2D',(#7694,#7695,#7703,#7705));
#7707=IFCCARTESIANPOINTLIST2D(((0.,0.),(0.69964385032653809,0.),(0.69964385032653809,2.),(0.,2.)));
#7708=IFCINDEXEDPOLYCURVE(#7707,(IFCLINEINDEX((1,2,3,4,1))),$);
#7709=IFCARBITRARYCLOSEDPROFILEDEF(.AREA.,$,#7708);
#7710=IFCCARTESIANPOINT((0.,-0.60000002384185791,0.));
#7711=IFCDIRECTION((0.,-1.,0.));
#7712=IFCDIRECTION((1.,0.,0.));
#7713=IFCAXIS2PLACEMENT3D(#7710,#7711,#7712);
#7714=IFCDIRECTION((0.,0.,-1.));
#7715=IFCEXTRUDEDAREASOLID(#7709,#7713,#7714,1.2);
#7716=IFCSHAPEREPRESENTATION(#11,'Body','SweptSolid',(#7715));
#7722=IFCCARTESIANPOINT((3.5377624056218977,0.084998902616596261,0.));
#7723=IFCDIRECTION((0.,0.,1.));
#7724=IFCDIRECTION((-0.99999999999992406,3.894143816296034E-07,0.));
#7725=IFCAXIS2PLACEMENT3D(#7722,#7723,#7724);
#7726=IFCLOCALPLACEMENT(#6335,#7725);
#7727=IFCCARTESIANPOINT((-1.1102230246251565E-16,8.8817841970012523E-16,0.));
#7728=IFCDIRECTION((0.,0.,1.));
#7729=IFCDIRECTION((1.,1.0587911840678754E-22,0.));
#7730=IFCAXIS2PLACEMENT3D(#7727,#7728,#7729);
#7731=IFCLOCALPLACEMENT(#7726,#7730);
#7732=IFCDOORTYPE('1hulViR650c9IN39k9O$xU',$,'Bedroom 2 - 2F',$,$,(#7733),(#7735,#7743,#7821),$,$,.DOOR.,.SINGLE_SWING_LEFT.,$,$);
#7733=IFCPROPERTYSET('23Y5I_rHrENgCa10D$UG6v',$,'BBIM_Door',$,(#7734));
#7734=IFCPROPERTYSINGLEVALUE('Data',$,IFCTEXT('{"door_type": "SINGLE_SWING_RIGHT", "overall_height": 2.0, "overall_width": 0.8258440494537354, "lining_properties": {"lining_depth": 0.05000000074505806, "lining_thickness": 0.05000000074505806, "lining_offset": 0.0, "lining_to_panel_offset_x": 0.02500000037252903, "lining_to_panel_offset_y": 0.02500000037252903, "transom_thickness": 0.0, "casing_thickness": 0.07500000298023224, "casing_depth": 0.004999999888241291, "threshold_thickness": 0.02500000037252903, "threshold_depth": 0.10000000149011612, "threshold_offset": 0.0}, "panel_properties": {"panel_depth": 0.03500000014901161, "panel_width_ratio": 1.0}}'),$);
#7735=IFCREPRESENTATIONMAP(#7736,#8071);
#7736=IFCAXIS2PLACEMENT3D(#7737,#7738,#7739);
#7737=IFCCARTESIANPOINT((0.,0.,0.));
#7738=IFCDIRECTION((0.,0.,1.));
#7739=IFCDIRECTION((1.,0.,0.));
#7743=IFCREPRESENTATIONMAP(#7744,#8144);
#7744=IFCAXIS2PLACEMENT3D(#7745,#7746,#7747);
#7745=IFCCARTESIANPOINT((0.,0.,0.));
#7746=IFCDIRECTION((0.,0.,1.));
#7747=IFCDIRECTION((1.,0.,0.));
#7821=IFCREPRESENTATIONMAP(#7822,#8162);
#7822=IFCAXIS2PLACEMENT3D(#7823,#7824,#7825);
#7823=IFCCARTESIANPOINT((0.,0.,0.));
#7824=IFCDIRECTION((0.,0.,1.));
#7825=IFCDIRECTION((1.,0.,0.));
#7840=IFCDOOR('2wfLH4rBr1igrzw5NID28p',$,'Door',$,$,#8187,#7849,$,2.,0.82584404945373535,$,.SINGLE_SWING_RIGHT.,$);
#7841=IFCRELDEFINESBYTYPE('3C3KnufbzAxBx0BgrIOERy',$,$,$,(#7840),#7732);
#7842=IFCCARTESIANPOINT((0.,0.,0.));
#7843=IFCDIRECTION((1.,0.,0.));
#7844=IFCDIRECTION((0.,1.,0.));
#7845=IFCDIRECTION((0.,0.,1.));
#7846=IFCCARTESIANTRANSFORMATIONOPERATOR3D(#7843,#7844,#7842,1.,#7845);
#7847=IFCMAPPEDITEM(#7735,#7846);
#7848=IFCSHAPEREPRESENTATION(#18,'Profile','MappedRepresentation',(#7847));
#7849=IFCPRODUCTDEFINITIONSHAPE($,$,(#7848,#7856,#7863));
#7850=IFCCARTESIANPOINT((0.,0.,0.));
#7851=IFCDIRECTION((1.,0.,0.));
#7852=IFCDIRECTION((0.,1.,0.));
#7853=IFCDIRECTION((0.,0.,1.));
#7854=IFCCARTESIANTRANSFORMATIONOPERATOR3D(#7851,#7852,#7850,1.,#7853);
#7855=IFCMAPPEDITEM(#7743,#7854);
#7856=IFCSHAPEREPRESENTATION(#11,'Body','MappedRepresentation',(#7855));
#7857=IFCCARTESIANPOINT((0.,0.,0.));
#7858=IFCDIRECTION((1.,0.,0.));
#7859=IFCDIRECTION((0.,1.,0.));
#7860=IFCDIRECTION((0.,0.,1.));
#7861=IFCCARTESIANTRANSFORMATIONOPERATOR3D(#7858,#7859,#7857,1.,#7860);
#7862=IFCMAPPEDITEM(#7821,#7861);
#7863=IFCSHAPEREPRESENTATION(#24,'Body','MappedRepresentation',(#7862));
#7864=IFCOPENINGELEMENT('33dfetbIbAeOSFyNkt0Qt6',$,'Opening',$,$,#8182,#7892,$,.OPENING.);
#7880=IFCCARTESIANPOINT((0.,0.,0.));
#7881=IFCDIRECTION((1.,0.,0.));
#7882=IFCDIRECTION((0.,0.,1.));
#7883=IFCAXIS2PLACEMENT3D(#7880,#7882,#7881);
#7884=IFCREPRESENTATIONMAP(#7883,#8172);
#7885=IFCCARTESIANPOINT((0.,0.,0.));
#7886=IFCDIRECTION((1.,0.,0.));
#7887=IFCDIRECTION((0.,1.,0.));
#7888=IFCDIRECTION((0.,0.,1.));
#7889=IFCCARTESIANTRANSFORMATIONOPERATOR3D(#7886,#7887,#7885,1.,#7888);
#7890=IFCMAPPEDITEM(#7884,#7889);
#7891=IFCSHAPEREPRESENTATION(#11,'Body','MappedRepresentation',(#7890));
#7892=IFCPRODUCTDEFINITIONSHAPE($,$,(#7891));
#7893=IFCRELVOIDSELEMENT('0qoWDtlpfFufasT6Ppqj_F',$,$,$,#6376,#7864);
#7899=IFCRELFILLSELEMENT('2C5yqnrpLFSeCXnHZtJKCS',$,$,$,#7864,#7840);
#8069=IFCCARTESIANPOINTLIST3D(((0.,0.,0.),(0.82584404945373535,0.,0.),(0.82584404945373535,0.,2.),(0.,0.,2.)));
#8070=IFCINDEXEDPOLYCURVE(#8069,(IFCLINEINDEX((1,2,3,4,1))),$);
#8071=IFCSHAPEREPRESENTATION(#18,'Profile','Curve3D',(#8070));
#8072=IFCCARTESIANPOINTLIST2D(((0.,0.),(0.,2.),(0.82584404945373535,2.),(0.82584404945373535,0.),(0.80084404908120632,0.),(0.80084404908120632,1.974999999627471),(0.02500000037252903,1.974999999627471),(0.02500000037252903,0.)));
#8073=IFCINDEXEDPOLYCURVE(#8072,(IFCLINEINDEX((1,2,3,4,5,6,7,8,1))),$);
#8074=IFCARBITRARYCLOSEDPROFILEDEF(.AREA.,$,#8073);
#8075=IFCCARTESIANPOINT((0.,0.02500000037252903,0.));
#8076=IFCDIRECTION((0.,-1.,0.));
#8077=IFCDIRECTION((1.,0.,0.));
#8078=IFCAXIS2PLACEMENT3D(#8075,#8076,#8077);
#8079=IFCDIRECTION((0.,0.,-1.));
#8080=IFCEXTRUDEDAREASOLID(#8074,#8078,#8079,0.02500000037252903);
#8081=IFCCARTESIANPOINTLIST2D(((0.,0.),(0.,2.),(0.82584404945373535,2.),(0.82584404945373535,0.),(0.77584404870867729,0.),(0.77584404870867729,1.9499999992549419),(0.05000000074505806,1.9499999992549419),(0.05000000074505806,0.)));
#8082=IFCINDEXEDPOLYCURVE(#8081,(IFCLINEINDEX((1,2,3,4,5,6,7,8,1))),$);
#8083=IFCARBITRARYCLOSEDPROFILEDEF(.AREA.,$,#8082);
#8084=IFCCARTESIANPOINT((0.,0.,0.));
#8085=IFCDIRECTION((0.,-1.,0.));
#8086=IFCDIRECTION((1.,0.,0.));
#8087=IFCAXIS2PLACEMENT3D(#8084,#8085,#8086);
#8088=IFCDIRECTION((0.,0.,-1.));
#8089=IFCEXTRUDEDAREASOLID(#8083,#8087,#8088,0.02500000037252903);
#8090=IFCCARTESIANPOINTLIST2D(((0.,0.),(0.72584404796361923,0.),(0.72584404796361923,0.10000000149011612),(0.,0.10000000149011612)));
#8091=IFCINDEXEDPOLYCURVE(#8090,(IFCLINEINDEX((1,2,3,4,1))),$);
#8092=IFCARBITRARYCLOSEDPROFILEDEF(.AREA.,$,#8091);
#8093=IFCCARTESIANPOINT((0.05000000074505806,0.,0.));
#8094=IFCDIRECTION((0.,0.,1.));
#8095=IFCDIRECTION((1.,0.,0.));
#8096=IFCAXIS2PLACEMENT3D(#8093,#8094,#8095);
#8097=IFCDIRECTION((0.,0.,1.));
#8098=IFCEXTRUDEDAREASOLID(#8092,#8096,#8097,0.02500000037252903);
#8099=IFCCARTESIANPOINTLIST2D(((0.,0.),(0.,2.0250000022351742),(0.87584405392408371,2.0250000022351742),(0.87584405392408371,0.),(0.80084405094385147,0.),(0.80084405094385147,1.9499999992549419),(0.075000002980232239,1.9499999992549419),(0.075000002980232239,0.)));
#8100=IFCINDEXEDPOLYCURVE(#8099,(IFCLINEINDEX((1,2,3,4,5,6,7,8,1))),$);
#8101=IFCARBITRARYCLOSEDPROFILEDEF(.AREA.,$,#8100);
#8102=IFCCARTESIANPOINT((-0.025000002235174179,-0.004999999888241291,0.));
#8103=IFCDIRECTION((0.,-1.,0.));
#8104=IFCDIRECTION((1.,0.,0.));
#8105=IFCAXIS2PLACEMENT3D(#8102,#8103,#8104);
#8106=IFCDIRECTION((0.,0.,-1.));
#8107=IFCEXTRUDEDAREASOLID(#8101,#8105,#8106,0.004999999888241291);
#8108=IFCCARTESIANPOINTLIST2D(((0.,0.),(0.,2.0250000022351742),(0.87584405392408371,2.0250000022351742),(0.87584405392408371,0.),(0.8258440513163805,0.),(0.8258440513163805,1.974999999627471),(0.050000002607703209,1.974999999627471),(0.050000002607703209,0.)));
#8109=IFCINDEXEDPOLYCURVE(#8108,(IFCLINEINDEX((1,2,3,4,5,6,7,8,1))),$);
#8110=IFCARBITRARYCLOSEDPROFILEDEF(.AREA.,$,#8109);
#8111=IFCCARTESIANPOINT((-0.025000002235174179,0.05000000074505806,0.));
#8112=IFCDIRECTION((0.,-1.,0.));
#8113=IFCDIRECTION((1.,0.,0.));
#8114=IFCAXIS2PLACEMENT3D(#8111,#8112,#8113);
#8115=IFCDIRECTION((0.,0.,-1.));
#8116=IFCEXTRUDEDAREASOLID(#8110,#8114,#8115,0.004999999888241291);
#8117=IFCCARTESIANPOINTLIST2D(((0.,0.),(0.77584404870867729,0.),(0.77584404870867729,0.035000000149011612),(0.,0.035000000149011612)));
#8118=IFCINDEXEDPOLYCURVE(#8117,(IFCLINEINDEX((1,2,3,4,1))),$);
#8119=IFCARBITRARYCLOSEDPROFILEDEF(.AREA.,$,#8118);
#8120=IFCCARTESIANPOINT((0.02500000037252903,0.02500000037252903,0.02500000037252903));
#8121=IFCDIRECTION((0.,0.,1.));
#8122=IFCDIRECTION((1.,0.,0.));
#8123=IFCAXIS2PLACEMENT3D(#8120,#8121,#8122);
#8124=IFCDIRECTION((0.,0.,1.));
#8125=IFCEXTRUDEDAREASOLID(#8119,#8123,#8124,1.9499999992549419);
#8126=IFCCARTESIANPOINTLIST2D(((0.,0.),(0.,-0.040000000000000001),(0.12,-0.040000000000000001),(0.12,-0.02),(0.02,-0.02),(0.02,0.)));
#8127=IFCINDEXEDPOLYCURVE(#8126,(IFCLINEINDEX((1,2,3,4,5,6,1))),$);
#8128=IFCARBITRARYCLOSEDPROFILEDEF(.AREA.,$,#8127);
#8129=IFCCARTESIANPOINT((0.075000000372529033,0.02500000037252903,1.015000000372529));
#8130=IFCDIRECTION((0.,0.,1.));
#8131=IFCDIRECTION((1.,0.,0.));
#8132=IFCAXIS2PLACEMENT3D(#8129,#8130,#8131);
#8133=IFCDIRECTION((0.,0.,1.));
#8134=IFCEXTRUDEDAREASOLID(#8128,#8132,#8133,0.02);
#8135=IFCEXTRUDEDAREASOLID(#8136,#8139,#8143,0.02);
#8136=IFCARBITRARYCLOSEDPROFILEDEF(.AREA.,$,#8137);
#8137=IFCINDEXEDPOLYCURVE(#8138,(IFCLINEINDEX((1,2,3,4,5,6,1))),$);
#8138=IFCCARTESIANPOINTLIST2D(((0.,0.),(0.,0.040000000000000008),(0.11999999999999998,0.040000000000000008),(0.11999999999999998,0.020000000000000004),(0.020000000000000004,0.020000000000000004),(0.020000000000000004,0.)));
#8139=IFCAXIS2PLACEMENT3D(#8140,#8141,#8142);
#8140=IFCCARTESIANPOINT((0.075000000372529033,0.060000000521540642,1.015000000372529));
#8141=IFCDIRECTION((0.,0.,1.));
#8142=IFCDIRECTION((1.,0.,0.));
#8143=IFCDIRECTION((0.,0.,1.));
#8144=IFCSHAPEREPRESENTATION(#11,'Body','SweptSolid',(#8080,#8089,#8125,#8134,#8135,#8098,#8107,#8116));
#8145=IFCSHAPEREPRESENTATION(#11,'Body','SweptSolid',(#8080,#8089,#8098,#8107,#8116));
#8146=IFCSHAPEASPECT((#8145),'Lining',$,.T.,#7849);
#8147=IFCSHAPEREPRESENTATION(#11,'Body','SweptSolid',(#8125,#8134,#8135));
#8148=IFCSHAPEASPECT((#8147),'Framing',$,.T.,#7849);
#8149=IFCCARTESIANPOINTLIST2D(((0.,0.),(0.,0.05000000074505806),(0.02500000037252903,0.05000000074505806),(0.02500000037252903,0.02500000037252903),(0.05000000074505806,0.02500000037252903),(0.05000000074505806,0.)));
#8150=IFCINDEXEDPOLYCURVE(#8149,(IFCLINEINDEX((1,2,3,4,5,6,1))),$);
#8151=IFCINDEXEDPOLYCURVE(#8152,(IFCLINEINDEX((1,2,3,4,5,6,1))),$);
#8152=IFCCARTESIANPOINTLIST2D(((0.82584404945373535,0.),(0.82584404945373535,0.05000000074505806),(0.80084404908120632,0.05000000074505806),(0.80084404908120632,0.02500000037252903),(0.77584404870867729,0.02500000037252903),(0.77584404870867729,0.)));
#8153=IFCDIRECTION((1.,0.));
#8154=IFCCARTESIANPOINT((0.76584404893219471,0.05000000074505806));
#8155=IFCAXIS2PLACEMENT2D(#8154,#8153);
#8156=IFCELLIPSE(#8155,0.74084404855966568,0.77584404870867729);
#8157=IFCCARTESIANPOINT((0.76584404893219471,0.82584404945373535));
#8158=IFCCARTESIANPOINT((0.02500000037252903,0.05000000074505806));
#8159=IFCTRIMMEDCURVE(#8156,(#8157),(#8158),.T.,.CARTESIAN.);
#8160=IFCCARTESIANPOINTLIST2D(((0.80084404908120632,0.05000000074505806),(0.76584404893219471,0.05000000074505806),(0.76584404893219471,0.82584404945373535),(0.80084404908120632,0.82584404945373535)));
#8161=IFCINDEXEDPOLYCURVE(#8160,(IFCLINEINDEX((1,2,3,4,1))),$);
#8162=IFCSHAPEREPRESENTATION(#24,'Body','Curve2D',(#8150,#8151,#8159,#8161));
#8163=IFCCARTESIANPOINTLIST2D(((0.,0.),(0.82584404945373535,0.),(0.82584404945373535,2.),(0.,2.)));
#8164=IFCINDEXEDPOLYCURVE(#8163,(IFCLINEINDEX((1,2,3,4,1))),$);
#8165=IFCARBITRARYCLOSEDPROFILEDEF(.AREA.,$,#8164);
#8166=IFCCARTESIANPOINT((0.,-0.60000002384185791,0.));
#8167=IFCDIRECTION((0.,-1.,0.));
#8168=IFCDIRECTION((1.,0.,0.));
#8169=IFCAXIS2PLACEMENT3D(#8166,#8167,#8168);
#8170=IFCDIRECTION((0.,0.,-1.));
#8171=IFCEXTRUDEDAREASOLID(#8165,#8169,#8170,1.2);
#8172=IFCSHAPEREPRESENTATION(#11,'Body','SweptSolid',(#8171));
#8178=IFCCARTESIANPOINT((2.8487136610476158,0.015000286024396903,0.));
#8179=IFCDIRECTION((0.,0.,1.));
#8180=IFCDIRECTION((0.99999999999985401,-5.4041016994677265E-07,0.));
#8181=IFCAXIS2PLACEMENT3D(#8178,#8179,#8180);
#8182=IFCLOCALPLACEMENT(#6537,#8181);
#8183=IFCCARTESIANPOINT((8.8817841970012523E-16,0.,0.));
#8184=IFCDIRECTION((0.,0.,1.));
#8185=IFCDIRECTION((1.,2.1175823681357508E-22,0.));
#8186=IFCAXIS2PLACEMENT3D(#8183,#8184,#8185);
#8187=IFCLOCALPLACEMENT(#8182,#8186);
#8188=IFCDOORTYPE('3ByxYhsT17m9nr69Sy$jWJ',$,'Balcony - 2F',$,$,(#8189),(#8191,#8199,#8268,#8280),$,$,.DOOR.,.SINGLE_SWING_LEFT.,$,$);
#8189=IFCPROPERTYSET('3_238KlLH5zOXa2g0jtIZI',$,'BBIM_Door',$,(#8190));
#8190=IFCPROPERTYSINGLEVALUE('Data',$,IFCTEXT('{"door_type": "SLIDING_TO_RIGHT", "overall_height": 2.0, "overall_width": 1.9854463338851929, "lining_properties": {"lining_depth": 0.05000000074505806, "lining_thickness": 0.05000000074505806, "lining_offset": 0.0, "transom_thickness": 0.0, "casing_thickness": 0.07500000298023224, "casing_depth": 0.004999999888241291, "threshold_thickness": 0.02500000037252903, "threshold_depth": 0.10000000149011612, "threshold_offset": 0.0}, "panel_properties": {"panel_depth": 0.03500000014901161, "panel_width_ratio": 1.0}}'),$);
#8191=IFCREPRESENTATIONMAP(#8192,#8394);
#8192=IFCAXIS2PLACEMENT3D(#8193,#8194,#8195);
#8193=IFCCARTESIANPOINT((0.,0.,0.));
#8194=IFCDIRECTION((0.,0.,1.));
#8195=IFCDIRECTION((1.,0.,0.));
#8199=IFCREPRESENTATIONMAP(#8200,#8458);
#8200=IFCAXIS2PLACEMENT3D(#8201,#8202,#8203);
#8201=IFCCARTESIANPOINT((0.,0.,0.));
#8202=IFCDIRECTION((0.,0.,1.));
#8203=IFCDIRECTION((1.,0.,0.));
#8268=IFCREPRESENTATIONMAP(#8269,#8469);
#8269=IFCAXIS2PLACEMENT3D(#8270,#8271,#8272);
#8270=IFCCARTESIANPOINT((0.,0.,0.));
#8271=IFCDIRECTION((0.,0.,1.));
#8272=IFCDIRECTION((1.,0.,0.));
#8280=IFCREPRESENTATIONMAP(#8281,#8474);
#8281=IFCAXIS2PLACEMENT3D(#8282,#8283,#8284);
#8282=IFCCARTESIANPOINT((0.,0.,0.));
#8283=IFCDIRECTION((0.,0.,1.));
#8284=IFCDIRECTION((1.,0.,0.));
#8290=IFCDOOR('3vkPOyJ3n0P8sKlObypDZx',$,'Door',$,$,#8499,#8299,$,2.,1.9854463338851929,$,.SLIDING_TO_RIGHT.,$);
#8291=IFCRELDEFINESBYTYPE('0AuddQRJL9ew2Vb2dr7OFe',$,$,$,(#8290),#8188);
#8292=IFCCARTESIANPOINT((0.,0.,0.));
#8293=IFCDIRECTION((1.,0.,0.));
#8294=IFCDIRECTION((0.,1.,0.));
#8295=IFCDIRECTION((0.,0.,1.));
#8296=IFCCARTESIANTRANSFORMATIONOPERATOR3D(#8293,#8294,#8292,1.,#8295);
#8297=IFCMAPPEDITEM(#8191,#8296);
#8298=IFCSHAPEREPRESENTATION(#18,'Profile','MappedRepresentation',(#8297));
#8299=IFCPRODUCTDEFINITIONSHAPE($,$,(#8298,#8306,#8313,#8320));
#8300=IFCCARTESIANPOINT((0.,0.,0.));
#8301=IFCDIRECTION((1.,0.,0.));
#8302=IFCDIRECTION((0.,1.,0.));
#8303=IFCDIRECTION((0.,0.,1.));
#8304=IFCCARTESIANTRANSFORMATIONOPERATOR3D(#8301,#8302,#8300,1.,#8303);
#8305=IFCMAPPEDITEM(#8199,#8304);
#8306=IFCSHAPEREPRESENTATION(#11,'Body','MappedRepresentation',(#8305));
#8307=IFCCARTESIANPOINT((0.,0.,0.));
#8308=IFCDIRECTION((1.,0.,0.));
#8309=IFCDIRECTION((0.,1.,0.));
#8310=IFCDIRECTION((0.,0.,1.));
#8311=IFCCARTESIANTRANSFORMATIONOPERATOR3D(#8308,#8309,#8307,1.,#8310);
#8312=IFCMAPPEDITEM(#8268,#8311);
#8313=IFCSHAPEREPRESENTATION(#24,'Body','MappedRepresentation',(#8312));
#8314=IFCCARTESIANPOINT((0.,0.,0.));
#8315=IFCDIRECTION((1.,0.,0.));
#8316=IFCDIRECTION((0.,1.,0.));
#8317=IFCDIRECTION((0.,0.,1.));
#8318=IFCCARTESIANTRANSFORMATIONOPERATOR3D(#8315,#8316,#8314,1.,#8317);
#8319=IFCMAPPEDITEM(#8280,#8318);
#8320=IFCSHAPEREPRESENTATION(#25,'Annotation','MappedRepresentation',(#8319));
#8321=IFCOPENINGELEMENT('3BN1AUykvERAt5RaWtclyb',$,'Opening',$,$,#8494,#8349,$,.OPENING.);
#8337=IFCCARTESIANPOINT((0.,0.,0.));
#8338=IFCDIRECTION((1.,0.,0.));
#8339=IFCDIRECTION((0.,0.,1.));
#8340=IFCAXIS2PLACEMENT3D(#8337,#8339,#8338);
#8341=IFCREPRESENTATIONMAP(#8340,#8484);
#8342=IFCCARTESIANPOINT((0.,0.,0.));
#8343=IFCDIRECTION((1.,0.,0.));
#8344=IFCDIRECTION((0.,1.,0.));
#8345=IFCDIRECTION((0.,0.,1.));
#8346=IFCCARTESIANTRANSFORMATIONOPERATOR3D(#8343,#8344,#8342,1.,#8345);
#8347=IFCMAPPEDITEM(#8341,#8346);
#8348=IFCSHAPEREPRESENTATION(#11,'Body','MappedRepresentation',(#8347));
#8349=IFCPRODUCTDEFINITIONSHAPE($,$,(#8348));
#8350=IFCRELVOIDSELEMENT('3re1518rb7pf0kC8XjWYy2',$,$,$,#5098,#8321);
#8356=IFCRELFILLSELEMENT('0xBqcXih96XRZcm_F1doIG',$,$,$,#8321,#8290);
#8392=IFCCARTESIANPOINTLIST3D(((0.,0.,0.),(1.9854463338851929,0.,0.),(1.9854463338851929,0.,2.),(0.,0.,2.)));
#8393=IFCINDEXEDPOLYCURVE(#8392,(IFCLINEINDEX((1,2,3,4,1))),$);
#8394=IFCSHAPEREPRESENTATION(#18,'Profile','Curve3D',(#8393));
#8395=IFCCARTESIANPOINTLIST2D(((0.,0.),(0.,2.),(1.9854463338851929,2.),(1.9854463338851929,0.),(1.9354463331401348,0.),(1.9354463331401348,1.9499999992549419),(0.05000000074505806,1.9499999992549419),(0.05000000074505806,0.)));
#8396=IFCINDEXEDPOLYCURVE(#8395,(IFCLINEINDEX((1,2,3,4,5,6,7,8,1))),$);
#8397=IFCARBITRARYCLOSEDPROFILEDEF(.AREA.,$,#8396);
#8398=IFCCARTESIANPOINT((0.,0.,0.));
#8399=IFCDIRECTION((0.,-1.,0.));
#8400=IFCDIRECTION((1.,0.,0.));
#8401=IFCAXIS2PLACEMENT3D(#8398,#8399,#8400);
#8402=IFCDIRECTION((0.,0.,-1.));
#8403=IFCEXTRUDEDAREASOLID(#8397,#8401,#8402,0.05000000074505806);
#8404=IFCCARTESIANPOINTLIST2D(((0.,0.),(1.8854463323950768,0.),(1.8854463323950768,0.10000000149011612),(0.,0.10000000149011612)));
#8405=IFCINDEXEDPOLYCURVE(#8404,(IFCLINEINDEX((1,2,3,4,1))),$);
#8406=IFCARBITRARYCLOSEDPROFILEDEF(.AREA.,$,#8405);
#8407=IFCCARTESIANPOINT((0.05000000074505806,0.,0.));
#8408=IFCDIRECTION((0.,0.,1.));
#8409=IFCDIRECTION((1.,0.,0.));
#8410=IFCAXIS2PLACEMENT3D(#8407,#8408,#8409);
#8411=IFCDIRECTION((0.,0.,1.));
#8412=IFCEXTRUDEDAREASOLID(#8406,#8410,#8411,0.02500000037252903);
#8413=IFCCARTESIANPOINTLIST2D(((0.,0.),(0.,2.0250000022351742),(2.0354463383555412,2.0250000022351742),(2.0354463383555412,0.),(1.960446335375309,0.),(1.960446335375309,1.9499999992549419),(0.075000002980232239,1.9499999992549419),(0.075000002980232239,0.)));
#8414=IFCINDEXEDPOLYCURVE(#8413,(IFCLINEINDEX((1,2,3,4,5,6,7,8,1))),$);
#8415=IFCARBITRARYCLOSEDPROFILEDEF(.AREA.,$,#8414);
#8416=IFCCARTESIANPOINT((-0.025000002235174179,-0.004999999888241291,0.));
#8417=IFCDIRECTION((0.,-1.,0.));
#8418=IFCDIRECTION((1.,0.,0.));
#8419=IFCAXIS2PLACEMENT3D(#8416,#8417,#8418);
#8420=IFCDIRECTION((0.,0.,-1.));
#8421=IFCEXTRUDEDAREASOLID(#8415,#8419,#8420,0.004999999888241291);
#8422=IFCCARTESIANPOINTLIST2D(((0.,0.),(0.,2.0250000022351742),(2.0354463383555412,2.0250000022351742),(2.0354463383555412,0.),(1.960446335375309,0.),(1.960446335375309,1.9499999992549419),(0.075000002980232239,1.9499999992549419),(0.075000002980232239,0.)));
#8423=IFCINDEXEDPOLYCURVE(#8422,(IFCLINEINDEX((1,2,3,4,5,6,7,8,1))),$);
#8424=IFCARBITRARYCLOSEDPROFILEDEF(.AREA.,$,#8423);
#8425=IFCCARTESIANPOINT((-0.025000002235174179,0.05000000074505806,0.));
#8426=IFCDIRECTION((0.,-1.,0.));
#8427=IFCDIRECTION((1.,0.,0.));
#8428=IFCAXIS2PLACEMENT3D(#8425,#8426,#8427);
#8429=IFCDIRECTION((0.,0.,-1.));
#8430=IFCEXTRUDEDAREASOLID(#8424,#8428,#8429,0.004999999888241291);
#8431=IFCCARTESIANPOINTLIST2D(((0.,0.),(1.8854463323950768,0.),(1.8854463323950768,0.035000000149011612),(0.,0.035000000149011612)));
#8432=IFCINDEXEDPOLYCURVE(#8431,(IFCLINEINDEX((1,2,3,4,1))),$);
#8433=IFCARBITRARYCLOSEDPROFILEDEF(.AREA.,$,#8432);
#8434=IFCCARTESIANPOINT((0.05000000074505806,-0.035000000149011612,0.02500000037252903));
#8435=IFCDIRECTION((0.,0.,1.));
#8436=IFCDIRECTION((1.,0.,0.));
#8437=IFCAXIS2PLACEMENT3D(#8434,#8435,#8436);
#8438=IFCDIRECTION((0.,0.,1.));
#8439=IFCEXTRUDEDAREASOLID(#8433,#8437,#8438,1.9249999988824129);
#8440=IFCCARTESIANPOINTLIST2D(((0.,0.),(0.,-0.040000000000000001),(0.12,-0.040000000000000001),(0.12,-0.02),(0.02,-0.02),(0.02,0.)));
#8441=IFCINDEXEDPOLYCURVE(#8440,(IFCLINEINDEX((1,2,3,4,5,6,1))),$);
#8442=IFCARBITRARYCLOSEDPROFILEDEF(.AREA.,$,#8441);
#8443=IFCCARTESIANPOINT((0.10000000074505806,-0.035000000149011612,1.015000000372529));
#8444=IFCDIRECTION((0.,0.,1.));
#8445=IFCDIRECTION((1.,0.,0.));
#8446=IFCAXIS2PLACEMENT3D(#8443,#8444,#8445);
#8447=IFCDIRECTION((0.,0.,1.));
#8448=IFCEXTRUDEDAREASOLID(#8442,#8446,#8447,0.02);
#8449=IFCEXTRUDEDAREASOLID(#8450,#8453,#8457,0.02);
#8450=IFCARBITRARYCLOSEDPROFILEDEF(.AREA.,$,#8451);
#8451=IFCINDEXEDPOLYCURVE(#8452,(IFCLINEINDEX((1,2,3,4,5,6,1))),$);
#8452=IFCCARTESIANPOINTLIST2D(((0.,0.),(0.,0.040000000000000008),(0.11999999999999998,0.040000000000000008),(0.11999999999999998,0.020000000000000004),(0.020000000000000004,0.020000000000000004),(0.020000000000000004,0.)));
#8453=IFCAXIS2PLACEMENT3D(#8454,#8455,#8456);
#8454=IFCCARTESIANPOINT((0.10000000074505806,0.,1.015000000372529));
#8455=IFCDIRECTION((0.,0.,1.));
#8456=IFCDIRECTION((1.,0.,0.));
#8457=IFCDIRECTION((0.,0.,1.));
#8458=IFCSHAPEREPRESENTATION(#11,'Body','SweptSolid',(#8403,#8439,#8448,#8449,#8412,#8421,#8430));
#8459=IFCSHAPEREPRESENTATION(#11,'Body','SweptSolid',(#8403,#8412,#8421,#8430));
#8460=IFCSHAPEASPECT((#8459),'Lining',$,.T.,#8299);
#8461=IFCSHAPEREPRESENTATION(#11,'Body','SweptSolid',(#8439,#8448,#8449));
#8462=IFCSHAPEASPECT((#8461),'Framing',$,.T.,#8299);
#8463=IFCCARTESIANPOINTLIST2D(((0.,0.),(0.05000000074505806,0.),(0.05000000074505806,0.05000000074505806),(0.,0.05000000074505806)));
#8464=IFCINDEXEDPOLYCURVE(#8463,(IFCLINEINDEX((1,2,3,4,1))),$);
#8465=IFCINDEXEDPOLYCURVE(#8466,(IFCLINEINDEX((1,2,3,4,1))),$);
#8466=IFCCARTESIANPOINTLIST2D(((1.9854463338851929,0.),(1.9354463331401348,0.),(1.9354463331401348,0.05000000074505806),(1.9854463338851929,0.05000000074505806)));
#8467=IFCCARTESIANPOINTLIST2D(((2.8781694993376732,-0.035000000149011612),(0.99272316694259644,-0.035000000149011612),(0.99272316694259644,0.),(2.8781694993376732,0.)));
#8468=IFCINDEXEDPOLYCURVE(#8467,(IFCLINEINDEX((1,2,3,4,1))),$);
#8469=IFCSHAPEREPRESENTATION(#24,'Body','Curve2D',(#8464,#8465,#8468));
#8470=IFCCARTESIANPOINTLIST2D(((0.7099062170833349,-0.081587428267465345),(1.2755401168018581,-0.081587428267465345)));
#8471=IFCINDEXEDPOLYCURVE(#8470,$,$);
#8472=IFCCARTESIANPOINTLIST2D(((0.73990621708333493,-0.050529142855162856),(0.7099062170833349,-0.081587428267465345),(0.73990621708333493,-0.11264571367976783)));
#8473=IFCINDEXEDPOLYCURVE(#8472,$,$);
#8474=IFCSHAPEREPRESENTATION(#25,'Annotation','Curve2D',(#8471,#8473));
#8475=IFCCARTESIANPOINTLIST2D(((0.,0.),(1.9854463338851929,0.),(1.9854463338851929,2.),(0.,2.)));
#8476=IFCINDEXEDPOLYCURVE(#8475,(IFCLINEINDEX((1,2,3,4,1))),$);
#8477=IFCARBITRARYCLOSEDPROFILEDEF(.AREA.,$,#8476);
#8478=IFCCARTESIANPOINT((0.,-0.60000002384185791,0.));
#8479=IFCDIRECTION((0.,-1.,0.));
#8480=IFCDIRECTION((1.,0.,0.));
#8481=IFCAXIS2PLACEMENT3D(#8478,#8479,#8480);
#8482=IFCDIRECTION((0.,0.,-1.));
#8483=IFCEXTRUDEDAREASOLID(#8477,#8481,#8482,1.2);
#8484=IFCSHAPEREPRESENTATION(#11,'Body','SweptSolid',(#8483));
#8490=IFCCARTESIANPOINT((3.3934250440294149,0.099998950958251953,0.));
#8491=IFCDIRECTION((0.,0.,1.));
#8492=IFCDIRECTION((-0.99999999999992428,3.8941436741876494E-07,0.));
#8493=IFCAXIS2PLACEMENT3D(#8490,#8491,#8492);
#8494=IFCLOCALPLACEMENT(#5494,#8493);
#8495=IFCCARTESIANPOINT((-2.7755575615628914E-17,0.,0.));
#8496=IFCDIRECTION((0.,0.,1.));
#8497=IFCDIRECTION((1.,0.,0.));
#8498=IFCAXIS2PLACEMENT3D(#8495,#8496,#8497);
#8499=IFCLOCALPLACEMENT(#8494,#8498);
#8500=IFCWINDOWTYPE('1jYhpwZrD35eTO92Sv4rJH',$,'Masters - 1 - 2F',$,$,(#8501),(#8503,#8511,#8559),$,$,.WINDOW.,.SINGLE_PANEL.,$,$);
#8501=IFCPROPERTYSET('2YnoKR_MP7SQ6S4EoRCn4J',$,'BBIM_Window',$,(#8502));
#8502=IFCPROPERTYSINGLEVALUE('Data',$,IFCTEXT('{"window_type": "SINGLE_PANEL", "overall_height": 0.8999999761581421, "overall_width": 0.7389116287231445, "lining_properties": {"lining_depth": 0.05000000074505806, "lining_thickness": 0.05000000074505806, "lining_offset": 0.05000000074505806, "lining_to_panel_offset_x": 0.02500000037252903, "lining_to_panel_offset_y": 0.02500000037252903}, "panel_properties": {"frame_depth": [0.03500000014901161, 0.03500000014901161, 0.03500000014901161], "frame_thickness": [0.03500000014901161, 0.03500000014901161, 0.03500000014901161]}}'),$);
#8503=IFCREPRESENTATIONMAP(#8504,#8663);
#8504=IFCAXIS2PLACEMENT3D(#8505,#8506,#8507);
#8505=IFCCARTESIANPOINT((0.,0.,0.));
#8506=IFCDIRECTION((0.,0.,1.));
#8507=IFCDIRECTION((1.,0.,0.));
#8511=IFCREPRESENTATIONMAP(#8512,#8706);
#8512=IFCAXIS2PLACEMENT3D(#8513,#8514,#8515);
#8513=IFCCARTESIANPOINT((0.,0.,0.));
#8514=IFCDIRECTION((0.,0.,1.));
#8515=IFCDIRECTION((1.,0.,0.));
#8559=IFCREPRESENTATIONMAP(#8560,#8729);
#8560=IFCAXIS2PLACEMENT3D(#8561,#8562,#8563);
#8561=IFCCARTESIANPOINT((0.,0.,0.));
#8562=IFCDIRECTION((0.,0.,1.));
#8563=IFCDIRECTION((1.,0.,0.));
#8581=IFCWINDOW('2QzMjOHnzBl9NmFC1DEV$S',$,'Window',$,$,#8754,#8590,$,0.89999997615814209,0.73891162872314453,$,.SINGLE_PANEL.,$);
#8582=IFCRELDEFINESBYTYPE('3t3ZGy8NP2fR$k6NYUJ9rk',$,$,$,(#8581),#8500);
#8583=IFCCARTESIANPOINT((0.,0.,0.));
#8584=IFCDIRECTION((1.,0.,0.));
#8585=IFCDIRECTION((0.,1.,0.));
#8586=IFCDIRECTION((0.,0.,1.));
#8587=IFCCARTESIANTRANSFORMATIONOPERATOR3D(#8584,#8585,#8583,1.,#8586);
#8588=IFCMAPPEDITEM(#8503,#8587);
#8589=IFCSHAPEREPRESENTATION(#18,'Profile','MappedRepresentation',(#8588));
#8590=IFCPRODUCTDEFINITIONSHAPE($,$,(#8589,#8597,#8604));
#8591=IFCCARTESIANPOINT((0.,0.,0.));
#8592=IFCDIRECTION((1.,0.,0.));
#8593=IFCDIRECTION((0.,1.,0.));
#8594=IFCDIRECTION((0.,0.,1.));
#8595=IFCCARTESIANTRANSFORMATIONOPERATOR3D(#8592,#8593,#8591,1.,#8594);
#8596=IFCMAPPEDITEM(#8511,#8595);
#8597=IFCSHAPEREPRESENTATION(#11,'Body','MappedRepresentation',(#8596));
#8598=IFCCARTESIANPOINT((0.,0.,0.));
#8599=IFCDIRECTION((1.,0.,0.));
#8600=IFCDIRECTION((0.,1.,0.));
#8601=IFCDIRECTION((0.,0.,1.));
#8602=IFCCARTESIANTRANSFORMATIONOPERATOR3D(#8599,#8600,#8598,1.,#8601);
#8603=IFCMAPPEDITEM(#8559,#8602);
#8604=IFCSHAPEREPRESENTATION(#24,'Body','MappedRepresentation',(#8603));
#8605=IFCOPENINGELEMENT('3Tkr26BdXCZA72HLMI9zdv',$,'Opening',$,$,#8749,#8633,$,.OPENING.);
#8621=IFCCARTESIANPOINT((0.,0.,0.));
#8622=IFCDIRECTION((1.,0.,0.));
#8623=IFCDIRECTION((0.,0.,1.));
#8624=IFCAXIS2PLACEMENT3D(#8621,#8623,#8622);
#8625=IFCREPRESENTATIONMAP(#8624,#8739);
#8626=IFCCARTESIANPOINT((0.,0.,0.));
#8627=IFCDIRECTION((1.,0.,0.));
#8628=IFCDIRECTION((0.,1.,0.));
#8629=IFCDIRECTION((0.,0.,1.));
#8630=IFCCARTESIANTRANSFORMATIONOPERATOR3D(#8627,#8628,#8626,1.,#8629);
#8631=IFCMAPPEDITEM(#8625,#8630);
#8632=IFCSHAPEREPRESENTATION(#11,'Body','MappedRepresentation',(#8631));
#8633=IFCPRODUCTDEFINITIONSHAPE($,$,(#8632));
#8634=IFCRELVOIDSELEMENT('3Si0abG1fDNOUc0KkvgSG1',$,$,$,#5073,#8605);
#8640=IFCRELFILLSELEMENT('3pmXuJCS16LPEPcvIc78xt',$,$,$,#8605,#8581);
#8661=IFCCARTESIANPOINTLIST3D(((0.,0.,0.),(0.73891162872314453,0.,0.),(0.73891162872314453,0.,0.89999997615814209),(0.,0.,0.89999997615814209)));
#8662=IFCINDEXEDPOLYCURVE(#8661,(IFCLINEINDEX((1,2,3,4,1))),$);
#8663=IFCSHAPEREPRESENTATION(#18,'Profile','Curve3D',(#8662));
#8664=IFCCARTESIANPOINTLIST2D(((0.,0.),(0.73891162872314453,0.),(0.73891162872314453,0.89999997615814209),(0.,0.89999997615814209)));
#8665=IFCINDEXEDPOLYCURVE(#8664,(IFCLINEINDEX((1,2,3,4,1))),$);
#8666=IFCCARTESIANPOINTLIST2D(((0.02500000037252903,0.02500000037252903),(0.7139116283506155,0.02500000037252903),(0.7139116283506155,0.87499997578561306),(0.02500000037252903,0.87499997578561306)));
#8667=IFCINDEXEDPOLYCURVE(#8666,(IFCLINEINDEX((1,2,3,4,1))),$);
#8668=IFCARBITRARYPROFILEDEFWITHVOIDS(.AREA.,$,#8665,(#8667));
#8669=IFCCARTESIANPOINT((0.,0.090000001713633537,0.));
#8670=IFCDIRECTION((0.,-1.,0.));
#8671=IFCDIRECTION((1.,0.,0.));
#8672=IFCAXIS2PLACEMENT3D(#8669,#8670,#8671);
#8673=IFCDIRECTION((0.,0.,-1.));
#8674=IFCEXTRUDEDAREASOLID(#8668,#8672,#8673,0.0099999997764825821);
#8675=IFCCARTESIANPOINTLIST2D(((0.,0.),(0.73891162872314453,0.),(0.73891162872314453,0.89999997615814209),(0.,0.89999997615814209)));
#8676=IFCINDEXEDPOLYCURVE(#8675,(IFCLINEINDEX((1,2,3,4,1))),$);
#8677=IFCCARTESIANPOINTLIST2D(((0.05000000074505806,0.05000000074505806),(0.68891162797808647,0.05000000074505806),(0.68891162797808647,0.84999997541308403),(0.05000000074505806,0.84999997541308403)));
#8678=IFCINDEXEDPOLYCURVE(#8677,(IFCLINEINDEX((1,2,3,4,1))),$);
#8679=IFCARBITRARYPROFILEDEFWITHVOIDS(.AREA.,$,#8676,(#8678));
#8680=IFCCARTESIANPOINT((0.,0.05000000074505806,0.));
#8681=IFCDIRECTION((0.,-1.,0.));
#8682=IFCDIRECTION((1.,0.,0.));
#8683=IFCAXIS2PLACEMENT3D(#8680,#8681,#8682);
#8684=IFCDIRECTION((0.,0.,-1.));
#8685=IFCEXTRUDEDAREASOLID(#8679,#8683,#8684,0.040000000968575478);
#8686=IFCCARTESIANPOINTLIST2D(((0.,0.),(0.68891162797808647,0.),(0.68891162797808647,0.84999997541308403),(0.,0.84999997541308403)));
#8687=IFCINDEXEDPOLYCURVE(#8686,(IFCLINEINDEX((1,2,3,4,1))),$);
#8688=IFCCARTESIANPOINTLIST2D(((0.035000000149011612,0.035000000149011612),(0.65391162782907486,0.035000000149011612),(0.65391162782907486,0.81499997526407242),(0.035000000149011612,0.81499997526407242)));
#8689=IFCINDEXEDPOLYCURVE(#8688,(IFCLINEINDEX((1,2,3,4,1))),$);
#8690=IFCARBITRARYPROFILEDEFWITHVOIDS(.AREA.,$,#8687,(#8689));
#8691=IFCCARTESIANPOINT((0.02500000037252903,0.090000001713633537,0.02500000037252903));
#8692=IFCDIRECTION((0.,-1.,0.));
#8693=IFCDIRECTION((1.,0.,0.));
#8694=IFCAXIS2PLACEMENT3D(#8691,#8692,#8693);
#8695=IFCDIRECTION((0.,0.,-1.));
#8696=IFCEXTRUDEDAREASOLID(#8690,#8694,#8695,0.035000000149011612);
#8697=IFCINDEXEDPOLYCURVE(#8698,(IFCLINEINDEX((1,2,3,4,1))),$);
#8698=IFCCARTESIANPOINTLIST2D(((0.035000000149011612,0.035000000149011612),(0.65391162782907486,0.035000000149011612),(0.65391162782907486,0.81499997526407242),(0.035000000149011612,0.81499997526407242)));
#8699=IFCARBITRARYCLOSEDPROFILEDEF(.AREA.,$,#8697);
#8700=IFCCARTESIANPOINT((0.02500000037252903,0.10250000178813934,0.02500000037252903));
#8701=IFCDIRECTION((0.,-1.,0.));
#8702=IFCDIRECTION((1.,0.,0.));
#8703=IFCAXIS2PLACEMENT3D(#8700,#8701,#8702);
#8704=IFCDIRECTION((0.,0.,-1.));
#8705=IFCEXTRUDEDAREASOLID(#8699,#8703,#8704,0.01);
#8706=IFCSHAPEREPRESENTATION(#11,'Body','SweptSolid',(#8674,#8685,#8696,#8705));
#8707=IFCSHAPEREPRESENTATION(#11,'Body','SweptSolid',(#8674,#8685));
#8708=IFCSHAPEASPECT((#8707),'Lining',$,.T.,#8590);
#8709=IFCSHAPEREPRESENTATION(#11,'Body','SweptSolid',(#8696));
#8710=IFCSHAPEASPECT((#8709),'Framing',$,.T.,#8590);
#8711=IFCSHAPEREPRESENTATION(#11,'Body','SweptSolid',(#8705));
#8712=IFCSHAPEASPECT((#8711),'Glazing',$,.T.,#8590);
#8713=IFCCARTESIANPOINTLIST2D(((0.05000000074505806,0.05000000074505806),(0.68891162797808647,0.05000000074505806)));
#8714=IFCINDEXEDPOLYCURVE(#8713,$,$);
#8715=IFCCARTESIANPOINTLIST2D(((0.,0.10000000149011612),(0.02500000037252903,0.10000000149011612),(0.02500000037252903,0.090000001713633537),(0.05000000074505806,0.090000001713633537),(0.05000000074505806,0.05000000074505806),(0.,0.05000000074505806)));
#8716=IFCINDEXEDPOLYCURVE(#8715,(IFCLINEINDEX((1,2,3,4,5,6,1))),$);
#8717=IFCCARTESIANPOINTLIST2D(((0.73891162872314453,0.10000000149011612),(0.7139116283506155,0.10000000149011612),(0.7139116283506155,0.090000001713633537),(0.68891162797808647,0.090000001713633537),(0.68891162797808647,0.05000000074505806),(0.73891162872314453,0.05000000074505806)));
#8718=IFCINDEXEDPOLYCURVE(#8717,(IFCLINEINDEX((1,2,3,4,5,6,1))),$);
#8719=IFCCARTESIANPOINTLIST2D(((0.02500000037252903,0.090000001713633537),(0.060000000521540642,0.090000001713633537),(0.060000000521540642,0.12500000186264515),(0.02500000037252903,0.12500000186264515)));
#8720=IFCINDEXEDPOLYCURVE(#8719,(IFCLINEINDEX((1,2,3,4,1))),$);
#8721=IFCINDEXEDPOLYCURVE(#8722,(IFCLINEINDEX((1,2,3,4,1))),$);
#8722=IFCCARTESIANPOINTLIST2D(((0.7139116283506155,0.090000001713633537),(0.67891162820160389,0.090000001713633537),(0.67891162820160389,0.12500000186264515),(0.7139116283506155,0.12500000186264515)));
#8723=IFCCARTESIANPOINTLIST2D(((0.060000000521540642,0.090000001713633537),(0.67891162820160389,0.090000001713633537)));
#8724=IFCINDEXEDPOLYCURVE(#8723,$,$);
#8725=IFCINDEXEDPOLYCURVE(#8726,$,$);
#8726=IFCCARTESIANPOINTLIST2D(((0.060000000521540642,0.12500000186264515),(0.67891162820160389,0.12500000186264515)));
#8727=IFCINDEXEDPOLYCURVE(#8728,$,$);
#8728=IFCCARTESIANPOINTLIST2D(((0.060000000521540642,0.10750000178813934),(0.67891162820160389,0.10750000178813934)));
#8729=IFCSHAPEREPRESENTATION(#24,'Body','Curve2D',(#8714,#8716,#8718,#8720,#8721,#8724,#8725,#8727));
#8730=IFCCARTESIANPOINTLIST2D(((0.,0.),(0.73891162872314453,0.),(0.73891162872314453,0.89999997615814209),(0.,0.89999997615814209)));
#8731=IFCINDEXEDPOLYCURVE(#8730,(IFCLINEINDEX((1,2,3,4,1))),$);
#8732=IFCARBITRARYCLOSEDPROFILEDEF(.AREA.,$,#8731);
#8733=IFCCARTESIANPOINT((0.,-0.60000002384185791,0.));
#8734=IFCDIRECTION((0.,-1.,0.));
#8735=IFCDIRECTION((1.,0.,0.));
#8736=IFCAXIS2PLACEMENT3D(#8733,#8734,#8735);
#8737=IFCDIRECTION((0.,0.,-1.));
#8738=IFCEXTRUDEDAREASOLID(#8732,#8736,#8737,1.2);
#8739=IFCSHAPEREPRESENTATION(#11,'Body','SweptSolid',(#8738));
#8745=IFCCARTESIANPOINT((6.156467135658632,9.6571119367894198E-07,1.));
#8746=IFCDIRECTION((0.,0.,1.));
#8747=IFCDIRECTION((0.99999999999999289,1.1920928244535129E-07,0.));
#8748=IFCAXIS2PLACEMENT3D(#8745,#8746,#8747);
#8749=IFCLOCALPLACEMENT(#5462,#8748);
#8750=IFCCARTESIANPOINT((2.2204460492503131E-16,0.,0.));
#8751=IFCDIRECTION((0.,0.,1.));
#8752=IFCDIRECTION((1.,0.,0.));
#8753=IFCAXIS2PLACEMENT3D(#8750,#8751,#8752);
#8754=IFCLOCALPLACEMENT(#8749,#8753);
#8755=IFCWINDOWTYPE('3Xwzp1Z0DCaPbeEDuunbPF',$,'Masters - 2 - 2F',$,$,(#8756),(#8758,#8766,#8814),$,$,.WINDOW.,.SINGLE_PANEL.,$,$);
#8756=IFCPROPERTYSET('1ysE4uzzLDAPc3RP$ozbm1',$,'BBIM_Window',$,(#8757));
#8757=IFCPROPERTYSINGLEVALUE('Data',$,IFCTEXT('{"window_type": "SINGLE_PANEL", "overall_height": 0.8999999761581421, "overall_width": 0.772834300994873, "lining_properties": {"lining_depth": 0.05000000074505806, "lining_thickness": 0.05000000074505806, "lining_offset": 0.05000000074505806, "lining_to_panel_offset_x": 0.02500000037252903, "lining_to_panel_offset_y": 0.02500000037252903}, "panel_properties": {"frame_depth": [0.03500000014901161, 0.03500000014901161, 0.03500000014901161], "frame_thickness": [0.03500000014901161, 0.03500000014901161, 0.03500000014901161]}}'),$);
#8758=IFCREPRESENTATIONMAP(#8759,#8918);
#8759=IFCAXIS2PLACEMENT3D(#8760,#8761,#8762);
#8760=IFCCARTESIANPOINT((0.,0.,0.));
#8761=IFCDIRECTION((0.,0.,1.));
#8762=IFCDIRECTION((1.,0.,0.));
#8766=IFCREPRESENTATIONMAP(#8767,#8961);
#8767=IFCAXIS2PLACEMENT3D(#8768,#8769,#8770);
#8768=IFCCARTESIANPOINT((0.,0.,0.));
#8769=IFCDIRECTION((0.,0.,1.));
#8770=IFCDIRECTION((1.,0.,0.));
#8814=IFCREPRESENTATIONMAP(#8815,#8984);
#8815=IFCAXIS2PLACEMENT3D(#8816,#8817,#8818);
#8816=IFCCARTESIANPOINT((0.,0.,0.));
#8817=IFCDIRECTION((0.,0.,1.));
#8818=IFCDIRECTION((1.,0.,0.));
#8836=IFCWINDOW('29ZWPNR0T4mgjm08mrW0i3',$,'Window',$,$,#9009,#8845,$,0.89999997615814209,0.77283430099487305,$,.SINGLE_PANEL.,$);
#8837=IFCRELDEFINESBYTYPE('1iHLqQBr958vXZo_Ap_Kzw',$,$,$,(#8836),#8755);
#8838=IFCCARTESIANPOINT((0.,0.,0.));
#8839=IFCDIRECTION((1.,0.,0.));
#8840=IFCDIRECTION((0.,1.,0.));
#8841=IFCDIRECTION((0.,0.,1.));
#8842=IFCCARTESIANTRANSFORMATIONOPERATOR3D(#8839,#8840,#8838,1.,#8841);
#8843=IFCMAPPEDITEM(#8758,#8842);
#8844=IFCSHAPEREPRESENTATION(#18,'Profile','MappedRepresentation',(#8843));
#8845=IFCPRODUCTDEFINITIONSHAPE($,$,(#8844,#8852,#8859));
#8846=IFCCARTESIANPOINT((0.,0.,0.));
#8847=IFCDIRECTION((1.,0.,0.));
#8848=IFCDIRECTION((0.,1.,0.));
#8849=IFCDIRECTION((0.,0.,1.));
#8850=IFCCARTESIANTRANSFORMATIONOPERATOR3D(#8847,#8848,#8846,1.,#8849);
#8851=IFCMAPPEDITEM(#8766,#8850);
#8852=IFCSHAPEREPRESENTATION(#11,'Body','MappedRepresentation',(#8851));
#8853=IFCCARTESIANPOINT((0.,0.,0.));
#8854=IFCDIRECTION((1.,0.,0.));
#8855=IFCDIRECTION((0.,1.,0.));
#8856=IFCDIRECTION((0.,0.,1.));
#8857=IFCCARTESIANTRANSFORMATIONOPERATOR3D(#8854,#8855,#8853,1.,#8856);
#8858=IFCMAPPEDITEM(#8814,#8857);
#8859=IFCSHAPEREPRESENTATION(#24,'Body','MappedRepresentation',(#8858));
#8860=IFCOPENINGELEMENT('0Z5ZTGN512ARtdCnoZdcKJ',$,'Opening',$,$,#9004,#8888,$,.OPENING.);
#8876=IFCCARTESIANPOINT((0.,0.,0.));
#8877=IFCDIRECTION((1.,0.,0.));
#8878=IFCDIRECTION((0.,0.,1.));
#8879=IFCAXIS2PLACEMENT3D(#8876,#8878,#8877);
#8880=IFCREPRESENTATIONMAP(#8879,#8994);
#8881=IFCCARTESIANPOINT((0.,0.,0.));
#8882=IFCDIRECTION((1.,0.,0.));
#8883=IFCDIRECTION((0.,1.,0.));
#8884=IFCDIRECTION((0.,0.,1.));
#8885=IFCCARTESIANTRANSFORMATIONOPERATOR3D(#8882,#8883,#8881,1.,#8884);
#8886=IFCMAPPEDITEM(#8880,#8885);
#8887=IFCSHAPEREPRESENTATION(#11,'Body','MappedRepresentation',(#8886));
#8888=IFCPRODUCTDEFINITIONSHAPE($,$,(#8887));
#8889=IFCRELVOIDSELEMENT('2mNGlRg1T9XAoZPrlXUg2S',$,$,$,#5073,#8860);
#8895=IFCRELFILLSELEMENT('2pAQ3YVOXBj8OcC$sxpGr6',$,$,$,#8860,#8836);
#8916=IFCCARTESIANPOINTLIST3D(((0.,0.,0.),(0.77283430099487305,0.,0.),(0.77283430099487305,0.,0.89999997615814209),(0.,0.,0.89999997615814209)));
#8917=IFCINDEXEDPOLYCURVE(#8916,(IFCLINEINDEX((1,2,3,4,1))),$);
#8918=IFCSHAPEREPRESENTATION(#18,'Profile','Curve3D',(#8917));
#8919=IFCCARTESIANPOINTLIST2D(((0.,0.),(0.77283430099487305,0.),(0.77283430099487305,0.89999997615814209),(0.,0.89999997615814209)));
#8920=IFCINDEXEDPOLYCURVE(#8919,(IFCLINEINDEX((1,2,3,4,1))),$);
#8921=IFCCARTESIANPOINTLIST2D(((0.02500000037252903,0.02500000037252903),(0.74783430062234402,0.02500000037252903),(0.74783430062234402,0.87499997578561306),(0.02500000037252903,0.87499997578561306)));
#8922=IFCINDEXEDPOLYCURVE(#8921,(IFCLINEINDEX((1,2,3,4,1))),$);
#8923=IFCARBITRARYPROFILEDEFWITHVOIDS(.AREA.,$,#8920,(#8922));
#8924=IFCCARTESIANPOINT((0.,0.090000001713633537,0.));
#8925=IFCDIRECTION((0.,-1.,0.));
#8926=IFCDIRECTION((1.,0.,0.));
#8927=IFCAXIS2PLACEMENT3D(#8924,#8925,#8926);
#8928=IFCDIRECTION((0.,0.,-1.));
#8929=IFCEXTRUDEDAREASOLID(#8923,#8927,#8928,0.0099999997764825821);
#8930=IFCCARTESIANPOINTLIST2D(((0.,0.),(0.77283430099487305,0.),(0.77283430099487305,0.89999997615814209),(0.,0.89999997615814209)));
#8931=IFCINDEXEDPOLYCURVE(#8930,(IFCLINEINDEX((1,2,3,4,1))),$);
#8932=IFCCARTESIANPOINTLIST2D(((0.05000000074505806,0.05000000074505806),(0.72283430024981499,0.05000000074505806),(0.72283430024981499,0.84999997541308403),(0.05000000074505806,0.84999997541308403)));
#8933=IFCINDEXEDPOLYCURVE(#8932,(IFCLINEINDEX((1,2,3,4,1))),$);
#8934=IFCARBITRARYPROFILEDEFWITHVOIDS(.AREA.,$,#8931,(#8933));
#8935=IFCCARTESIANPOINT((0.,0.05000000074505806,0.));
#8936=IFCDIRECTION((0.,-1.,0.));
#8937=IFCDIRECTION((1.,0.,0.));
#8938=IFCAXIS2PLACEMENT3D(#8935,#8936,#8937);
#8939=IFCDIRECTION((0.,0.,-1.));
#8940=IFCEXTRUDEDAREASOLID(#8934,#8938,#8939,0.040000000968575478);
#8941=IFCCARTESIANPOINTLIST2D(((0.,0.),(0.72283430024981499,0.),(0.72283430024981499,0.84999997541308403),(0.,0.84999997541308403)));
#8942=IFCINDEXEDPOLYCURVE(#8941,(IFCLINEINDEX((1,2,3,4,1))),$);
#8943=IFCCARTESIANPOINTLIST2D(((0.035000000149011612,0.035000000149011612),(0.68783430010080338,0.035000000149011612),(0.68783430010080338,0.81499997526407242),(0.035000000149011612,0.81499997526407242)));
#8944=IFCINDEXEDPOLYCURVE(#8943,(IFCLINEINDEX((1,2,3,4,1))),$);
#8945=IFCARBITRARYPROFILEDEFWITHVOIDS(.AREA.,$,#8942,(#8944));
#8946=IFCCARTESIANPOINT((0.02500000037252903,0.090000001713633537,0.02500000037252903));
#8947=IFCDIRECTION((0.,-1.,0.));
#8948=IFCDIRECTION((1.,0.,0.));
#8949=IFCAXIS2PLACEMENT3D(#8946,#8947,#8948);
#8950=IFCDIRECTION((0.,0.,-1.));
#8951=IFCEXTRUDEDAREASOLID(#8945,#8949,#8950,0.035000000149011612);
#8952=IFCINDEXEDPOLYCURVE(#8953,(IFCLINEINDEX((1,2,3,4,1))),$);
#8953=IFCCARTESIANPOINTLIST2D(((0.035000000149011612,0.035000000149011612),(0.68783430010080338,0.035000000149011612),(0.68783430010080338,0.81499997526407242),(0.035000000149011612,0.81499997526407242)));
#8954=IFCARBITRARYCLOSEDPROFILEDEF(.AREA.,$,#8952);
#8955=IFCCARTESIANPOINT((0.02500000037252903,0.10250000178813934,0.02500000037252903));
#8956=IFCDIRECTION((0.,-1.,0.));
#8957=IFCDIRECTION((1.,0.,0.));
#8958=IFCAXIS2PLACEMENT3D(#8955,#8956,#8957);
#8959=IFCDIRECTION((0.,0.,-1.));
#8960=IFCEXTRUDEDAREASOLID(#8954,#8958,#8959,0.01);
#8961=IFCSHAPEREPRESENTATION(#11,'Body','SweptSolid',(#8929,#8940,#8951,#8960));
#8962=IFCSHAPEREPRESENTATION(#11,'Body','SweptSolid',(#8929,#8940));
#8963=IFCSHAPEASPECT((#8962),'Lining',$,.T.,#8845);
#8964=IFCSHAPEREPRESENTATION(#11,'Body','SweptSolid',(#8951));
#8965=IFCSHAPEASPECT((#8964),'Framing',$,.T.,#8845);
#8966=IFCSHAPEREPRESENTATION(#11,'Body','SweptSolid',(#8960));
#8967=IFCSHAPEASPECT((#8966),'Glazing',$,.T.,#8845);
#8968=IFCCARTESIANPOINTLIST2D(((0.05000000074505806,0.05000000074505806),(0.72283430024981499,0.05000000074505806)));
#8969=IFCINDEXEDPOLYCURVE(#8968,$,$);
#8970=IFCCARTESIANPOINTLIST2D(((0.,0.10000000149011612),(0.02500000037252903,0.10000000149011612),(0.02500000037252903,0.090000001713633537),(0.05000000074505806,0.090000001713633537),(0.05000000074505806,0.05000000074505806),(0.,0.05000000074505806)));
#8971=IFCINDEXEDPOLYCURVE(#8970,(IFCLINEINDEX((1,2,3,4,5,6,1))),$);
#8972=IFCCARTESIANPOINTLIST2D(((0.77283430099487305,0.10000000149011612),(0.74783430062234402,0.10000000149011612),(0.74783430062234402,0.090000001713633537),(0.72283430024981499,0.090000001713633537),(0.72283430024981499,0.05000000074505806),(0.77283430099487305,0.05000000074505806)));
#8973=IFCINDEXEDPOLYCURVE(#8972,(IFCLINEINDEX((1,2,3,4,5,6,1))),$);
#8974=IFCCARTESIANPOINTLIST2D(((0.02500000037252903,0.090000001713633537),(0.060000000521540642,0.090000001713633537),(0.060000000521540642,0.12500000186264515),(0.02500000037252903,0.12500000186264515)));
#8975=IFCINDEXEDPOLYCURVE(#8974,(IFCLINEINDEX((1,2,3,4,1))),$);
#8976=IFCINDEXEDPOLYCURVE(#8977,(IFCLINEINDEX((1,2,3,4,1))),$);
#8977=IFCCARTESIANPOINTLIST2D(((0.74783430062234402,0.090000001713633537),(0.71283430047333241,0.090000001713633537),(0.71283430047333241,0.12500000186264515),(0.74783430062234402,0.12500000186264515)));
#8978=IFCCARTESIANPOINTLIST2D(((0.060000000521540642,0.090000001713633537),(0.71283430047333241,0.090000001713633537)));
#8979=IFCINDEXEDPOLYCURVE(#8978,$,$);
#8980=IFCINDEXEDPOLYCURVE(#8981,$,$);
#8981=IFCCARTESIANPOINTLIST2D(((0.060000000521540642,0.12500000186264515),(0.71283430047333241,0.12500000186264515)));
#8982=IFCINDEXEDPOLYCURVE(#8983,$,$);
#8983=IFCCARTESIANPOINTLIST2D(((0.060000000521540642,0.10750000178813934),(0.71283430047333241,0.10750000178813934)));
#8984=IFCSHAPEREPRESENTATION(#24,'Body','Curve2D',(#8969,#8971,#8973,#8975,#8976,#8979,#8980,#8982));
#8985=IFCCARTESIANPOINTLIST2D(((0.,0.),(0.77283430099487305,0.),(0.77283430099487305,0.89999997615814209),(0.,0.89999997615814209)));
#8986=IFCINDEXEDPOLYCURVE(#8985,(IFCLINEINDEX((1,2,3,4,1))),$);
#8987=IFCARBITRARYCLOSEDPROFILEDEF(.AREA.,$,#8986);
#8988=IFCCARTESIANPOINT((0.,-0.60000002384185791,0.));
#8989=IFCDIRECTION((0.,-1.,0.));
#8990=IFCDIRECTION((1.,0.,0.));
#8991=IFCAXIS2PLACEMENT3D(#8988,#8989,#8990);
#8992=IFCDIRECTION((0.,0.,-1.));
#8993=IFCEXTRUDEDAREASOLID(#8987,#8991,#8992,1.2);
#8994=IFCSHAPEREPRESENTATION(#11,'Body','SweptSolid',(#8993));
#9000=IFCCARTESIANPOINT((3.5977683622745094,6.8205042280666817E-07,1.));
#9001=IFCDIRECTION((0.,0.,1.));
#9002=IFCDIRECTION((0.99999999999999289,1.1920928244535129E-07,0.));
#9003=IFCAXIS2PLACEMENT3D(#9000,#9001,#9002);
#9004=IFCLOCALPLACEMENT(#5462,#9003);
#9005=IFCCARTESIANPOINT((0.,0.,0.));
#9006=IFCDIRECTION((0.,0.,1.));
#9007=IFCDIRECTION((1.,0.,0.));
#9008=IFCAXIS2PLACEMENT3D(#9005,#9006,#9007);
#9009=IFCLOCALPLACEMENT(#9004,#9008);
#9010=IFCWINDOWTYPE('0ZgfejJDLA3fiLWZ3xI1AR',$,'Bedroom 1 - 1 - 2F',$,$,(#9011),(#9013,#9021,#9069),$,$,.WINDOW.,.SINGLE_PANEL.,$,$);
#9011=IFCPROPERTYSET('0u0m9TknLBXO09nQ0rgTpk',$,'BBIM_Window',$,(#9012));
#9012=IFCPROPERTYSINGLEVALUE('Data',$,IFCTEXT('{"window_type": "SINGLE_PANEL", "overall_height": 0.8999999761581421, "overall_width": 0.7593729496002197, "lining_properties": {"lining_depth": 0.05000000074505806, "lining_thickness": 0.05000000074505806, "lining_offset": 0.05000000074505806, "lining_to_panel_offset_x": 0.02500000037252903, "lining_to_panel_offset_y": 0.02500000037252903}, "panel_properties": {"frame_depth": [0.03500000014901161, 0.03500000014901161, 0.03500000014901161], "frame_thickness": [0.03500000014901161, 0.03500000014901161, 0.03500000014901161]}}'),$);
#9013=IFCREPRESENTATIONMAP(#9014,#9173);
#9014=IFCAXIS2PLACEMENT3D(#9015,#9016,#9017);
#9015=IFCCARTESIANPOINT((0.,0.,0.));
#9016=IFCDIRECTION((0.,0.,1.));
#9017=IFCDIRECTION((1.,0.,0.));
#9021=IFCREPRESENTATIONMAP(#9022,#9216);
#9022=IFCAXIS2PLACEMENT3D(#9023,#9024,#9025);
#9023=IFCCARTESIANPOINT((0.,0.,0.));
#9024=IFCDIRECTION((0.,0.,1.));
#9025=IFCDIRECTION((1.,0.,0.));
#9069=IFCREPRESENTATIONMAP(#9070,#9239);
#9070=IFCAXIS2PLACEMENT3D(#9071,#9072,#9073);
#9071=IFCCARTESIANPOINT((0.,0.,0.));
#9072=IFCDIRECTION((0.,0.,1.));
#9073=IFCDIRECTION((1.,0.,0.));
#9091=IFCWINDOW('3QwQ8WL8j57PP_0wWSZQGJ',$,'Window',$,$,#9264,#9100,$,0.89999997615814209,0.75937294960021973,$,.SINGLE_PANEL.,$);
#9092=IFCRELDEFINESBYTYPE('0ioPFdtPLA9BFF$SsD5Cu7',$,$,$,(#9091),#9010);
#9093=IFCCARTESIANPOINT((0.,0.,0.));
#9094=IFCDIRECTION((1.,0.,0.));
#9095=IFCDIRECTION((0.,1.,0.));
#9096=IFCDIRECTION((0.,0.,1.));
#9097=IFCCARTESIANTRANSFORMATIONOPERATOR3D(#9094,#9095,#9093,1.,#9096);
#9098=IFCMAPPEDITEM(#9013,#9097);
#9099=IFCSHAPEREPRESENTATION(#18,'Profile','MappedRepresentation',(#9098));
#9100=IFCPRODUCTDEFINITIONSHAPE($,$,(#9099,#9107,#9114));
#9101=IFCCARTESIANPOINT((0.,0.,0.));
#9102=IFCDIRECTION((1.,0.,0.));
#9103=IFCDIRECTION((0.,1.,0.));
#9104=IFCDIRECTION((0.,0.,1.));
#9105=IFCCARTESIANTRANSFORMATIONOPERATOR3D(#9102,#9103,#9101,1.,#9104);
#9106=IFCMAPPEDITEM(#9021,#9105);
#9107=IFCSHAPEREPRESENTATION(#11,'Body','MappedRepresentation',(#9106));
#9108=IFCCARTESIANPOINT((0.,0.,0.));
#9109=IFCDIRECTION((1.,0.,0.));
#9110=IFCDIRECTION((0.,1.,0.));
#9111=IFCDIRECTION((0.,0.,1.));
#9112=IFCCARTESIANTRANSFORMATIONOPERATOR3D(#9109,#9110,#9108,1.,#9111);
#9113=IFCMAPPEDITEM(#9069,#9112);
#9114=IFCSHAPEREPRESENTATION(#24,'Body','MappedRepresentation',(#9113));
#9115=IFCOPENINGELEMENT('2rKljn04161fLHEO5rQKAn',$,'Opening',$,$,#9259,#9143,$,.OPENING.);
#9131=IFCCARTESIANPOINT((0.,0.,0.));
#9132=IFCDIRECTION((1.,0.,0.));
#9133=IFCDIRECTION((0.,0.,1.));
#9134=IFCAXIS2PLACEMENT3D(#9131,#9133,#9132);
#9135=IFCREPRESENTATIONMAP(#9134,#9249);
#9136=IFCCARTESIANPOINT((0.,0.,0.));
#9137=IFCDIRECTION((1.,0.,0.));
#9138=IFCDIRECTION((0.,1.,0.));
#9139=IFCDIRECTION((0.,0.,1.));
#9140=IFCCARTESIANTRANSFORMATIONOPERATOR3D(#9137,#9138,#9136,1.,#9139);
#9141=IFCMAPPEDITEM(#9135,#9140);
#9142=IFCSHAPEREPRESENTATION(#11,'Body','MappedRepresentation',(#9141));
#9143=IFCPRODUCTDEFINITIONSHAPE($,$,(#9142));
#9144=IFCRELVOIDSELEMENT('3UC09SZ0HEL8zRosChGJQC',$,$,$,#5073,#9115);
#9150=IFCRELFILLSELEMENT('3CCCfdfKz4veU_0qd0ymjA',$,$,$,#9115,#9091);
#9171=IFCCARTESIANPOINTLIST3D(((0.,0.,0.),(0.75937294960021973,0.,0.),(0.75937294960021973,0.,0.89999997615814209),(0.,0.,0.89999997615814209)));
#9172=IFCINDEXEDPOLYCURVE(#9171,(IFCLINEINDEX((1,2,3,4,1))),$);
#9173=IFCSHAPEREPRESENTATION(#18,'Profile','Curve3D',(#9172));
#9174=IFCCARTESIANPOINTLIST2D(((0.,0.),(0.75937294960021973,0.),(0.75937294960021973,0.89999997615814209),(0.,0.89999997615814209)));
#9175=IFCINDEXEDPOLYCURVE(#9174,(IFCLINEINDEX((1,2,3,4,1))),$);
#9176=IFCCARTESIANPOINTLIST2D(((0.02500000037252903,0.02500000037252903),(0.7343729492276907,0.02500000037252903),(0.7343729492276907,0.87499997578561306),(0.02500000037252903,0.87499997578561306)));
#9177=IFCINDEXEDPOLYCURVE(#9176,(IFCLINEINDEX((1,2,3,4,1))),$);
#9178=IFCARBITRARYPROFILEDEFWITHVOIDS(.AREA.,$,#9175,(#9177));
#9179=IFCCARTESIANPOINT((0.,0.090000001713633537,0.));
#9180=IFCDIRECTION((0.,-1.,0.));
#9181=IFCDIRECTION((1.,0.,0.));
#9182=IFCAXIS2PLACEMENT3D(#9179,#9180,#9181);
#9183=IFCDIRECTION((0.,0.,-1.));
#9184=IFCEXTRUDEDAREASOLID(#9178,#9182,#9183,0.0099999997764825821);
#9185=IFCCARTESIANPOINTLIST2D(((0.,0.),(0.75937294960021973,0.),(0.75937294960021973,0.89999997615814209),(0.,0.89999997615814209)));
#9186=IFCINDEXEDPOLYCURVE(#9185,(IFCLINEINDEX((1,2,3,4,1))),$);
#9187=IFCCARTESIANPOINTLIST2D(((0.05000000074505806,0.05000000074505806),(0.70937294885516167,0.05000000074505806),(0.70937294885516167,0.84999997541308403),(0.05000000074505806,0.84999997541308403)));
#9188=IFCINDEXEDPOLYCURVE(#9187,(IFCLINEINDEX((1,2,3,4,1))),$);
#9189=IFCARBITRARYPROFILEDEFWITHVOIDS(.AREA.,$,#9186,(#9188));
#9190=IFCCARTESIANPOINT((0.,0.05000000074505806,0.));
#9191=IFCDIRECTION((0.,-1.,0.));
#9192=IFCDIRECTION((1.,0.,0.));
#9193=IFCAXIS2PLACEMENT3D(#9190,#9191,#9192);
#9194=IFCDIRECTION((0.,0.,-1.));
#9195=IFCEXTRUDEDAREASOLID(#9189,#9193,#9194,0.040000000968575478);
#9196=IFCCARTESIANPOINTLIST2D(((0.,0.),(0.70937294885516167,0.),(0.70937294885516167,0.84999997541308403),(0.,0.84999997541308403)));
#9197=IFCINDEXEDPOLYCURVE(#9196,(IFCLINEINDEX((1,2,3,4,1))),$);
#9198=IFCCARTESIANPOINTLIST2D(((0.035000000149011612,0.035000000149011612),(0.67437294870615005,0.035000000149011612),(0.67437294870615005,0.81499997526407242),(0.035000000149011612,0.81499997526407242)));
#9199=IFCINDEXEDPOLYCURVE(#9198,(IFCLINEINDEX((1,2,3,4,1))),$);
#9200=IFCARBITRARYPROFILEDEFWITHVOIDS(.AREA.,$,#9197,(#9199));
#9201=IFCCARTESIANPOINT((0.02500000037252903,0.090000001713633537,0.02500000037252903));
#9202=IFCDIRECTION((0.,-1.,0.));
#9203=IFCDIRECTION((1.,0.,0.));
#9204=IFCAXIS2PLACEMENT3D(#9201,#9202,#9203);
#9205=IFCDIRECTION((0.,0.,-1.));
#9206=IFCEXTRUDEDAREASOLID(#9200,#9204,#9205,0.035000000149011612);
#9207=IFCINDEXEDPOLYCURVE(#9208,(IFCLINEINDEX((1,2,3,4,1))),$);
#9208=IFCCARTESIANPOINTLIST2D(((0.035000000149011612,0.035000000149011612),(0.67437294870615005,0.035000000149011612),(0.67437294870615005,0.81499997526407242),(0.035000000149011612,0.81499997526407242)));
#9209=IFCARBITRARYCLOSEDPROFILEDEF(.AREA.,$,#9207);
#9210=IFCCARTESIANPOINT((0.02500000037252903,0.10250000178813934,0.02500000037252903));
#9211=IFCDIRECTION((0.,-1.,0.));
#9212=IFCDIRECTION((1.,0.,0.));
#9213=IFCAXIS2PLACEMENT3D(#9210,#9211,#9212);
#9214=IFCDIRECTION((0.,0.,-1.));
#9215=IFCEXTRUDEDAREASOLID(#9209,#9213,#9214,0.01);
#9216=IFCSHAPEREPRESENTATION(#11,'Body','SweptSolid',(#9184,#9195,#9206,#9215));
#9217=IFCSHAPEREPRESENTATION(#11,'Body','SweptSolid',(#9184,#9195));
#9218=IFCSHAPEASPECT((#9217),'Lining',$,.T.,#9100);
#9219=IFCSHAPEREPRESENTATION(#11,'Body','SweptSolid',(#9206));
#9220=IFCSHAPEASPECT((#9219),'Framing',$,.T.,#9100);
#9221=IFCSHAPEREPRESENTATION(#11,'Body','SweptSolid',(#9215));
#9222=IFCSHAPEASPECT((#9221),'Glazing',$,.T.,#9100);
#9223=IFCCARTESIANPOINTLIST2D(((0.05000000074505806,0.05000000074505806),(0.70937294885516167,0.05000000074505806)));
#9224=IFCINDEXEDPOLYCURVE(#9223,$,$);
#9225=IFCCARTESIANPOINTLIST2D(((0.,0.10000000149011612),(0.02500000037252903,0.10000000149011612),(0.02500000037252903,0.090000001713633537),(0.05000000074505806,0.090000001713633537),(0.05000000074505806,0.05000000074505806),(0.,0.05000000074505806)));
#9226=IFCINDEXEDPOLYCURVE(#9225,(IFCLINEINDEX((1,2,3,4,5,6,1))),$);
#9227=IFCCARTESIANPOINTLIST2D(((0.75937294960021973,0.10000000149011612),(0.7343729492276907,0.10000000149011612),(0.7343729492276907,0.090000001713633537),(0.70937294885516167,0.090000001713633537),(0.70937294885516167,0.05000000074505806),(0.75937294960021973,0.05000000074505806)));
#9228=IFCINDEXEDPOLYCURVE(#9227,(IFCLINEINDEX((1,2,3,4,5,6,1))),$);
#9229=IFCCARTESIANPOINTLIST2D(((0.02500000037252903,0.090000001713633537),(0.060000000521540642,0.090000001713633537),(0.060000000521540642,0.12500000186264515),(0.02500000037252903,0.12500000186264515)));
#9230=IFCINDEXEDPOLYCURVE(#9229,(IFCLINEINDEX((1,2,3,4,1))),$);
#9231=IFCINDEXEDPOLYCURVE(#9232,(IFCLINEINDEX((1,2,3,4,1))),$);
#9232=IFCCARTESIANPOINTLIST2D(((0.7343729492276907,0.090000001713633537),(0.69937294907867908,0.090000001713633537),(0.69937294907867908,0.12500000186264515),(0.7343729492276907,0.12500000186264515)));
#9233=IFCCARTESIANPOINTLIST2D(((0.060000000521540642,0.090000001713633537),(0.69937294907867908,0.090000001713633537)));
#9234=IFCINDEXEDPOLYCURVE(#9233,$,$);
#9235=IFCINDEXEDPOLYCURVE(#9236,$,$);
#9236=IFCCARTESIANPOINTLIST2D(((0.060000000521540642,0.12500000186264515),(0.69937294907867908,0.12500000186264515)));
#9237=IFCINDEXEDPOLYCURVE(#9238,$,$);
#9238=IFCCARTESIANPOINTLIST2D(((0.060000000521540642,0.10750000178813934),(0.69937294907867908,0.10750000178813934)));
#9239=IFCSHAPEREPRESENTATION(#24,'Body','Curve2D',(#9224,#9226,#9228,#9230,#9231,#9234,#9235,#9237));
#9240=IFCCARTESIANPOINTLIST2D(((0.,0.),(0.75937294960021973,0.),(0.75937294960021973,0.89999997615814209),(0.,0.89999997615814209)));
#9241=IFCINDEXEDPOLYCURVE(#9240,(IFCLINEINDEX((1,2,3,4,1))),$);
#9242=IFCARBITRARYCLOSEDPROFILEDEF(.AREA.,$,#9241);
#9243=IFCCARTESIANPOINT((0.,-0.60000002384185791,0.));
#9244=IFCDIRECTION((0.,-1.,0.));
#9245=IFCDIRECTION((1.,0.,0.));
#9246=IFCAXIS2PLACEMENT3D(#9243,#9244,#9245);
#9247=IFCDIRECTION((0.,0.,-1.));
#9248=IFCEXTRUDEDAREASOLID(#9242,#9246,#9247,1.2);
#9249=IFCSHAPEREPRESENTATION(#11,'Body','SweptSolid',(#9248));
#9255=IFCCARTESIANPOINT((1.567702229729008,3.5847899715335529E-07,1.));
#9256=IFCDIRECTION((0.,0.,1.));
#9257=IFCDIRECTION((0.99999999999999289,1.1920928244535129E-07,0.));
#9258=IFCAXIS2PLACEMENT3D(#9255,#9256,#9257);
#9259=IFCLOCALPLACEMENT(#5462,#9258);
#9260=IFCCARTESIANPOINT((1.3322676295501878E-15,0.,0.));
#9261=IFCDIRECTION((0.,0.,1.));
#9262=IFCDIRECTION((1.,0.,0.));
#9263=IFCAXIS2PLACEMENT3D(#9260,#9261,#9262);
#9264=IFCLOCALPLACEMENT(#9259,#9263);
#9265=IFCWINDOWTYPE('15eliYa0TE5RsXCF5y3mSJ',$,'Bedroom 1 - 2 - 2F',$,$,(#9266),(#9268,#9276,#9362),$,$,.WINDOW.,.SINGLE_PANEL.,$,$);
#9266=IFCPROPERTYSET('1eUJCcD6zBex4RqEyTlYOB',$,'BBIM_Window',$,(#9267));
#9267=IFCPROPERTYSINGLEVALUE('Data',$,IFCTEXT('{"window_type": "DOUBLE_PANEL_VERTICAL", "overall_height": 0.8999999761581421, "overall_width": 1.1566427946090698, "lining_properties": {"lining_depth": 0.05000000074505806, "lining_thickness": 0.05000000074505806, "lining_offset": 0.05000000074505806, "lining_to_panel_offset_x": 0.02500000037252903, "lining_to_panel_offset_y": 0.02500000037252903, "mullion_thickness": 0.05000000074505806, "first_mullion_offset": 0.5907644033432007}, "panel_properties": {"frame_depth": [0.03500000014901161, 0.03500000014901161, 0.03500000014901161], "frame_thickness": [0.03500000014901161, 0.03500000014901161, 0.03500000014901161]}}'),$);
#9268=IFCREPRESENTATIONMAP(#9269,#9482);
#9269=IFCAXIS2PLACEMENT3D(#9270,#9271,#9272);
#9270=IFCCARTESIANPOINT((0.,0.,0.));
#9271=IFCDIRECTION((0.,0.,1.));
#9272=IFCDIRECTION((1.,0.,0.));
#9276=IFCREPRESENTATIONMAP(#9277,#9563);
#9277=IFCAXIS2PLACEMENT3D(#9278,#9279,#9280);
#9278=IFCCARTESIANPOINT((0.,0.,0.));
#9279=IFCDIRECTION((0.,0.,1.));
#9280=IFCDIRECTION((1.,0.,0.));
#9362=IFCREPRESENTATIONMAP(#9363,#9602);
#9363=IFCAXIS2PLACEMENT3D(#9364,#9365,#9366);
#9364=IFCCARTESIANPOINT((0.,0.,0.));
#9365=IFCDIRECTION((0.,0.,1.));
#9366=IFCDIRECTION((1.,0.,0.));
#9400=IFCWINDOW('2cBvfl_xn7DuKYB5nJAgId',$,'Window',$,$,#9627,#9409,$,0.89999997615814209,1.1566427946090698,$,.DOUBLE_PANEL_VERTICAL.,$);
#9401=IFCRELDEFINESBYTYPE('1e9AgsgjP2Qgc_pqROeguj',$,$,$,(#9400),#9265);
#9402=IFCCARTESIANPOINT((0.,0.,0.));
#9403=IFCDIRECTION((1.,0.,0.));
#9404=IFCDIRECTION((0.,1.,0.));
#9405=IFCDIRECTION((0.,0.,1.));
#9406=IFCCARTESIANTRANSFORMATIONOPERATOR3D(#9403,#9404,#9402,1.,#9405);
#9407=IFCMAPPEDITEM(#9268,#9406);
#9408=IFCSHAPEREPRESENTATION(#18,'Profile','MappedRepresentation',(#9407));
#9409=IFCPRODUCTDEFINITIONSHAPE($,$,(#9408,#9416,#9423));
#9410=IFCCARTESIANPOINT((0.,0.,0.));
#9411=IFCDIRECTION((1.,0.,0.));
#9412=IFCDIRECTION((0.,1.,0.));
#9413=IFCDIRECTION((0.,0.,1.));
#9414=IFCCARTESIANTRANSFORMATIONOPERATOR3D(#9411,#9412,#9410,1.,#9413);
#9415=IFCMAPPEDITEM(#9276,#9414);
#9416=IFCSHAPEREPRESENTATION(#11,'Body','MappedRepresentation',(#9415));
#9417=IFCCARTESIANPOINT((0.,0.,0.));
#9418=IFCDIRECTION((1.,0.,0.));
#9419=IFCDIRECTION((0.,1.,0.));
#9420=IFCDIRECTION((0.,0.,1.));
#9421=IFCCARTESIANTRANSFORMATIONOPERATOR3D(#9418,#9419,#9417,1.,#9420);
#9422=IFCMAPPEDITEM(#9362,#9421);
#9423=IFCSHAPEREPRESENTATION(#24,'Body','MappedRepresentation',(#9422));
#9424=IFCOPENINGELEMENT('2QrEqoyuj2y8pGNcMP4oGr',$,'Opening',$,$,#13482,#9452,$,.OPENING.);
#9440=IFCCARTESIANPOINT((0.,0.,0.));
#9441=IFCDIRECTION((1.,0.,0.));
#9442=IFCDIRECTION((0.,0.,1.));
#9443=IFCAXIS2PLACEMENT3D(#9440,#9442,#9441);
#9444=IFCREPRESENTATIONMAP(#9443,#9612);
#9445=IFCCARTESIANPOINT((0.,0.,0.));
#9446=IFCDIRECTION((1.,0.,0.));
#9447=IFCDIRECTION((0.,1.,0.));
#9448=IFCDIRECTION((0.,0.,1.));
#9449=IFCCARTESIANTRANSFORMATIONOPERATOR3D(#9446,#9447,#9445,1.,#9448);
#9450=IFCMAPPEDITEM(#9444,#9449);
#9451=IFCSHAPEREPRESENTATION(#11,'Body','MappedRepresentation',(#9450));
#9452=IFCPRODUCTDEFINITIONSHAPE($,$,(#9451));
#9453=IFCRELVOIDSELEMENT('33ohNfBE9F$8M5KO1YECv1',$,$,$,#5048,#9424);
#9459=IFCRELFILLSELEMENT('09gouMxiv7EueqVUf1JB7g',$,$,$,#9424,#9400);
#9480=IFCCARTESIANPOINTLIST3D(((0.,0.,0.),(1.1566427946090698,0.,0.),(1.1566427946090698,0.,0.89999997615814209),(0.,0.,0.89999997615814209)));
#9481=IFCINDEXEDPOLYCURVE(#9480,(IFCLINEINDEX((1,2,3,4,1))),$);
#9482=IFCSHAPEREPRESENTATION(#18,'Profile','Curve3D',(#9481));
#9483=IFCCARTESIANPOINTLIST2D(((0.59076440334320068,0.),(0.,0.),(0.,0.89999997615814209),(0.59076440334320068,0.89999997615814209),(0.59076440334320068,0.87499997578561306),(0.02500000037252903,0.87499997578561306),(0.02500000037252903,0.02500000037252903),(0.59076440334320068,0.02500000037252903)));
#9484=IFCINDEXEDPOLYCURVE(#9483,(IFCLINEINDEX((1,2,3,4,5,6,7,8,1))),$);
#9485=IFCARBITRARYCLOSEDPROFILEDEF(.AREA.,$,#9484);
#9486=IFCCARTESIANPOINT((0.,0.090000001713633537,0.));
#9487=IFCDIRECTION((0.,-1.,0.));
#9488=IFCDIRECTION((1.,0.,0.));
#9489=IFCAXIS2PLACEMENT3D(#9486,#9487,#9488);
#9490=IFCDIRECTION((0.,0.,-1.));
#9491=IFCEXTRUDEDAREASOLID(#9485,#9489,#9490,0.0099999997764825821);
#9492=IFCCARTESIANPOINTLIST2D(((0.,0.),(0.59076440334320068,0.),(0.59076440334320068,0.89999997615814209),(0.,0.89999997615814209)));
#9493=IFCINDEXEDPOLYCURVE(#9492,(IFCLINEINDEX((1,2,3,4,1))),$);
#9494=IFCCARTESIANPOINTLIST2D(((0.05000000074505806,0.05000000074505806),(0.56576440297067165,0.05000000074505806),(0.56576440297067165,0.84999997541308403),(0.05000000074505806,0.84999997541308403)));
#9495=IFCINDEXEDPOLYCURVE(#9494,(IFCLINEINDEX((1,2,3,4,1))),$);
#9496=IFCARBITRARYPROFILEDEFWITHVOIDS(.AREA.,$,#9493,(#9495));
#9497=IFCCARTESIANPOINT((0.,0.05000000074505806,0.));
#9498=IFCDIRECTION((0.,-1.,0.));
#9499=IFCDIRECTION((1.,0.,0.));
#9500=IFCAXIS2PLACEMENT3D(#9497,#9498,#9499);
#9501=IFCDIRECTION((0.,0.,-1.));
#9502=IFCEXTRUDEDAREASOLID(#9496,#9500,#9501,0.040000000968575478);
#9503=IFCCARTESIANPOINTLIST2D(((0.,0.),(0.56576440297067165,0.),(0.56576440297067165,0.84999997541308403),(0.,0.84999997541308403)));
#9504=IFCINDEXEDPOLYCURVE(#9503,(IFCLINEINDEX((1,2,3,4,1))),$);
#9505=IFCCARTESIANPOINTLIST2D(((0.035000000149011612,0.035000000149011612),(0.53076440282166004,0.035000000149011612),(0.53076440282166004,0.81499997526407242),(0.035000000149011612,0.81499997526407242)));
#9506=IFCINDEXEDPOLYCURVE(#9505,(IFCLINEINDEX((1,2,3,4,1))),$);
#9507=IFCARBITRARYPROFILEDEFWITHVOIDS(.AREA.,$,#9504,(#9506));
#9508=IFCCARTESIANPOINT((0.02500000037252903,0.090000001713633537,0.02500000037252903));
#9509=IFCDIRECTION((0.,-1.,0.));
#9510=IFCDIRECTION((1.,0.,0.));
#9511=IFCAXIS2PLACEMENT3D(#9508,#9509,#9510);
#9512=IFCDIRECTION((0.,0.,-1.));
#9513=IFCEXTRUDEDAREASOLID(#9507,#9511,#9512,0.035000000149011612);
#9514=IFCINDEXEDPOLYCURVE(#9515,(IFCLINEINDEX((1,2,3,4,1))),$);
#9515=IFCCARTESIANPOINTLIST2D(((0.035000000149011612,0.035000000149011612),(0.53076440282166004,0.035000000149011612),(0.53076440282166004,0.81499997526407242),(0.035000000149011612,0.81499997526407242)));
#9516=IFCARBITRARYCLOSEDPROFILEDEF(.AREA.,$,#9514);
#9517=IFCCARTESIANPOINT((0.02500000037252903,0.10250000178813934,0.02500000037252903));
#9518=IFCDIRECTION((0.,-1.,0.));
#9519=IFCDIRECTION((1.,0.,0.));
#9520=IFCAXIS2PLACEMENT3D(#9517,#9518,#9519);
#9521=IFCDIRECTION((0.,0.,-1.));
#9522=IFCEXTRUDEDAREASOLID(#9516,#9520,#9521,0.01);
#9523=IFCCARTESIANPOINTLIST2D(((0.,0.89999997615814209),(0.56587839126586914,0.89999997615814209),(0.56587839126586914,0.),(0.,0.),(0.,0.02500000037252903),(0.54087839089334011,0.02500000037252903),(0.54087839089334011,0.87499997578561306),(0.,0.87499997578561306)));
#9524=IFCINDEXEDPOLYCURVE(#9523,(IFCLINEINDEX((1,2,3,4,5,6,7,8,1))),$);
#9525=IFCARBITRARYCLOSEDPROFILEDEF(.AREA.,$,#9524);
#9526=IFCCARTESIANPOINT((0.59076440334320068,0.090000001713633537,0.));
#9527=IFCDIRECTION((0.,-1.,0.));
#9528=IFCDIRECTION((1.,0.,0.));
#9529=IFCAXIS2PLACEMENT3D(#9526,#9527,#9528);
#9530=IFCDIRECTION((0.,0.,-1.));
#9531=IFCEXTRUDEDAREASOLID(#9525,#9529,#9530,0.0099999997764825821);
#9532=IFCCARTESIANPOINTLIST2D(((0.,0.),(0.56587839126586914,0.),(0.56587839126586914,0.89999997615814209),(0.,0.89999997615814209)));
#9533=IFCINDEXEDPOLYCURVE(#9532,(IFCLINEINDEX((1,2,3,4,1))),$);
#9534=IFCCARTESIANPOINTLIST2D(((0.02500000037252903,0.05000000074505806),(0.51587839052081108,0.05000000074505806),(0.51587839052081108,0.84999997541308403),(0.02500000037252903,0.84999997541308403)));
#9535=IFCINDEXEDPOLYCURVE(#9534,(IFCLINEINDEX((1,2,3,4,1))),$);
#9536=IFCARBITRARYPROFILEDEFWITHVOIDS(.AREA.,$,#9533,(#9535));
#9537=IFCCARTESIANPOINT((0.59076440334320068,0.05000000074505806,0.));
#9538=IFCDIRECTION((0.,-1.,0.));
#9539=IFCDIRECTION((1.,0.,0.));
#9540=IFCAXIS2PLACEMENT3D(#9537,#9538,#9539);
#9541=IFCDIRECTION((0.,0.,-1.));
#9542=IFCEXTRUDEDAREASOLID(#9536,#9540,#9541,0.040000000968575478);
#9543=IFCCARTESIANPOINTLIST2D(((0.,0.),(0.54087839089334011,0.),(0.54087839089334011,0.84999997541308403),(0.,0.84999997541308403)));
#9544=IFCINDEXEDPOLYCURVE(#9543,(IFCLINEINDEX((1,2,3,4,1))),$);
#9545=IFCCARTESIANPOINTLIST2D(((0.035000000149011612,0.035000000149011612),(0.5058783907443285,0.035000000149011612),(0.5058783907443285,0.81499997526407242),(0.035000000149011612,0.81499997526407242)));
#9546=IFCINDEXEDPOLYCURVE(#9545,(IFCLINEINDEX((1,2,3,4,1))),$);
#9547=IFCARBITRARYPROFILEDEFWITHVOIDS(.AREA.,$,#9544,(#9546));
#9548=IFCCARTESIANPOINT((0.59076440334320068,0.090000001713633537,0.02500000037252903));
#9549=IFCDIRECTION((0.,-1.,0.));
#9550=IFCDIRECTION((1.,0.,0.));
#9551=IFCAXIS2PLACEMENT3D(#9548,#9549,#9550);
#9552=IFCDIRECTION((0.,0.,-1.));
#9553=IFCEXTRUDEDAREASOLID(#9547,#9551,#9552,0.035000000149011612);
#9554=IFCINDEXEDPOLYCURVE(#9555,(IFCLINEINDEX((1,2,3,4,1))),$);
#9555=IFCCARTESIANPOINTLIST2D(((0.035000000149011612,0.035000000149011612),(0.5058783907443285,0.035000000149011612),(0.5058783907443285,0.81499997526407242),(0.035000000149011612,0.81499997526407242)));
#9556=IFCARBITRARYCLOSEDPROFILEDEF(.AREA.,$,#9554);
#9557=IFCCARTESIANPOINT((0.59076440334320068,0.10250000178813934,0.02500000037252903));
#9558=IFCDIRECTION((0.,-1.,0.));
#9559=IFCDIRECTION((1.,0.,0.));
#9560=IFCAXIS2PLACEMENT3D(#9557,#9558,#9559);
#9561=IFCDIRECTION((0.,0.,-1.));
#9562=IFCEXTRUDEDAREASOLID(#9556,#9560,#9561,0.01);
#9563=IFCSHAPEREPRESENTATION(#11,'Body','SweptSolid',(#9491,#9502,#9513,#9522,#9531,#9542,#9553,#9562));
#9564=IFCSHAPEREPRESENTATION(#11,'Body','SweptSolid',(#9491,#9502,#9531,#9542));
#9565=IFCSHAPEASPECT((#9564),'Lining',$,.T.,#9409);
#9566=IFCSHAPEREPRESENTATION(#11,'Body','SweptSolid',(#9513,#9553));
#9567=IFCSHAPEASPECT((#9566),'Framing',$,.T.,#9409);
#9568=IFCSHAPEREPRESENTATION(#11,'Body','SweptSolid',(#9522,#9562));
#9569=IFCSHAPEASPECT((#9568),'Glazing',$,.T.,#9409);
#9570=IFCCARTESIANPOINTLIST2D(((0.05000000074505806,0.05000000074505806),(0.56576440297067165,0.05000000074505806)));
#9571=IFCINDEXEDPOLYCURVE(#9570,$,$);
#9572=IFCCARTESIANPOINTLIST2D(((0.,0.10000000149011612),(0.02500000037252903,0.10000000149011612),(0.02500000037252903,0.090000001713633537),(0.05000000074505806,0.090000001713633537),(0.05000000074505806,0.05000000074505806),(0.,0.05000000074505806)));
#9573=IFCINDEXEDPOLYCURVE(#9572,(IFCLINEINDEX((1,2,3,4,5,6,1))),$);
#9574=IFCCARTESIANPOINTLIST2D(((0.59076440334320068,0.10000000149011612),(0.59076440334320068,0.10000000149011612),(0.59076440334320068,0.090000001713633537),(0.56576440297067165,0.090000001713633537),(0.56576440297067165,0.05000000074505806),(0.59076440334320068,0.05000000074505806)));
#9575=IFCINDEXEDPOLYCURVE(#9574,$,$);
#9576=IFCCARTESIANPOINTLIST2D(((0.02500000037252903,0.090000001713633537),(0.060000000521540642,0.090000001713633537),(0.060000000521540642,0.12500000186264515),(0.02500000037252903,0.12500000186264515)));
#9577=IFCINDEXEDPOLYCURVE(#9576,(IFCLINEINDEX((1,2,3,4,1))),$);
#9578=IFCINDEXEDPOLYCURVE(#9579,(IFCLINEINDEX((1,2,3,4,1))),$);
#9579=IFCCARTESIANPOINTLIST2D(((0.59076440334320068,0.090000001713633537),(0.55576440319418907,0.090000001713633537),(0.55576440319418907,0.12500000186264515),(0.59076440334320068,0.12500000186264515)));
#9580=IFCCARTESIANPOINTLIST2D(((0.060000000521540642,0.090000001713633537),(0.55576440319418907,0.090000001713633537)));
#9581=IFCINDEXEDPOLYCURVE(#9580,$,$);
#9582=IFCINDEXEDPOLYCURVE(#9583,$,$);
#9583=IFCCARTESIANPOINTLIST2D(((0.060000000521540642,0.12500000186264515),(0.55576440319418907,0.12500000186264515)));
#9584=IFCINDEXEDPOLYCURVE(#9585,$,$);
#9585=IFCCARTESIANPOINTLIST2D(((0.060000000521540642,0.10750000178813934),(0.55576440319418907,0.10750000178813934)));
#9586=IFCCARTESIANPOINTLIST2D(((0.61576440371572971,0.05000000074505806),(1.1066427938640118,0.05000000074505806)));
#9587=IFCINDEXEDPOLYCURVE(#9586,$,$);
#9588=IFCCARTESIANPOINTLIST2D(((0.59076440334320068,0.10000000149011612),(0.59076440334320068,0.10000000149011612),(0.59076440334320068,0.090000001713633537),(0.61576440371572971,0.090000001713633537),(0.61576440371572971,0.05000000074505806),(0.59076440334320068,0.05000000074505806)));
#9589=IFCINDEXEDPOLYCURVE(#9588,$,$);
#9590=IFCCARTESIANPOINTLIST2D(((1.1566427946090698,0.10000000149011612),(1.1316427942365408,0.10000000149011612),(1.1316427942365408,0.090000001713633537),(1.1066427938640118,0.090000001713633537),(1.1066427938640118,0.05000000074505806),(1.1566427946090698,0.05000000074505806)));
#9591=IFCINDEXEDPOLYCURVE(#9590,(IFCLINEINDEX((1,2,3,4,5,6,1))),$);
#9592=IFCCARTESIANPOINTLIST2D(((0.59076440334320068,0.090000001713633537),(0.6257644034922123,0.090000001713633537),(0.6257644034922123,0.12500000186264515),(0.59076440334320068,0.12500000186264515)));
#9593=IFCINDEXEDPOLYCURVE(#9592,(IFCLINEINDEX((1,2,3,4,1))),$);
#9594=IFCINDEXEDPOLYCURVE(#9595,(IFCLINEINDEX((1,2,3,4,1))),$);
#9595=IFCCARTESIANPOINTLIST2D(((1.1316427942365408,0.090000001713633537),(1.0966427940875292,0.090000001713633537),(1.0966427940875292,0.12500000186264515),(1.1316427942365408,0.12500000186264515)));
#9596=IFCCARTESIANPOINTLIST2D(((0.6257644034922123,0.090000001713633537),(1.0966427940875292,0.090000001713633537)));
#9597=IFCINDEXEDPOLYCURVE(#9596,$,$);
#9598=IFCINDEXEDPOLYCURVE(#9599,$,$);
#9599=IFCCARTESIANPOINTLIST2D(((0.6257644034922123,0.12500000186264515),(1.0966427940875292,0.12500000186264515)));
#9600=IFCINDEXEDPOLYCURVE(#9601,$,$);
#9601=IFCCARTESIANPOINTLIST2D(((0.6257644034922123,0.10750000178813934),(1.0966427940875292,0.10750000178813934)));
#9602=IFCSHAPEREPRESENTATION(#24,'Body','Curve2D',(#9571,#9573,#9575,#9577,#9578,#9581,#9582,#9584,#9587,#9589,#9591,#9593,#9594,#9597,#9598,#9600));
#9603=IFCCARTESIANPOINTLIST2D(((0.,0.),(1.1566427946090698,0.),(1.1566427946090698,0.89999997615814209),(0.,0.89999997615814209)));
#9604=IFCINDEXEDPOLYCURVE(#9603,(IFCLINEINDEX((1,2,3,4,1))),$);
#9605=IFCARBITRARYCLOSEDPROFILEDEF(.AREA.,$,#9604);
#9606=IFCCARTESIANPOINT((0.,-0.60000002384185791,0.));
#9607=IFCDIRECTION((0.,-1.,0.));
#9608=IFCDIRECTION((1.,0.,0.));
#9609=IFCAXIS2PLACEMENT3D(#9606,#9607,#9608);
#9610=IFCDIRECTION((0.,0.,-1.));
#9611=IFCEXTRUDEDAREASOLID(#9605,#9609,#9610,1.2);
#9612=IFCSHAPEREPRESENTATION(#11,'Body','SweptSolid',(#9611));
#9623=IFCCARTESIANPOINT((5.5511151231257827E-17,8.8817841970012523E-16,0.));
#9624=IFCDIRECTION((0.,0.,1.));
#9625=IFCDIRECTION((1.,0.,0.));
#9626=IFCAXIS2PLACEMENT3D(#9623,#9624,#9625);
#9627=IFCLOCALPLACEMENT(#13482,#9626);
#9628=IFCWINDOWTYPE('2FGa_Z5jTBkg_fkXPOo4l_',$,'Bedroom 2 - 2F',$,$,(#9629),(#9631,#9639,#9725),$,$,.WINDOW.,.SINGLE_PANEL.,$,$);
#9629=IFCPROPERTYSET('3eSsVJkPb8puwsqIEmTiy7',$,'BBIM_Window',$,(#9630));
#9630=IFCPROPERTYSINGLEVALUE('Data',$,IFCTEXT('{"window_type": "DOUBLE_PANEL_VERTICAL", "overall_height": 0.8999999761581421, "overall_width": 1.1566427946090698, "lining_properties": {"lining_depth": 0.05000000074505806, "lining_thickness": 0.05000000074505806, "lining_offset": 0.05000000074505806, "lining_to_panel_offset_x": 0.02500000037252903, "lining_to_panel_offset_y": 0.02500000037252903, "mullion_thickness": 0.05000000074505806, "first_mullion_offset": 0.5907644033432007}, "panel_properties": {"frame_depth": [0.03500000014901161, 0.03500000014901161, 0.03500000014901161], "frame_thickness": [0.03500000014901161, 0.03500000014901161, 0.03500000014901161]}}'),$);
#9631=IFCREPRESENTATIONMAP(#9632,#9845);
#9632=IFCAXIS2PLACEMENT3D(#9633,#9634,#9635);
#9633=IFCCARTESIANPOINT((0.,0.,0.));
#9634=IFCDIRECTION((0.,0.,1.));
#9635=IFCDIRECTION((1.,0.,0.));
#9639=IFCREPRESENTATIONMAP(#9640,#9926);
#9640=IFCAXIS2PLACEMENT3D(#9641,#9642,#9643);
#9641=IFCCARTESIANPOINT((0.,0.,0.));
#9642=IFCDIRECTION((0.,0.,1.));
#9643=IFCDIRECTION((1.,0.,0.));
#9725=IFCREPRESENTATIONMAP(#9726,#9965);
#9726=IFCAXIS2PLACEMENT3D(#9727,#9728,#9729);
#9727=IFCCARTESIANPOINT((0.,0.,0.));
#9728=IFCDIRECTION((0.,0.,1.));
#9729=IFCDIRECTION((1.,0.,0.));
#9763=IFCWINDOW('37s8NHL8TEzeP97fXblSTa',$,'Window',$,$,#9990,#9772,$,0.89999997615814209,1.1566427946090698,$,.DOUBLE_PANEL_VERTICAL.,$);
#9764=IFCRELDEFINESBYTYPE('3jupdRAZfCE8zUsqkDFCmV',$,$,$,(#9763),#9628);
#9765=IFCCARTESIANPOINT((0.,0.,0.));
#9766=IFCDIRECTION((1.,0.,0.));
#9767=IFCDIRECTION((0.,1.,0.));
#9768=IFCDIRECTION((0.,0.,1.));
#9769=IFCCARTESIANTRANSFORMATIONOPERATOR3D(#9766,#9767,#9765,1.,#9768);
#9770=IFCMAPPEDITEM(#9631,#9769);
#9771=IFCSHAPEREPRESENTATION(#18,'Profile','MappedRepresentation',(#9770));
#9772=IFCPRODUCTDEFINITIONSHAPE($,$,(#9771,#9779,#9786));
#9773=IFCCARTESIANPOINT((0.,0.,0.));
#9774=IFCDIRECTION((1.,0.,0.));
#9775=IFCDIRECTION((0.,1.,0.));
#9776=IFCDIRECTION((0.,0.,1.));
#9777=IFCCARTESIANTRANSFORMATIONOPERATOR3D(#9774,#9775,#9773,1.,#9776);
#9778=IFCMAPPEDITEM(#9639,#9777);
#9779=IFCSHAPEREPRESENTATION(#11,'Body','MappedRepresentation',(#9778));
#9780=IFCCARTESIANPOINT((0.,0.,0.));
#9781=IFCDIRECTION((1.,0.,0.));
#9782=IFCDIRECTION((0.,1.,0.));
#9783=IFCDIRECTION((0.,0.,1.));
#9784=IFCCARTESIANTRANSFORMATIONOPERATOR3D(#9781,#9782,#9780,1.,#9783);
#9785=IFCMAPPEDITEM(#9725,#9784);
#9786=IFCSHAPEREPRESENTATION(#24,'Body','MappedRepresentation',(#9785));
#9787=IFCOPENINGELEMENT('1eMAtS1BP8EQyJM4vHsvkY',$,'Opening',$,$,#9985,#9815,$,.OPENING.);
#9803=IFCCARTESIANPOINT((0.,0.,0.));
#9804=IFCDIRECTION((1.,0.,0.));
#9805=IFCDIRECTION((0.,0.,1.));
#9806=IFCAXIS2PLACEMENT3D(#9803,#9805,#9804);
#9807=IFCREPRESENTATIONMAP(#9806,#9975);
#9808=IFCCARTESIANPOINT((0.,0.,0.));
#9809=IFCDIRECTION((1.,0.,0.));
#9810=IFCDIRECTION((0.,1.,0.));
#9811=IFCDIRECTION((0.,0.,1.));
#9812=IFCCARTESIANTRANSFORMATIONOPERATOR3D(#9809,#9810,#9808,1.,#9811);
#9813=IFCMAPPEDITEM(#9807,#9812);
#9814=IFCSHAPEREPRESENTATION(#11,'Body','MappedRepresentation',(#9813));
#9815=IFCPRODUCTDEFINITIONSHAPE($,$,(#9814));
#9816=IFCRELVOIDSELEMENT('25j_Zd6D58KxjTujrIKKuD',$,$,$,#5198,#9787);
#9822=IFCRELFILLSELEMENT('3d9UAzmkX3vPeKbU22QKw5',$,$,$,#9787,#9763);
#9843=IFCCARTESIANPOINTLIST3D(((0.,0.,0.),(1.1566427946090698,0.,0.),(1.1566427946090698,0.,0.89999997615814209),(0.,0.,0.89999997615814209)));
#9844=IFCINDEXEDPOLYCURVE(#9843,(IFCLINEINDEX((1,2,3,4,1))),$);
#9845=IFCSHAPEREPRESENTATION(#18,'Profile','Curve3D',(#9844));
#9846=IFCCARTESIANPOINTLIST2D(((0.59076440334320068,0.),(0.,0.),(0.,0.89999997615814209),(0.59076440334320068,0.89999997615814209),(0.59076440334320068,0.87499997578561306),(0.02500000037252903,0.87499997578561306),(0.02500000037252903,0.02500000037252903),(0.59076440334320068,0.02500000037252903)));
#9847=IFCINDEXEDPOLYCURVE(#9846,(IFCLINEINDEX((1,2,3,4,5,6,7,8,1))),$);
#9848=IFCARBITRARYCLOSEDPROFILEDEF(.AREA.,$,#9847);
#9849=IFCCARTESIANPOINT((0.,0.090000001713633537,0.));
#9850=IFCDIRECTION((0.,-1.,0.));
#9851=IFCDIRECTION((1.,0.,0.));
#9852=IFCAXIS2PLACEMENT3D(#9849,#9850,#9851);
#9853=IFCDIRECTION((0.,0.,-1.));
#9854=IFCEXTRUDEDAREASOLID(#9848,#9852,#9853,0.0099999997764825821);
#9855=IFCCARTESIANPOINTLIST2D(((0.,0.),(0.59076440334320068,0.),(0.59076440334320068,0.89999997615814209),(0.,0.89999997615814209)));
#9856=IFCINDEXEDPOLYCURVE(#9855,(IFCLINEINDEX((1,2,3,4,1))),$);
#9857=IFCCARTESIANPOINTLIST2D(((0.05000000074505806,0.05000000074505806),(0.56576440297067165,0.05000000074505806),(0.56576440297067165,0.84999997541308403),(0.05000000074505806,0.84999997541308403)));
#9858=IFCINDEXEDPOLYCURVE(#9857,(IFCLINEINDEX((1,2,3,4,1))),$);
#9859=IFCARBITRARYPROFILEDEFWITHVOIDS(.AREA.,$,#9856,(#9858));
#9860=IFCCARTESIANPOINT((0.,0.05000000074505806,0.));
#9861=IFCDIRECTION((0.,-1.,0.));
#9862=IFCDIRECTION((1.,0.,0.));
#9863=IFCAXIS2PLACEMENT3D(#9860,#9861,#9862);
#9864=IFCDIRECTION((0.,0.,-1.));
#9865=IFCEXTRUDEDAREASOLID(#9859,#9863,#9864,0.040000000968575478);
#9866=IFCCARTESIANPOINTLIST2D(((0.,0.),(0.56576440297067165,0.),(0.56576440297067165,0.84999997541308403),(0.,0.84999997541308403)));
#9867=IFCINDEXEDPOLYCURVE(#9866,(IFCLINEINDEX((1,2,3,4,1))),$);
#9868=IFCCARTESIANPOINTLIST2D(((0.035000000149011612,0.035000000149011612),(0.53076440282166004,0.035000000149011612),(0.53076440282166004,0.81499997526407242),(0.035000000149011612,0.81499997526407242)));
#9869=IFCINDEXEDPOLYCURVE(#9868,(IFCLINEINDEX((1,2,3,4,1))),$);
#9870=IFCARBITRARYPROFILEDEFWITHVOIDS(.AREA.,$,#9867,(#9869));
#9871=IFCCARTESIANPOINT((0.02500000037252903,0.090000001713633537,0.02500000037252903));
#9872=IFCDIRECTION((0.,-1.,0.));
#9873=IFCDIRECTION((1.,0.,0.));
#9874=IFCAXIS2PLACEMENT3D(#9871,#9872,#9873);
#9875=IFCDIRECTION((0.,0.,-1.));
#9876=IFCEXTRUDEDAREASOLID(#9870,#9874,#9875,0.035000000149011612);
#9877=IFCINDEXEDPOLYCURVE(#9878,(IFCLINEINDEX((1,2,3,4,1))),$);
#9878=IFCCARTESIANPOINTLIST2D(((0.035000000149011612,0.035000000149011612),(0.53076440282166004,0.035000000149011612),(0.53076440282166004,0.81499997526407242),(0.035000000149011612,0.81499997526407242)));
#9879=IFCARBITRARYCLOSEDPROFILEDEF(.AREA.,$,#9877);
#9880=IFCCARTESIANPOINT((0.02500000037252903,0.10250000178813934,0.02500000037252903));
#9881=IFCDIRECTION((0.,-1.,0.));
#9882=IFCDIRECTION((1.,0.,0.));
#9883=IFCAXIS2PLACEMENT3D(#9880,#9881,#9882);
#9884=IFCDIRECTION((0.,0.,-1.));
#9885=IFCEXTRUDEDAREASOLID(#9879,#9883,#9884,0.01);
#9886=IFCCARTESIANPOINTLIST2D(((0.,0.89999997615814209),(0.56587839126586914,0.89999997615814209),(0.56587839126586914,0.),(0.,0.),(0.,0.02500000037252903),(0.54087839089334011,0.02500000037252903),(0.54087839089334011,0.87499997578561306),(0.,0.87499997578561306)));
#9887=IFCINDEXEDPOLYCURVE(#9886,(IFCLINEINDEX((1,2,3,4,5,6,7,8,1))),$);
#9888=IFCARBITRARYCLOSEDPROFILEDEF(.AREA.,$,#9887);
#9889=IFCCARTESIANPOINT((0.59076440334320068,0.090000001713633537,0.));
#9890=IFCDIRECTION((0.,-1.,0.));
#9891=IFCDIRECTION((1.,0.,0.));
#9892=IFCAXIS2PLACEMENT3D(#9889,#9890,#9891);
#9893=IFCDIRECTION((0.,0.,-1.));
#9894=IFCEXTRUDEDAREASOLID(#9888,#9892,#9893,0.0099999997764825821);
#9895=IFCCARTESIANPOINTLIST2D(((0.,0.),(0.56587839126586914,0.),(0.56587839126586914,0.89999997615814209),(0.,0.89999997615814209)));
#9896=IFCINDEXEDPOLYCURVE(#9895,(IFCLINEINDEX((1,2,3,4,1))),$);
#9897=IFCCARTESIANPOINTLIST2D(((0.02500000037252903,0.05000000074505806),(0.51587839052081108,0.05000000074505806),(0.51587839052081108,0.84999997541308403),(0.02500000037252903,0.84999997541308403)));
#9898=IFCINDEXEDPOLYCURVE(#9897,(IFCLINEINDEX((1,2,3,4,1))),$);
#9899=IFCARBITRARYPROFILEDEFWITHVOIDS(.AREA.,$,#9896,(#9898));
#9900=IFCCARTESIANPOINT((0.59076440334320068,0.05000000074505806,0.));
#9901=IFCDIRECTION((0.,-1.,0.));
#9902=IFCDIRECTION((1.,0.,0.));
#9903=IFCAXIS2PLACEMENT3D(#9900,#9901,#9902);
#9904=IFCDIRECTION((0.,0.,-1.));
#9905=IFCEXTRUDEDAREASOLID(#9899,#9903,#9904,0.040000000968575478);
#9906=IFCCARTESIANPOINTLIST2D(((0.,0.),(0.54087839089334011,0.),(0.54087839089334011,0.84999997541308403),(0.,0.84999997541308403)));
#9907=IFCINDEXEDPOLYCURVE(#9906,(IFCLINEINDEX((1,2,3,4,1))),$);
#9908=IFCCARTESIANPOINTLIST2D(((0.035000000149011612,0.035000000149011612),(0.5058783907443285,0.035000000149011612),(0.5058783907443285,0.81499997526407242),(0.035000000149011612,0.81499997526407242)));
#9909=IFCINDEXEDPOLYCURVE(#9908,(IFCLINEINDEX((1,2,3,4,1))),$);
#9910=IFCARBITRARYPROFILEDEFWITHVOIDS(.AREA.,$,#9907,(#9909));
#9911=IFCCARTESIANPOINT((0.59076440334320068,0.090000001713633537,0.02500000037252903));
#9912=IFCDIRECTION((0.,-1.,0.));
#9913=IFCDIRECTION((1.,0.,0.));
#9914=IFCAXIS2PLACEMENT3D(#9911,#9912,#9913);
#9915=IFCDIRECTION((0.,0.,-1.));
#9916=IFCEXTRUDEDAREASOLID(#9910,#9914,#9915,0.035000000149011612);
#9917=IFCINDEXEDPOLYCURVE(#9918,(IFCLINEINDEX((1,2,3,4,1))),$);
#9918=IFCCARTESIANPOINTLIST2D(((0.035000000149011612,0.035000000149011612),(0.5058783907443285,0.035000000149011612),(0.5058783907443285,0.81499997526407242),(0.035000000149011612,0.81499997526407242)));
#9919=IFCARBITRARYCLOSEDPROFILEDEF(.AREA.,$,#9917);
#9920=IFCCARTESIANPOINT((0.59076440334320068,0.10250000178813934,0.02500000037252903));
#9921=IFCDIRECTION((0.,-1.,0.));
#9922=IFCDIRECTION((1.,0.,0.));
#9923=IFCAXIS2PLACEMENT3D(#9920,#9921,#9922);
#9924=IFCDIRECTION((0.,0.,-1.));
#9925=IFCEXTRUDEDAREASOLID(#9919,#9923,#9924,0.01);
#9926=IFCSHAPEREPRESENTATION(#11,'Body','SweptSolid',(#9854,#9865,#9876,#9885,#9894,#9905,#9916,#9925));
#9927=IFCSHAPEREPRESENTATION(#11,'Body','SweptSolid',(#9854,#9865,#9894,#9905));
#9928=IFCSHAPEASPECT((#9927),'Lining',$,.T.,#9772);
#9929=IFCSHAPEREPRESENTATION(#11,'Body','SweptSolid',(#9876,#9916));
#9930=IFCSHAPEASPECT((#9929),'Framing',$,.T.,#9772);
#9931=IFCSHAPEREPRESENTATION(#11,'Body','SweptSolid',(#9885,#9925));
#9932=IFCSHAPEASPECT((#9931),'Glazing',$,.T.,#9772);
#9933=IFCCARTESIANPOINTLIST2D(((0.05000000074505806,0.05000000074505806),(0.56576440297067165,0.05000000074505806)));
#9934=IFCINDEXEDPOLYCURVE(#9933,$,$);
#9935=IFCCARTESIANPOINTLIST2D(((0.,0.10000000149011612),(0.02500000037252903,0.10000000149011612),(0.02500000037252903,0.090000001713633537),(0.05000000074505806,0.090000001713633537),(0.05000000074505806,0.05000000074505806),(0.,0.05000000074505806)));
#9936=IFCINDEXEDPOLYCURVE(#9935,(IFCLINEINDEX((1,2,3,4,5,6,1))),$);
#9937=IFCCARTESIANPOINTLIST2D(((0.59076440334320068,0.10000000149011612),(0.59076440334320068,0.10000000149011612),(0.59076440334320068,0.090000001713633537),(0.56576440297067165,0.090000001713633537),(0.56576440297067165,0.05000000074505806),(0.59076440334320068,0.05000000074505806)));
#9938=IFCINDEXEDPOLYCURVE(#9937,$,$);
#9939=IFCCARTESIANPOINTLIST2D(((0.02500000037252903,0.090000001713633537),(0.060000000521540642,0.090000001713633537),(0.060000000521540642,0.12500000186264515),(0.02500000037252903,0.12500000186264515)));
#9940=IFCINDEXEDPOLYCURVE(#9939,(IFCLINEINDEX((1,2,3,4,1))),$);
#9941=IFCINDEXEDPOLYCURVE(#9942,(IFCLINEINDEX((1,2,3,4,1))),$);
#9942=IFCCARTESIANPOINTLIST2D(((0.59076440334320068,0.090000001713633537),(0.55576440319418907,0.090000001713633537),(0.55576440319418907,0.12500000186264515),(0.59076440334320068,0.12500000186264515)));
#9943=IFCCARTESIANPOINTLIST2D(((0.060000000521540642,0.090000001713633537),(0.55576440319418907,0.090000001713633537)));
#9944=IFCINDEXEDPOLYCURVE(#9943,$,$);
#9945=IFCINDEXEDPOLYCURVE(#9946,$,$);
#9946=IFCCARTESIANPOINTLIST2D(((0.060000000521540642,0.12500000186264515),(0.55576440319418907,0.12500000186264515)));
#9947=IFCINDEXEDPOLYCURVE(#9948,$,$);
#9948=IFCCARTESIANPOINTLIST2D(((0.060000000521540642,0.10750000178813934),(0.55576440319418907,0.10750000178813934)));
#9949=IFCCARTESIANPOINTLIST2D(((0.61576440371572971,0.05000000074505806),(1.1066427938640118,0.05000000074505806)));
#9950=IFCINDEXEDPOLYCURVE(#9949,$,$);
#9951=IFCCARTESIANPOINTLIST2D(((0.59076440334320068,0.10000000149011612),(0.59076440334320068,0.10000000149011612),(0.59076440334320068,0.090000001713633537),(0.61576440371572971,0.090000001713633537),(0.61576440371572971,0.05000000074505806),(0.59076440334320068,0.05000000074505806)));
#9952=IFCINDEXEDPOLYCURVE(#9951,$,$);
#9953=IFCCARTESIANPOINTLIST2D(((1.1566427946090698,0.10000000149011612),(1.1316427942365408,0.10000000149011612),(1.1316427942365408,0.090000001713633537),(1.1066427938640118,0.090000001713633537),(1.1066427938640118,0.05000000074505806),(1.1566427946090698,0.05000000074505806)));
#9954=IFCINDEXEDPOLYCURVE(#9953,(IFCLINEINDEX((1,2,3,4,5,6,1))),$);
#9955=IFCCARTESIANPOINTLIST2D(((0.59076440334320068,0.090000001713633537),(0.6257644034922123,0.090000001713633537),(0.6257644034922123,0.12500000186264515),(0.59076440334320068,0.12500000186264515)));
#9956=IFCINDEXEDPOLYCURVE(#9955,(IFCLINEINDEX((1,2,3,4,1))),$);
#9957=IFCINDEXEDPOLYCURVE(#9958,(IFCLINEINDEX((1,2,3,4,1))),$);
#9958=IFCCARTESIANPOINTLIST2D(((1.1316427942365408,0.090000001713633537),(1.0966427940875292,0.090000001713633537),(1.0966427940875292,0.12500000186264515),(1.1316427942365408,0.12500000186264515)));
#9959=IFCCARTESIANPOINTLIST2D(((0.6257644034922123,0.090000001713633537),(1.0966427940875292,0.090000001713633537)));
#9960=IFCINDEXEDPOLYCURVE(#9959,$,$);
#9961=IFCINDEXEDPOLYCURVE(#9962,$,$);
#9962=IFCCARTESIANPOINTLIST2D(((0.6257644034922123,0.12500000186264515),(1.0966427940875292,0.12500000186264515)));
#9963=IFCINDEXEDPOLYCURVE(#9964,$,$);
#9964=IFCCARTESIANPOINTLIST2D(((0.6257644034922123,0.10750000178813934),(1.0966427940875292,0.10750000178813934)));
#9965=IFCSHAPEREPRESENTATION(#24,'Body','Curve2D',(#9934,#9936,#9938,#9940,#9941,#9944,#9945,#9947,#9950,#9952,#9954,#9956,#9957,#9960,#9961,#9963));
#9966=IFCCARTESIANPOINTLIST2D(((0.,0.),(1.1566427946090698,0.),(1.1566427946090698,0.89999997615814209),(0.,0.89999997615814209)));
#9967=IFCINDEXEDPOLYCURVE(#9966,(IFCLINEINDEX((1,2,3,4,1))),$);
#9968=IFCARBITRARYCLOSEDPROFILEDEF(.AREA.,$,#9967);
#9969=IFCCARTESIANPOINT((0.,-0.60000002384185791,0.));
#9970=IFCDIRECTION((0.,-1.,0.));
#9971=IFCDIRECTION((1.,0.,0.));
#9972=IFCAXIS2PLACEMENT3D(#9969,#9970,#9971);
#9973=IFCDIRECTION((0.,0.,-1.));
#9974=IFCEXTRUDEDAREASOLID(#9968,#9972,#9973,1.2);
#9975=IFCSHAPEREPRESENTATION(#11,'Body','SweptSolid',(#9974));
#9981=IFCCARTESIANPOINT((0.33028414607164747,2.384185791015625E-07,1.));
#9982=IFCDIRECTION((0.,0.,1.));
#9983=IFCDIRECTION((0.99999999999997158,-2.3841857910155572E-07,0.));
#9984=IFCAXIS2PLACEMENT3D(#9981,#9982,#9983);
#9985=IFCLOCALPLACEMENT(#5622,#9984);
#9986=IFCCARTESIANPOINT((0.,0.,0.));
#9987=IFCDIRECTION((0.,0.,1.));
#9988=IFCDIRECTION((1.,0.,0.));
#9989=IFCAXIS2PLACEMENT3D(#9986,#9987,#9988);
#9990=IFCLOCALPLACEMENT(#9985,#9989);
#9991=IFCBUILDINGSTOREY('28lK8oyc94ah65y7v_bjxw',$,'3F',$,$,#10035,$,$,$,$);
#10031=IFCCARTESIANPOINT((0.,0.,6.));
#10032=IFCDIRECTION((0.,0.,1.));
#10033=IFCDIRECTION((1.,0.,0.));
#10034=IFCAXIS2PLACEMENT3D(#10031,#10032,#10033);
#10035=IFCLOCALPLACEMENT(#56,#10034);
#10036=IFCSLAB('3sb9PRotj2ggujUd2or_4p',$,'Slab',$,$,#10044,#10051,$,$);
#10037=IFCRELCONTAINEDINSPATIALSTRUCTURE('2XmRLq3LvBT9mdvxOJ1tHa',$,$,$,(#14887,#10036,#14822,#14844,#10059),#9991);
#10038=IFCMATERIALLAYERSETUSAGE(#1089,.AXIS3.,.POSITIVE.,-0.10000000149011612,$);
#10039=IFCRELASSOCIATESMATERIAL('0U4qny0qH4y917JvOz2n2t',$,$,$,(#10036),#10038);
#10040=IFCCARTESIANPOINT((4.2072858810424805,6.491058349609375,0.));
#10041=IFCDIRECTION((0.,0.,1.));
#10042=IFCDIRECTION((1.,0.,0.));
#10043=IFCAXIS2PLACEMENT3D(#10040,#10041,#10042);
#10044=IFCLOCALPLACEMENT(#10035,#10043);
#10045=IFCCARTESIANPOINTLIST2D(((0.,0.),(-3.9658308029174805,-4.76837158203125E-07),(-3.9658308029174805,-0.980072021484375),(-7.5100202560424805,-0.9800724983215332),(-7.5100207328796387,-8.130035400390625),(-3.9594831466674805,-8.130035400390625),(-3.9594831466674805,-8.720001220703125),(-3.9594831466674805,-8.724395751953125),(-2.3799543380737305,-8.724395751953125),(-2.3799543380737305,-9.620025634765625),(-7.152557373046875E-05,-9.620025634765625),(0.,0.)));
#10046=IFCINDEXEDPOLYCURVE(#10045,$,$);
#10047=IFCDIRECTION((0.,0.,1.));
#10048=IFCARBITRARYCLOSEDPROFILEDEF(.AREA.,$,#10046);
#10049=IFCEXTRUDEDAREASOLID(#10048,#10058,#10047,0.10000000000000001);
#10050=IFCSHAPEREPRESENTATION(#11,'Body','SweptSolid',(#10049));
#10051=IFCPRODUCTDEFINITIONSHAPE($,$,(#10050));
#10052=IFCPROPERTYSET('1qwuuFn8P8Qvzsjha1kxIm',$,'EPset_Parametric',$,(#10054));
#10053=IFCRELDEFINESBYPROPERTIES('2sAFPHbvj9KuLas$IPpjRT',$,$,$,(#10036),#10052);
#10054=IFCPROPERTYSINGLEVALUE('Engine',$,IFCLABEL('Bonsai.DumbLayer3'),$);
#10055=IFCCARTESIANPOINT((-0.,-0.,-0.10000000149011612));
#10056=IFCDIRECTION((0.,0.,1.));
#10057=IFCDIRECTION((1.,0.,0.));
#10058=IFCAXIS2PLACEMENT3D(#10055,#10056,#10057);
#10059=IFCROOF('0CxNL2OUH49Q9YO98$1$Tp',$,'Roof',$,$,#10704,#10068,$,$);
#10060=IFCRELDEFINESBYTYPE('32Iow53ObE1e$V5eGD8Vln',$,$,$,(#10059),#4887);
#10061=IFCCARTESIANPOINT((0.,0.,0.));
#10062=IFCDIRECTION((1.,0.,0.));
#10063=IFCDIRECTION((0.,1.,0.));
#10064=IFCDIRECTION((0.,0.,1.));
#10065=IFCCARTESIANTRANSFORMATIONOPERATOR3D(#10062,#10063,#10061,1.,#10064);
#10066=IFCMAPPEDITEM(#4917,#10065);
#10067=IFCSHAPEREPRESENTATION(#11,'Body','MappedRepresentation',(#10066));
#10068=IFCPRODUCTDEFINITIONSHAPE($,$,(#10067,#10075));
#10069=IFCCARTESIANPOINT((0.,0.,0.));
#10070=IFCDIRECTION((1.,0.,0.));
#10071=IFCDIRECTION((0.,1.,0.));
#10072=IFCDIRECTION((0.,0.,1.));
#10073=IFCCARTESIANTRANSFORMATIONOPERATOR3D(#10070,#10071,#10069,1.,#10072);
#10074=IFCMAPPEDITEM(#4945,#10073);
#10075=IFCSHAPEREPRESENTATION(#13,'Box','MappedRepresentation',(#10074));
#10159=IFCDOORTYPE('39HoswCTj61vA7IUN$nzMD',$,'Bedroom 2 - 2 - 2F',$,$,(#10160),(#10162,#10170,#10248),$,$,.DOOR.,.SINGLE_SWING_LEFT.,$,$);
#10160=IFCPROPERTYSET('0aDquWYXX3bv2V4v_Y5NvG',$,'BBIM_Door',$,(#10161));
#10161=IFCPROPERTYSINGLEVALUE('Data',$,IFCTEXT('{"door_type": "SINGLE_SWING_LEFT", "overall_height": 2.0, "overall_width": 0.8258440494537354, "lining_properties": {"lining_depth": 0.05000000074505806, "lining_thickness": 0.05000000074505806, "lining_offset": 0.0, "lining_to_panel_offset_x": 0.02500000037252903, "lining_to_panel_offset_y": 0.02500000037252903, "transom_thickness": 0.0, "casing_thickness": 0.07500000298023224, "casing_depth": 0.004999999888241291, "threshold_thickness": 0.02500000037252903, "threshold_depth": 0.10000000149011612, "threshold_offset": 0.0}, "panel_properties": {"panel_depth": 0.03500000014901161, "panel_width_ratio": 1.0}}'),$);
#10162=IFCREPRESENTATIONMAP(#10163,#10583);
#10163=IFCAXIS2PLACEMENT3D(#10164,#10165,#10166);
#10164=IFCCARTESIANPOINT((0.,0.,0.));
#10165=IFCDIRECTION((0.,0.,1.));
#10166=IFCDIRECTION((1.,0.,0.));
#10170=IFCREPRESENTATIONMAP(#10171,#10656);
#10171=IFCAXIS2PLACEMENT3D(#10172,#10173,#10174);
#10172=IFCCARTESIANPOINT((0.,0.,0.));
#10173=IFCDIRECTION((0.,0.,1.));
#10174=IFCDIRECTION((1.,0.,0.));
#10248=IFCREPRESENTATIONMAP(#10249,#10674);
#10249=IFCAXIS2PLACEMENT3D(#10250,#10251,#10252);
#10250=IFCCARTESIANPOINT((0.,0.,0.));
#10251=IFCDIRECTION((0.,0.,1.));
#10252=IFCDIRECTION((1.,0.,0.));
#10516=IFCDOOR('0G0c37TxD7l9Axf0olvvVl',$,'Door',$,$,#10699,#10525,$,2.,0.82584404945373535,$,.SINGLE_SWING_LEFT.,$);
#10517=IFCRELDEFINESBYTYPE('3YK3LNvmL0suykEhgsajsa',$,$,$,(#10516),#10159);
#10518=IFCCARTESIANPOINT((0.,0.,0.));
#10519=IFCDIRECTION((1.,0.,0.));
#10520=IFCDIRECTION((0.,1.,0.));
#10521=IFCDIRECTION((0.,0.,1.));
#10522=IFCCARTESIANTRANSFORMATIONOPERATOR3D(#10519,#10520,#10518,1.,#10521);
#10523=IFCMAPPEDITEM(#10162,#10522);
#10524=IFCSHAPEREPRESENTATION(#18,'Profile','MappedRepresentation',(#10523));
#10525=IFCPRODUCTDEFINITIONSHAPE($,$,(#10524,#10532,#10539));
#10526=IFCCARTESIANPOINT((0.,0.,0.));
#10527=IFCDIRECTION((1.,0.,0.));
#10528=IFCDIRECTION((0.,1.,0.));
#10529=IFCDIRECTION((0.,0.,1.));
#10530=IFCCARTESIANTRANSFORMATIONOPERATOR3D(#10527,#10528,#10526,1.,#10529);
#10531=IFCMAPPEDITEM(#10170,#10530);
#10532=IFCSHAPEREPRESENTATION(#11,'Body','MappedRepresentation',(#10531));
#10533=IFCCARTESIANPOINT((0.,0.,0.));
#10534=IFCDIRECTION((1.,0.,0.));
#10535=IFCDIRECTION((0.,1.,0.));
#10536=IFCDIRECTION((0.,0.,1.));
#10537=IFCCARTESIANTRANSFORMATIONOPERATOR3D(#10534,#10535,#10533,1.,#10536);
#10538=IFCMAPPEDITEM(#10248,#10537);
#10539=IFCSHAPEREPRESENTATION(#24,'Body','MappedRepresentation',(#10538));
#10540=IFCOPENINGELEMENT('2JYGWbdp15uw4oYAZ$cvsf',$,'Opening',$,$,#10694,#10568,$,.OPENING.);
#10556=IFCCARTESIANPOINT((0.,0.,0.));
#10557=IFCDIRECTION((1.,0.,0.));
#10558=IFCDIRECTION((0.,0.,1.));
#10559=IFCAXIS2PLACEMENT3D(#10556,#10558,#10557);
#10560=IFCREPRESENTATIONMAP(#10559,#10684);
#10561=IFCCARTESIANPOINT((0.,0.,0.));
#10562=IFCDIRECTION((1.,0.,0.));
#10563=IFCDIRECTION((0.,1.,0.));
#10564=IFCDIRECTION((0.,0.,1.));
#10565=IFCCARTESIANTRANSFORMATIONOPERATOR3D(#10562,#10563,#10561,1.,#10564);
#10566=IFCMAPPEDITEM(#10560,#10565);
#10567=IFCSHAPEREPRESENTATION(#11,'Body','MappedRepresentation',(#10566));
#10568=IFCPRODUCTDEFINITIONSHAPE($,$,(#10567));
#10569=IFCRELVOIDSELEMENT('2aefgvKXr0ZBkBpL2QIfIA',$,$,$,#5148,#10540);
#10575=IFCRELFILLSELEMENT('0VtZMZd7PFC8ecVpUoaNZw',$,$,$,#10540,#10516);
#10581=IFCCARTESIANPOINTLIST3D(((0.,0.,0.),(0.82584404945373535,0.,0.),(0.82584404945373535,0.,2.),(0.,0.,2.)));
#10582=IFCINDEXEDPOLYCURVE(#10581,(IFCLINEINDEX((1,2,3,4,1))),$);
#10583=IFCSHAPEREPRESENTATION(#18,'Profile','Curve3D',(#10582));
#10584=IFCCARTESIANPOINTLIST2D(((0.,0.),(0.,2.),(0.82584404945373535,2.),(0.82584404945373535,0.),(0.80084404908120632,0.),(0.80084404908120632,1.974999999627471),(0.02500000037252903,1.974999999627471),(0.02500000037252903,0.)));
#10585=IFCINDEXEDPOLYCURVE(#10584,(IFCLINEINDEX((1,2,3,4,5,6,7,8,1))),$);
#10586=IFCARBITRARYCLOSEDPROFILEDEF(.AREA.,$,#10585);
#10587=IFCCARTESIANPOINT((0.,0.02500000037252903,0.));
#10588=IFCDIRECTION((0.,-1.,0.));
#10589=IFCDIRECTION((1.,0.,0.));
#10590=IFCAXIS2PLACEMENT3D(#10587,#10588,#10589);
#10591=IFCDIRECTION((0.,0.,-1.));
#10592=IFCEXTRUDEDAREASOLID(#10586,#10590,#10591,0.02500000037252903);
#10593=IFCCARTESIANPOINTLIST2D(((0.,0.),(0.,2.),(0.82584404945373535,2.),(0.82584404945373535,0.),(0.77584404870867729,0.),(0.77584404870867729,1.9499999992549419),(0.05000000074505806,1.9499999992549419),(0.05000000074505806,0.)));
#10594=IFCINDEXEDPOLYCURVE(#10593,(IFCLINEINDEX((1,2,3,4,5,6,7,8,1))),$);
#10595=IFCARBITRARYCLOSEDPROFILEDEF(.AREA.,$,#10594);
#10596=IFCCARTESIANPOINT((0.,0.,0.));
#10597=IFCDIRECTION((0.,-1.,0.));
#10598=IFCDIRECTION((1.,0.,0.));
#10599=IFCAXIS2PLACEMENT3D(#10596,#10597,#10598);
#10600=IFCDIRECTION((0.,0.,-1.));
#10601=IFCEXTRUDEDAREASOLID(#10595,#10599,#10600,0.02500000037252903);
#10602=IFCCARTESIANPOINTLIST2D(((0.,0.),(0.72584404796361923,0.),(0.72584404796361923,0.10000000149011612),(0.,0.10000000149011612)));
#10603=IFCINDEXEDPOLYCURVE(#10602,(IFCLINEINDEX((1,2,3,4,1))),$);
#10604=IFCARBITRARYCLOSEDPROFILEDEF(.AREA.,$,#10603);
#10605=IFCCARTESIANPOINT((0.05000000074505806,0.,0.));
#10606=IFCDIRECTION((0.,0.,1.));
#10607=IFCDIRECTION((1.,0.,0.));
#10608=IFCAXIS2PLACEMENT3D(#10605,#10606,#10607);
#10609=IFCDIRECTION((0.,0.,1.));
#10610=IFCEXTRUDEDAREASOLID(#10604,#10608,#10609,0.02500000037252903);
#10611=IFCCARTESIANPOINTLIST2D(((0.,0.),(0.,2.0250000022351742),(0.87584405392408371,2.0250000022351742),(0.87584405392408371,0.),(0.80084405094385147,0.),(0.80084405094385147,1.9499999992549419),(0.075000002980232239,1.9499999992549419),(0.075000002980232239,0.)));
#10612=IFCINDEXEDPOLYCURVE(#10611,(IFCLINEINDEX((1,2,3,4,5,6,7,8,1))),$);
#10613=IFCARBITRARYCLOSEDPROFILEDEF(.AREA.,$,#10612);
#10614=IFCCARTESIANPOINT((-0.025000002235174179,-0.004999999888241291,0.));
#10615=IFCDIRECTION((0.,-1.,0.));
#10616=IFCDIRECTION((1.,0.,0.));
#10617=IFCAXIS2PLACEMENT3D(#10614,#10615,#10616);
#10618=IFCDIRECTION((0.,0.,-1.));
#10619=IFCEXTRUDEDAREASOLID(#10613,#10617,#10618,0.004999999888241291);
#10620=IFCCARTESIANPOINTLIST2D(((0.,0.),(0.,2.0250000022351742),(0.87584405392408371,2.0250000022351742),(0.87584405392408371,0.),(0.8258440513163805,0.),(0.8258440513163805,1.974999999627471),(0.050000002607703209,1.974999999627471),(0.050000002607703209,0.)));
#10621=IFCINDEXEDPOLYCURVE(#10620,(IFCLINEINDEX((1,2,3,4,5,6,7,8,1))),$);
#10622=IFCARBITRARYCLOSEDPROFILEDEF(.AREA.,$,#10621);
#10623=IFCCARTESIANPOINT((-0.025000002235174179,0.05000000074505806,0.));
#10624=IFCDIRECTION((0.,-1.,0.));
#10625=IFCDIRECTION((1.,0.,0.));
#10626=IFCAXIS2PLACEMENT3D(#10623,#10624,#10625);
#10627=IFCDIRECTION((0.,0.,-1.));
#10628=IFCEXTRUDEDAREASOLID(#10622,#10626,#10627,0.004999999888241291);
#10629=IFCCARTESIANPOINTLIST2D(((0.,0.),(0.77584404870867729,0.),(0.77584404870867729,0.035000000149011612),(0.,0.035000000149011612)));
#10630=IFCINDEXEDPOLYCURVE(#10629,(IFCLINEINDEX((1,2,3,4,1))),$);
#10631=IFCARBITRARYCLOSEDPROFILEDEF(.AREA.,$,#10630);
#10632=IFCCARTESIANPOINT((0.02500000037252903,0.02500000037252903,0.02500000037252903));
#10633=IFCDIRECTION((0.,0.,1.));
#10634=IFCDIRECTION((1.,0.,0.));
#10635=IFCAXIS2PLACEMENT3D(#10632,#10633,#10634);
#10636=IFCDIRECTION((0.,0.,1.));
#10637=IFCEXTRUDEDAREASOLID(#10631,#10635,#10636,1.9499999992549419);
#10638=IFCCARTESIANPOINTLIST2D(((0.,0.),(0.,-0.040000000000000001),(-0.11999999999999988,-0.040000000000000001),(-0.11999999999999988,-0.02),(-0.020000000000000018,-0.02),(-0.020000000000000018,0.)));
#10639=IFCINDEXEDPOLYCURVE(#10638,(IFCLINEINDEX((1,2,3,4,5,6,1))),$);
#10640=IFCARBITRARYCLOSEDPROFILEDEF(.AREA.,$,#10639);
#10641=IFCCARTESIANPOINT((0.75084404908120628,0.02500000037252903,1.015000000372529));
#10642=IFCDIRECTION((0.,0.,1.));
#10643=IFCDIRECTION((1.,0.,0.));
#10644=IFCAXIS2PLACEMENT3D(#10641,#10642,#10643);
#10645=IFCDIRECTION((0.,0.,1.));
#10646=IFCEXTRUDEDAREASOLID(#10640,#10644,#10645,0.02);
#10647=IFCEXTRUDEDAREASOLID(#10648,#10651,#10655,0.02);
#10648=IFCARBITRARYCLOSEDPROFILEDEF(.AREA.,$,#10649);
#10649=IFCINDEXEDPOLYCURVE(#10650,(IFCLINEINDEX((1,2,3,4,5,6,1))),$);
#10650=IFCCARTESIANPOINTLIST2D(((0.,0.),(0.,0.040000000000000008),(-0.11999999999999988,0.040000000000000008),(-0.11999999999999988,0.020000000000000004),(-0.020000000000000018,0.020000000000000004),(-0.020000000000000018,0.)));
#10651=IFCAXIS2PLACEMENT3D(#10652,#10653,#10654);
#10652=IFCCARTESIANPOINT((0.75084404908120628,0.060000000521540642,1.015000000372529));
#10653=IFCDIRECTION((0.,0.,1.));
#10654=IFCDIRECTION((1.,0.,0.));
#10655=IFCDIRECTION((0.,0.,1.));
#10656=IFCSHAPEREPRESENTATION(#11,'Body','SweptSolid',(#10592,#10601,#10637,#10646,#10647,#10610,#10619,#10628));
#10657=IFCSHAPEREPRESENTATION(#11,'Body','SweptSolid',(#10592,#10601,#10610,#10619,#10628));
#10658=IFCSHAPEASPECT((#10657),'Lining',$,.T.,#10525);
#10659=IFCSHAPEREPRESENTATION(#11,'Body','SweptSolid',(#10637,#10646,#10647));
#10660=IFCSHAPEASPECT((#10659),'Framing',$,.T.,#10525);
#10661=IFCCARTESIANPOINTLIST2D(((0.,0.),(0.,0.05000000074505806),(0.02500000037252903,0.05000000074505806),(0.02500000037252903,0.02500000037252903),(0.05000000074505806,0.02500000037252903),(0.05000000074505806,0.)));
#10662=IFCINDEXEDPOLYCURVE(#10661,(IFCLINEINDEX((1,2,3,4,5,6,1))),$);
#10663=IFCINDEXEDPOLYCURVE(#10664,(IFCLINEINDEX((1,2,3,4,5,6,1))),$);
#10664=IFCCARTESIANPOINTLIST2D(((0.82584404945373535,0.),(0.82584404945373535,0.05000000074505806),(0.80084404908120632,0.05000000074505806),(0.80084404908120632,0.02500000037252903),(0.77584404870867729,0.02500000037252903),(0.77584404870867729,0.)));
#10665=IFCDIRECTION((1.,0.));
#10666=IFCCARTESIANPOINT((0.060000000521540642,0.05000000074505806));
#10667=IFCAXIS2PLACEMENT2D(#10666,#10665);
#10668=IFCELLIPSE(#10667,0.74084404855966568,0.77584404870867729);
#10669=IFCCARTESIANPOINT((0.80084404908120632,0.05000000074505806));
#10670=IFCCARTESIANPOINT((0.060000000521540642,0.82584404945373535));
#10671=IFCTRIMMEDCURVE(#10668,(#10669),(#10670),.T.,.CARTESIAN.);
#10672=IFCCARTESIANPOINTLIST2D(((0.02500000037252903,0.05000000074505806),(0.060000000521540642,0.05000000074505806),(0.060000000521540642,0.82584404945373535),(0.02500000037252903,0.82584404945373535)));
#10673=IFCINDEXEDPOLYCURVE(#10672,(IFCLINEINDEX((1,2,3,4,1))),$);
#10674=IFCSHAPEREPRESENTATION(#24,'Body','Curve2D',(#10662,#10663,#10671,#10673));
#10675=IFCCARTESIANPOINTLIST2D(((0.,0.),(0.82584404945373535,0.),(0.82584404945373535,2.),(0.,2.)));
#10676=IFCINDEXEDPOLYCURVE(#10675,(IFCLINEINDEX((1,2,3,4,1))),$);
#10677=IFCARBITRARYCLOSEDPROFILEDEF(.AREA.,$,#10676);
#10678=IFCCARTESIANPOINT((0.,-0.60000002384185791,0.));
#10679=IFCDIRECTION((0.,-1.,0.));
#10680=IFCDIRECTION((1.,0.,0.));
#10681=IFCAXIS2PLACEMENT3D(#10678,#10679,#10680);
#10682=IFCDIRECTION((0.,0.,-1.));
#10683=IFCEXTRUDEDAREASOLID(#10677,#10681,#10682,1.2);
#10684=IFCSHAPEREPRESENTATION(#11,'Body','SweptSolid',(#10683));
#10690=IFCCARTESIANPOINT((0.15726771907090958,0.015000067408624584,0.));
#10691=IFCDIRECTION((0.,0.,1.));
#10692=IFCDIRECTION((0.99999999999998479,-1.7484555314694642E-07,0.));
#10693=IFCAXIS2PLACEMENT3D(#10690,#10691,#10692);
#10694=IFCLOCALPLACEMENT(#5558,#10693);
#10695=IFCCARTESIANPOINT((0.,6.0914210289159478E-16,0.));
#10696=IFCDIRECTION((0.,0.,1.));
#10697=IFCDIRECTION((1.0000000000000002,-2.6469779601696886E-23,0.));
#10698=IFCAXIS2PLACEMENT3D(#10695,#10696,#10697);
#10699=IFCLOCALPLACEMENT(#10694,#10698);
#10700=IFCCARTESIANPOINT((0.66506743431091309,1.7070083618164062,0.10154247283935547));
#10701=IFCDIRECTION((0.,0.,1.));
#10702=IFCDIRECTION((1.,0.,0.));
#10703=IFCAXIS2PLACEMENT3D(#10700,#10701,#10702);
#10704=IFCLOCALPLACEMENT(#10035,#10703);
#10705=IFCCOVERINGTYPE('09PQdL4zHCnvxVROXaklaG',$,'FL-1-GF',$,$,(#10709),$,$,$,.FLOORING.);
#10706=IFCMATERIALLAYERSET((#10728,#10729),$,$);
#10707=IFCRELASSOCIATESMATERIAL('0NbP9zGKn7TBsRz4TNmTG$',$,$,$,(#10705),#10706);
#10709=IFCPROPERTYSET('1bN4zByBDArRgTXNxFh$Cv',$,'EPset_Parametric',$,(#10710));
#10710=IFCPROPERTYSINGLEVALUE('LayerSetDirection',$,IFCLABEL('AXIS3'),$);
#10711=IFCCOVERING('3fqFQbih1DHAS9MDNJOKwt',$,'Covering',$,$,#10893,#10725,$,$);
#10712=IFCRELDEFINESBYTYPE('31xvGallPCUh_on$KFHHgf',$,$,$,(#10711),#10705);
#10713=IFCMATERIALLAYERSETUSAGE(#10706,.AXIS3.,.POSITIVE.,0.,$);
#10714=IFCRELASSOCIATESMATERIAL('2PQRshmh1E1gtHOYphg82x',$,$,$,(#10711),#10713);
#10715=IFCCARTESIANPOINTLIST2D(((-1.7338153123855591,1.9017801284790039),(1.5161848068237305,1.9017801284790039),(1.5161848068237305,-6.9982199668884277),(-2.2838153839111328,-6.9982199668884277),(-2.2838153839111328,-4.548220157623291),(-2.2838153839111328,-4.4982199668884277),(-2.2838153839111328,-4.4482197761535645),(-2.2838153839111328,-1.8482198715209961),(-3.7508153915405273,-1.8482198715209961),(-3.8008153438568115,-1.8482198715209961),(-3.8008153438568115,-1.0982198715209961),(-3.8008153438568115,-1.0482199192047119),(-1.7308152914047241,-1.0482199192047119),(-1.7308152914047241,0.44878005981445312),(-1.7308152914047241,0.45177984237670898),(-1.7338153123855591,0.45177984237670898)));
#10716=IFCINDEXEDPOLYCURVE(#10715,(IFCLINEINDEX((1,2,3,4,5,6,7,8,9,10,11,12,13,14,15,16,1))),$);
#10717=IFCARBITRARYCLOSEDPROFILEDEF(.AREA.,$,#10716);
#10718=IFCCARTESIANPOINT((0.,0.,0.));
#10719=IFCDIRECTION((0.,0.,1.));
#10720=IFCDIRECTION((1.,0.,0.));
#10721=IFCAXIS2PLACEMENT3D(#10718,#10719,#10720);
#10722=IFCDIRECTION((0.,0.,1.));
#10723=IFCEXTRUDEDAREASOLID(#10717,#10721,#10722,0.09999999962747097);
#10724=IFCSHAPEREPRESENTATION(#11,'Body','SweptSolid',(#10723));
#10725=IFCPRODUCTDEFINITIONSHAPE($,$,(#10724));
#10726=IFCMATERIAL('screed',$,'cement');
#10727=IFCMATERIAL('parquet',$,'wood');
#10728=IFCMATERIALLAYER(#10726,0.070000000298023224,$,$,$,$,$);
#10729=IFCMATERIALLAYER(#10727,0.029999999329447746,$,$,$,$,$);
#10730=IFCSTAIRFLIGHTTYPE('2v8nz7YLn3S8S9Hpj$bGeH',$,'Stair-1',$,$,(#10731,#10733),(#10775,#10829),$,$,.STRAIGHT.);
#10731=IFCPROPERTYSET('3ygJ4dJrP2cPj8lIg0HjQ6',$,'BBIM_Stair',$,(#10732));
#10732=IFCPROPERTYSINGLEVALUE('Data',$,IFCTEXT('{"stair_type": "GENERIC", "width": 0.8123146295547485, "height": 1.7999999523162842, "number_of_treads": 7, "tread_run": 0.1864202916622162, "nosing_length": 0.0, "nosing_depth": 0.0, "custom_first_last_tread_run": [null, null], "custom_tread_lock": true}'),$);
#10733=IFCPROPERTYSET('3VrytDU5PAwAEMgJVCLB_E',$,'Pset_StairFlightCommon',$,(#10734,#10735,#10736,#10737,#10738));
#10734=IFCPROPERTYSINGLEVALUE('NumberOfRiser',$,IFCCOUNTMEASURE(8.),$);
#10735=IFCPROPERTYSINGLEVALUE('NumberOfTreads',$,IFCCOUNTMEASURE(7.),$);
#10736=IFCPROPERTYSINGLEVALUE('RiserHeight',$,IFCPOSITIVELENGTHMEASURE(0.22499999403953552),$);
#10737=IFCPROPERTYSINGLEVALUE('TreadLength',$,IFCPOSITIVELENGTHMEASURE(0.25),$);
#10738=IFCPROPERTYSINGLEVALUE('NosingLength',$,IFCLENGTHMEASURE(0.),$);
#10771=IFCCARTESIANPOINT((0.,0.,0.));
#10772=IFCDIRECTION((1.,0.,0.));
#10773=IFCDIRECTION((0.,0.,1.));
#10774=IFCAXIS2PLACEMENT3D(#10771,#10773,#10772);
#10775=IFCREPRESENTATIONMAP(#10774,#10820);
#10776=IFCSTAIRFLIGHT('37_V6ZcPT8JBHvsPsynIFg',$,'StairFlight',$,$,#10898,#10785,$,8,7,0.22499999403953552,0.25,.STRAIGHT.);
#10777=IFCRELDEFINESBYTYPE('3CFkvbYMn5JgKKCBZIdOuG',$,$,$,(#10776),#10730);
#10785=IFCPRODUCTDEFINITIONSHAPE($,$,(#10792,#10836));
#10786=IFCCARTESIANPOINT((0.,0.,0.));
#10787=IFCDIRECTION((1.,0.,0.));
#10788=IFCDIRECTION((0.,1.,0.));
#10789=IFCDIRECTION((0.,0.,1.));
#10790=IFCCARTESIANTRANSFORMATIONOPERATOR3D(#10787,#10788,#10786,1.,#10789);
#10791=IFCMAPPEDITEM(#10775,#10790);
#10792=IFCSHAPEREPRESENTATION(#11,'Body','MappedRepresentation',(#10791));
#10798=IFCINDEXEDPOLYGONALFACE((2,1,18,17,16,15,14,13,12,11,10,9,8,7,6,5,4,3));
#10799=IFCINDEXEDPOLYGONALFACE((19,20,21,22,23,24,25,26,27,28,29,30,31,32,33,34,35,36));
#10800=IFCINDEXEDPOLYGONALFACE((11,12,29,28));
#10801=IFCINDEXEDPOLYGONALFACE((4,5,22,21));
#10802=IFCINDEXEDPOLYGONALFACE((12,13,30,29));
#10803=IFCINDEXEDPOLYGONALFACE((5,6,23,22));
#10804=IFCINDEXEDPOLYGONALFACE((13,14,31,30));
#10805=IFCINDEXEDPOLYGONALFACE((6,7,24,23));
#10806=IFCINDEXEDPOLYGONALFACE((14,15,32,31));
#10807=IFCINDEXEDPOLYGONALFACE((7,8,25,24));
#10808=IFCINDEXEDPOLYGONALFACE((15,16,33,32));
#10809=IFCINDEXEDPOLYGONALFACE((8,9,26,25));
#10810=IFCINDEXEDPOLYGONALFACE((1,2,19,36));
#10811=IFCINDEXEDPOLYGONALFACE((16,17,34,33));
#10812=IFCINDEXEDPOLYGONALFACE((9,10,27,26));
#10813=IFCINDEXEDPOLYGONALFACE((2,3,20,19));
#10814=IFCINDEXEDPOLYGONALFACE((17,18,35,34));
#10815=IFCINDEXEDPOLYGONALFACE((10,11,28,27));
#10816=IFCINDEXEDPOLYGONALFACE((3,4,21,20));
#10817=IFCINDEXEDPOLYGONALFACE((18,1,36,35));
#10818=IFCCARTESIANPOINTLIST3D(((0.,0.,0.),(0.,0.,0.22499999403953552),(0.18642029166221619,0.,0.22499999403953552),(0.18642029166221619,0.,0.44999998807907104),(0.37284058332443237,0.,0.44999998807907104),(0.37284058332443237,0.,0.67499995231628418),(0.55926084518432617,0.,0.67499995231628418),(0.55926084518432617,0.,0.89999997615814209),(0.74568116664886475,0.,0.89999997615814209),(0.74568116664886475,0.,1.125),(0.93210148811340332,0.,1.125),(0.93210148811340332,0.,1.3500000238418579),(1.1185218095779419,0.,1.3500000238418579),(1.1185218095779419,0.,1.5750000476837158),(1.3049421310424805,0.,1.5750000476837158),(1.3049421310424805,0.,1.8000000715255737),(1.491362452507019,0.,1.8000000715255737),(1.491362452507019,0.,0.),(0.,0.81231462955474854,0.22499999403953552),(0.18642029166221619,0.81231462955474854,0.22499999403953552),(0.18642029166221619,0.81231462955474854,0.44999998807907104),(0.37284058332443237,0.81231462955474854,0.44999998807907104),(0.37284058332443237,0.81231462955474854,0.67499995231628418),(0.55926084518432617,0.81231462955474854,0.67499995231628418),(0.55926084518432617,0.81231462955474854,0.89999997615814209),(0.74568116664886475,0.81231462955474854,0.89999997615814209),(0.74568116664886475,0.81231462955474854,1.125),(0.93210148811340332,0.81231462955474854,1.125),(0.93210148811340332,0.81231462955474854,1.3500000238418579),(1.1185218095779419,0.81231462955474854,1.3500000238418579),(1.1185218095779419,0.81231462955474854,1.5750000476837158),(1.3049421310424805,0.81231462955474854,1.5750000476837158),(1.3049421310424805,0.81231462955474854,1.8000000715255737),(1.491362452507019,0.81231462955474854,1.8000000715255737),(1.491362452507019,0.81231462955474854,0.),(0.,0.81231462955474854,0.)));
#10819=IFCPOLYGONALFACESET(#10818,.T.,(#10798,#10799,#10800,#10801,#10802,#10803,#10804,#10805,#10806,#10807,#10808,#10809,#10810,#10811,#10812,#10813,#10814,#10815,#10816,#10817),$);
#10820=IFCSHAPEREPRESENTATION(#11,'Body','Tessellation',(#10819));
#10822=IFCCARTESIANPOINT((0.,0.,0.));
#10823=IFCBOUNDINGBOX(#10822,1.491362452507019,0.81231462955474854,1.8000000715255737);
#10824=IFCSHAPEREPRESENTATION(#13,'Box','BoundingBox',(#10823));
#10825=IFCCARTESIANPOINT((0.,0.,0.));
#10826=IFCDIRECTION((1.,0.,0.));
#10827=IFCDIRECTION((0.,0.,1.));
#10828=IFCAXIS2PLACEMENT3D(#10825,#10827,#10826);
#10829=IFCREPRESENTATIONMAP(#10828,#10824);
#10830=IFCCARTESIANPOINT((0.,0.,0.));
#10831=IFCDIRECTION((1.,0.,0.));
#10832=IFCDIRECTION((0.,1.,0.));
#10833=IFCDIRECTION((0.,0.,1.));
#10834=IFCCARTESIANTRANSFORMATIONOPERATOR3D(#10831,#10832,#10830,1.,#10833);
#10835=IFCMAPPEDITEM(#10829,#10834);
#10836=IFCSHAPEREPRESENTATION(#13,'Box','MappedRepresentation',(#10835));
#10837=IFCSLABTYPE('379vRiakn6nOGa3jkXZ3JY',$,'Slab Landing',$,$,(#10841),$,$,$,.LANDING.);
#10838=IFCMATERIALLAYERSET((#10840),$,$);
#10839=IFCRELASSOCIATESMATERIAL('2hy35fIpv9E8R0RSAE1wW7',$,$,$,(#10837),#10838);
#10840=IFCMATERIALLAYER(#81,1.7999999523162842,$,$,$,$,$);
#10841=IFCPROPERTYSET('36aWmTEQX64hU1hfb2oy7b',$,'EPset_Parametric',$,(#10842));
#10842=IFCPROPERTYSINGLEVALUE('LayerSetDirection',$,IFCLABEL('AXIS3'),$);
#10889=IFCCARTESIANPOINT((2.6008152961730957,4.4982199668884277,0.));
#10890=IFCDIRECTION((0.,0.,1.));
#10891=IFCDIRECTION((1.,0.,0.));
#10892=IFCAXIS2PLACEMENT3D(#10889,#10890,#10891);
#10893=IFCLOCALPLACEMENT(#79,#10892);
#10894=IFCCARTESIANPOINT((1.8199834823608398,0.52227902412414551,0.10000000894069672));
#10895=IFCDIRECTION((0.,0.,1.));
#10896=IFCDIRECTION((1.,0.,0.));
#10897=IFCAXIS2PLACEMENT3D(#10894,#10895,#10896);
#10898=IFCLOCALPLACEMENT(#79,#10897);
#10904=IFCRAILINGTYPE('0mNBtQIIL7lxcIDGDuK86g',$,'Balcony-1',$,$,(#10905,#10907),(#10936,#10980),$,$,.USERDEFINED.);
#10905=IFCPROPERTYSET('1FeWTJVkXB9RB77esNo5_K',$,'BBIM_Railing',$,(#10906));
#10906=IFCPROPERTYSINGLEVALUE('Data',$,IFCTEXT('{"railing_type": "FRAMELESS_PANEL", "height": 1.0, "thickness": 0.05000000074505806, "spacing": 0.05000000074505806, "path_data": {"edges": [[0, 1], [1, 2]], "verts": [[-1.0, 0.0, 0.0], [0.0, 0.0, 0.0], [1.0, 0.0, 0.0]]}}'),$);
#10907=IFCPROPERTYSET('06z1nGKQD80xeN3yAU1IIm',$,'Pset_RailingCommon',$,(#10908));
#10908=IFCPROPERTYSINGLEVALUE('Height',$,IFCPOSITIVELENGTHMEASURE(1.),$);
#10932=IFCCARTESIANPOINT((0.,0.,0.));
#10933=IFCDIRECTION((1.,0.,0.));
#10934=IFCDIRECTION((0.,0.,1.));
#10935=IFCAXIS2PLACEMENT3D(#10932,#10934,#10933);
#10936=IFCREPRESENTATIONMAP(#10935,#10971);
#10937=IFCINDEXEDPOLYGONALFACE((2,3,4));
#10938=IFCINDEXEDPOLYGONALFACE((2,4,1));
#10939=IFCINDEXEDPOLYGONALFACE((6,7,8));
#10940=IFCINDEXEDPOLYGONALFACE((6,8,5));
#10941=IFCINDEXEDPOLYGONALFACE((12,9,10));
#10942=IFCINDEXEDPOLYGONALFACE((12,10,11));
#10943=IFCINDEXEDPOLYGONALFACE((13,14,9));
#10944=IFCINDEXEDPOLYGONALFACE((13,9,12));
#10945=IFCINDEXEDPOLYGONALFACE((18,15,16));
#10946=IFCINDEXEDPOLYGONALFACE((18,16,17));
#10947=IFCINDEXEDPOLYGONALFACE((19,20,15));
#10948=IFCINDEXEDPOLYGONALFACE((19,15,18));
#10949=IFCINDEXEDPOLYGONALFACE((6,19,7));
#10950=IFCINDEXEDPOLYGONALFACE((6,20,19));
#10951=IFCINDEXEDPOLYGONALFACE((18,8,7));
#10952=IFCINDEXEDPOLYGONALFACE((18,7,19));
#10953=IFCINDEXEDPOLYGONALFACE((17,8,18));
#10954=IFCINDEXEDPOLYGONALFACE((16,5,8));
#10955=IFCINDEXEDPOLYGONALFACE((16,8,17));
#10956=IFCINDEXEDPOLYGONALFACE((2,9,14));
#10957=IFCINDEXEDPOLYGONALFACE((1,10,9));
#10958=IFCINDEXEDPOLYGONALFACE((1,9,2));
#10959=IFCINDEXEDPOLYGONALFACE((6,15,20));
#10960=IFCINDEXEDPOLYGONALFACE((5,16,15));
#10961=IFCINDEXEDPOLYGONALFACE((5,15,6));
#10962=IFCINDEXEDPOLYGONALFACE((10,1,4));
#10963=IFCINDEXEDPOLYGONALFACE((10,4,11));
#10964=IFCINDEXEDPOLYGONALFACE((2,13,3));
#10965=IFCINDEXEDPOLYGONALFACE((2,14,13));
#10966=IFCINDEXEDPOLYGONALFACE((12,4,3));
#10967=IFCINDEXEDPOLYGONALFACE((12,3,13));
#10968=IFCINDEXEDPOLYGONALFACE((11,4,12));
#10969=IFCCARTESIANPOINTLIST3D(((-0.02500000037252903,-0.02500000037252903,1.),(-0.02500000037252903,0.02500000037252903,1.),(-0.97500002384185791,0.02500000037252903,1.),(-0.97500002384185791,-0.02500000037252903,1.),(0.97500002384185791,-0.02500000037252903,1.),(0.97500002384185791,0.02500000037252903,1.),(0.02500000037252903,0.02500000037252903,1.),(0.02500000037252903,-0.02500000037252903,1.),(-0.02500000037252903,0.,0.),(-0.02500000037252903,-0.02500000037252903,0.),(-0.97500002384185791,-0.02500000037252903,0.),(-0.97500002384185791,0.,0.),(-0.97500002384185791,0.02500000037252903,0.),(-0.02500000037252903,0.02500000037252903,0.),(0.97500002384185791,0.,0.),(0.97500002384185791,-0.02500000037252903,0.),(0.02500000037252903,-0.02500000037252903,0.),(0.02500000037252903,0.,0.),(0.02500000037252903,0.02500000037252903,0.),(0.97500002384185791,0.02500000037252903,0.)));
#10970=IFCPOLYGONALFACESET(#10969,.T.,(#10937,#10938,#10939,#10940,#10941,#10942,#10943,#10944,#10945,#10946,#10947,#10948,#10949,#10950,#10951,#10952,#10953,#10954,#10955,#10956,#10957,#10958,#10959,#10960,#10961,#10962,#10963,#10964,#10965,#10966,#10967,#10968),$);
#10971=IFCSHAPEREPRESENTATION(#11,'Body','Tessellation',(#10970));
#10973=IFCCARTESIANPOINT((-0.97500002384185791,-0.02500000037252903,0.));
#10974=IFCBOUNDINGBOX(#10973,1.9500000476837158,0.05000000074505806,1.);
#10975=IFCSHAPEREPRESENTATION(#13,'Box','BoundingBox',(#10974));
#10976=IFCCARTESIANPOINT((0.,0.,0.));
#10977=IFCDIRECTION((1.,0.,0.));
#10978=IFCDIRECTION((0.,0.,1.));
#10979=IFCAXIS2PLACEMENT3D(#10976,#10978,#10977);
#10980=IFCREPRESENTATIONMAP(#10979,#10975);
#11003=IFCRAILING('2D7jI$aFD0xgxa29Qbt89c',$,'Railing',$,$,#11029,#11012,$,$);
#11004=IFCRELDEFINESBYTYPE('0WqazzIxf49Pq2srwNfiEr',$,$,$,(#11030,#11003),#10904);
#11005=IFCCARTESIANPOINT((0.,0.,0.));
#11006=IFCDIRECTION((1.,0.,0.));
#11007=IFCDIRECTION((0.,1.,0.));
#11008=IFCDIRECTION((0.,0.,1.));
#11009=IFCCARTESIANTRANSFORMATIONOPERATOR3D(#11006,#11007,#11005,1.,#11008);
#11010=IFCMAPPEDITEM(#10936,#11009);
#11011=IFCSHAPEREPRESENTATION(#11,'Body','MappedRepresentation',(#11010));
#11012=IFCPRODUCTDEFINITIONSHAPE($,$,(#11011,#11019));
#11013=IFCCARTESIANPOINT((0.,0.,0.));
#11014=IFCDIRECTION((1.,0.,0.));
#11015=IFCDIRECTION((0.,1.,0.));
#11016=IFCDIRECTION((0.,0.,1.));
#11017=IFCCARTESIANTRANSFORMATIONOPERATOR3D(#11014,#11015,#11013,1.,#11016);
#11018=IFCMAPPEDITEM(#10980,#11017);
#11019=IFCSHAPEREPRESENTATION(#13,'Box','MappedRepresentation',(#11018));
#11025=IFCCARTESIANPOINT((0.85328435897827148,-3.1084134578704834,0.));
#11026=IFCDIRECTION((0.,0.,1.));
#11027=IFCDIRECTION((1.,0.,0.));
#11028=IFCAXIS2PLACEMENT3D(#11025,#11026,#11027);
#11029=IFCLOCALPLACEMENT(#4863,#11028);
#11030=IFCRAILING('0_oS2Utb1FqA_lPNQFbxQL',$,'Railing',$,$,#11350,#11043,$,$);
#11036=IFCCARTESIANPOINT((0.,0.,0.));
#11037=IFCDIRECTION((1.,0.,0.));
#11038=IFCDIRECTION((0.,1.,0.));
#11039=IFCDIRECTION((0.,0.,1.));
#11040=IFCCARTESIANTRANSFORMATIONOPERATOR3D(#11037,#11038,#11036,1.,#11039);
#11041=IFCMAPPEDITEM(#10936,#11040);
#11042=IFCSHAPEREPRESENTATION(#11,'Body','MappedRepresentation',(#11041));
#11043=IFCPRODUCTDEFINITIONSHAPE($,$,(#11042,#11050));
#11044=IFCCARTESIANPOINT((0.,0.,0.));
#11045=IFCDIRECTION((1.,0.,0.));
#11046=IFCDIRECTION((0.,1.,0.));
#11047=IFCDIRECTION((0.,0.,1.));
#11048=IFCCARTESIANTRANSFORMATIONOPERATOR3D(#11045,#11046,#11044,1.,#11047);
#11049=IFCMAPPEDITEM(#10980,#11048);
#11050=IFCSHAPEREPRESENTATION(#13,'Box','MappedRepresentation',(#11049));
#11051=IFCRAILINGTYPE('3y_R1AQTbDJvb0Hf1WifWT',$,'Balcony-2',$,$,(#11052,#11054),(#11056,#11232),$,$,.USERDEFINED.);
#11052=IFCPROPERTYSET('2ZhuPtJwDBne8a_SCDce_h',$,'BBIM_Railing',$,(#11053));
#11053=IFCPROPERTYSINGLEVALUE('Data',$,IFCTEXT('{"railing_type": "FRAMELESS_PANEL", "height": 1.0, "thickness": 0.05000000074505806, "spacing": 0.05000000074505806, "path_data": {"edges": [[0, 1], [1, 2]], "verts": [[-0.21596968173980713, 0.0, 0.0], [0.0, 0.0, 0.0], [1.0, 0.0, 0.0]]}}'),$);
#11054=IFCPROPERTYSET('0CHkkxBDT2ofdkZ15obaHE',$,'Pset_RailingCommon',$,(#11055));
#11055=IFCPROPERTYSINGLEVALUE('Height',$,IFCPOSITIVELENGTHMEASURE(1.),$);
#11056=IFCREPRESENTATIONMAP(#11057,#11223);
#11057=IFCAXIS2PLACEMENT3D(#11058,#11059,#11060);
#11058=IFCCARTESIANPOINT((0.,0.,0.));
#11059=IFCDIRECTION((0.,0.,1.));
#11060=IFCDIRECTION((1.,0.,0.));
#11125=IFCRAILING('3919GAjbD7rBd7EyOn5jPR',$,'Railing',$,'FRAMELESS_PANEL',#11146,#11134,$,.USERDEFINED.);
#11126=IFCRELDEFINESBYTYPE('0g1O4Mbk190xbAPYpIKiEx',$,$,$,(#11125),#11051);
#11127=IFCCARTESIANPOINT((0.,0.,0.));
#11128=IFCDIRECTION((1.,0.,0.));
#11129=IFCDIRECTION((0.,1.,0.));
#11130=IFCDIRECTION((0.,0.,1.));
#11131=IFCCARTESIANTRANSFORMATIONOPERATOR3D(#11128,#11129,#11127,1.,#11130);
#11132=IFCMAPPEDITEM(#11056,#11131);
#11133=IFCSHAPEREPRESENTATION(#11,'Body','MappedRepresentation',(#11132));
#11134=IFCPRODUCTDEFINITIONSHAPE($,$,(#11133,#11239));
#11142=IFCCARTESIANPOINT((-3.0987071990966797,-3.1070003509521484,0.));
#11143=IFCDIRECTION((0.,0.,1.));
#11144=IFCDIRECTION((1.,0.,0.));
#11145=IFCAXIS2PLACEMENT3D(#11142,#11143,#11144);
#11146=IFCLOCALPLACEMENT(#4863,#11145);
#11209=IFCINDEXEDPOLYGONALFACE((16,19,18,17));
#11210=IFCINDEXEDPOLYGONALFACE((20,23,22,21));
#11211=IFCINDEXEDPOLYGONALFACE((5,11,10,4,8,9));
#11212=IFCINDEXEDPOLYGONALFACE((7,15,14,6,12,13));
#11213=IFCINDEXEDPOLYGONALFACE((5,9,19,16,11));
#11214=IFCINDEXEDPOLYGONALFACE((7,13,23,20,15));
#11215=IFCINDEXEDPOLYGONALFACE((11,16,17,10));
#11216=IFCINDEXEDPOLYGONALFACE((8,18,19,9));
#11217=IFCINDEXEDPOLYGONALFACE((12,22,23,13));
#11218=IFCINDEXEDPOLYGONALFACE((6,14,21,22,12));
#11219=IFCINDEXEDPOLYGONALFACE((15,20,21,14));
#11220=IFCINDEXEDPOLYGONALFACE((10,17,18,8,4));
#11221=IFCCARTESIANPOINTLIST3D(((-0.21596968173980713,0.,0.),(0.,0.,0.),(1.,0.,0.),(-0.19096967577934265,0.,0.),(-0.024999998509883881,0.,0.),(0.02500000037252903,0.,0.),(0.97500002384185791,0.,0.),(-0.19096967577934265,0.024999998509883881,0.),(-0.024999998509883881,0.024999998509883881,0.),(-0.19096967577934265,-0.024999998509883881,0.),(-0.024999998509883881,-0.024999998509883881,0.),(0.02500000037252903,0.02500000037252903,0.),(0.97500002384185791,0.02500000037252903,0.),(0.02500000037252903,-0.02500000037252903,0.),(0.97500002384185791,-0.02500000037252903,0.),(-0.024999998509883881,-0.024999998509883881,1.),(-0.19096967577934265,-0.024999998509883881,1.),(-0.19096967577934265,0.024999998509883881,1.),(-0.024999998509883881,0.024999998509883881,1.),(0.97500002384185791,-0.02500000037252903,1.),(0.02500000037252903,-0.02500000037252903,1.),(0.02500000037252903,0.02500000037252903,1.),(0.97500002384185791,0.02500000037252903,1.)));
#11222=IFCPOLYGONALFACESET(#11221,.F.,(#11209,#11210,#11211,#11212,#11213,#11214,#11215,#11216,#11217,#11218,#11219,#11220),$);
#11223=IFCSHAPEREPRESENTATION(#11,'Body','Tessellation',(#11222));
#11225=IFCCARTESIANPOINT((-0.21596968173980713,-0.02500000037252903,0.));
#11226=IFCBOUNDINGBOX(#11225,1.2159696817398071,0.05000000074505806,1.);
#11227=IFCSHAPEREPRESENTATION(#13,'Box','BoundingBox',(#11226));
#11228=IFCCARTESIANPOINT((0.,0.,0.));
#11229=IFCDIRECTION((1.,0.,0.));
#11230=IFCDIRECTION((0.,0.,1.));
#11231=IFCAXIS2PLACEMENT3D(#11228,#11230,#11229);
#11232=IFCREPRESENTATIONMAP(#11231,#11227);
#11233=IFCCARTESIANPOINT((0.,0.,0.));
#11234=IFCDIRECTION((1.,0.,0.));
#11235=IFCDIRECTION((0.,1.,0.));
#11236=IFCDIRECTION((0.,0.,1.));
#11237=IFCCARTESIANTRANSFORMATIONOPERATOR3D(#11234,#11235,#11233,1.,#11236);
#11238=IFCMAPPEDITEM(#11232,#11237);
#11239=IFCSHAPEREPRESENTATION(#13,'Box','MappedRepresentation',(#11238));
#11240=IFCRAILINGTYPE('1aSO0lG9LDoPh5FDrJHmJ0',$,'Balcony-3',$,$,(#11241,#11243),(#11245,#11338),$,$,.USERDEFINED.);
#11241=IFCPROPERTYSET('3TLDytB2j1NQpvX6Fuz5Q9',$,'BBIM_Railing',$,(#11242));
#11242=IFCPROPERTYSINGLEVALUE('Data',$,IFCTEXT('{"railing_type": "FRAMELESS_PANEL", "height": 1.0, "thickness": 0.05000000074505806, "spacing": 0.05000000074505806, "path_data": {"edges": [[0, 1], [1, 2]], "verts": [[-0.507895290851593, 2.1510579983896605e-08, 0.0], [0.0, 0.0, 0.0], [1.0, 0.0, 0.0]]}}'),$);
#11243=IFCPROPERTYSET('0LlWwFTQ1EHRvGBWH68vGH',$,'Pset_RailingCommon',$,(#11244));
#11244=IFCPROPERTYSINGLEVALUE('Height',$,IFCPOSITIVELENGTHMEASURE(1.),$);
#11245=IFCREPRESENTATIONMAP(#11246,#11329);
#11246=IFCAXIS2PLACEMENT3D(#11247,#11248,#11249);
#11247=IFCCARTESIANPOINT((0.,0.,0.));
#11248=IFCDIRECTION((0.,0.,1.));
#11249=IFCDIRECTION((1.,0.,0.));
#11293=IFCRAILING('2Gc1h3gjD39vma9c735Rsw',$,'Railing',$,'FRAMELESS_PANEL',#11355,#11302,$,.USERDEFINED.);
#11294=IFCRELDEFINESBYTYPE('1Gh8Nj5ar7Oh67QLCQUmZR',$,$,$,(#11293),#11240);
#11295=IFCCARTESIANPOINT((0.,0.,0.));
#11296=IFCDIRECTION((1.,0.,0.));
#11297=IFCDIRECTION((0.,1.,0.));
#11298=IFCDIRECTION((0.,0.,1.));
#11299=IFCCARTESIANTRANSFORMATIONOPERATOR3D(#11296,#11297,#11295,1.,#11298);
#11300=IFCMAPPEDITEM(#11245,#11299);
#11301=IFCSHAPEREPRESENTATION(#11,'Body','MappedRepresentation',(#11300));
#11302=IFCPRODUCTDEFINITIONSHAPE($,$,(#11301,#11345));
#11315=IFCINDEXEDPOLYGONALFACE((16,19,18,17));
#11316=IFCINDEXEDPOLYGONALFACE((20,23,22,21));
#11317=IFCINDEXEDPOLYGONALFACE((5,11,10,4,8,9));
#11318=IFCINDEXEDPOLYGONALFACE((7,15,14,6,12,13));
#11319=IFCINDEXEDPOLYGONALFACE((5,9,19,16,11));
#11320=IFCINDEXEDPOLYGONALFACE((12,22,23,13));
#11321=IFCINDEXEDPOLYGONALFACE((6,14,21,22,12));
#11322=IFCINDEXEDPOLYGONALFACE((15,20,21,14));
#11323=IFCINDEXEDPOLYGONALFACE((7,13,23,20,15));
#11324=IFCINDEXEDPOLYGONALFACE((11,16,17,10));
#11325=IFCINDEXEDPOLYGONALFACE((8,18,19,9));
#11326=IFCINDEXEDPOLYGONALFACE((4,10,17,18,8));
#11327=IFCCARTESIANPOINTLIST3D(((-0.50789529085159302,2.1510579983896605E-08,0.),(0.,0.,0.),(1.,0.,0.),(-0.48289528489112854,2.045177005527421E-08,0.),(-0.024999998509883881,1.0588097065777902E-09,0.),(0.02500000037252903,0.,0.),(0.97500002384185791,0.,0.),(-0.48289528489112854,0.025000018998980522,0.),(-0.024999996647238731,0.02500000037252903,0.),(-0.48289528489112854,-0.024999978020787239,0.),(-0.02500000037252903,-0.024999996647238731,0.),(0.02500000037252903,0.02500000037252903,0.),(0.97500002384185791,0.02500000037252903,0.),(0.02500000037252903,-0.02500000037252903,0.),(0.97500002384185791,-0.02500000037252903,0.),(-0.02500000037252903,-0.024999996647238731,1.),(-0.48289528489112854,-0.024999978020787239,1.),(-0.48289528489112854,0.025000018998980522,1.),(-0.024999996647238731,0.02500000037252903,1.),(0.97500002384185791,-0.02500000037252903,1.),(0.02500000037252903,-0.02500000037252903,1.),(0.02500000037252903,0.02500000037252903,1.),(0.97500002384185791,0.02500000037252903,1.)));
#11328=IFCPOLYGONALFACESET(#11327,.F.,(#11315,#11316,#11317,#11318,#11319,#11320,#11321,#11322,#11323,#11324,#11325,#11326),$);
#11329=IFCSHAPEREPRESENTATION(#11,'Body','Tessellation',(#11328));
#11331=IFCCARTESIANPOINT((-0.50789529085159302,-0.02500000037252903,0.));
#11332=IFCBOUNDINGBOX(#11331,1.5078952312469482,0.050000019371509552,1.);
#11333=IFCSHAPEREPRESENTATION(#13,'Box','BoundingBox',(#11332));
#11334=IFCCARTESIANPOINT((0.,0.,0.));
#11335=IFCDIRECTION((1.,0.,0.));
#11336=IFCDIRECTION((0.,0.,1.));
#11337=IFCAXIS2PLACEMENT3D(#11334,#11336,#11335);
#11338=IFCREPRESENTATIONMAP(#11337,#11333);
#11339=IFCCARTESIANPOINT((0.,0.,0.));
#11340=IFCDIRECTION((1.,0.,0.));
#11341=IFCDIRECTION((0.,1.,0.));
#11342=IFCDIRECTION((0.,0.,1.));
#11343=IFCCARTESIANTRANSFORMATIONOPERATOR3D(#11340,#11341,#11339,1.,#11342);
#11344=IFCMAPPEDITEM(#11338,#11343);
#11345=IFCSHAPEREPRESENTATION(#13,'Box','MappedRepresentation',(#11344));
#11346=IFCCARTESIANPOINT((-1.1227402687072754,-3.1084134578704834,0.));
#11347=IFCDIRECTION((0.,0.,1.));
#11348=IFCDIRECTION((1.,0.,0.));
#11349=IFCAXIS2PLACEMENT3D(#11346,#11347,#11348);
#11350=IFCLOCALPLACEMENT(#4863,#11349);
#11351=IFCCARTESIANPOINT((-3.2746889591217041,-2.154402494430542,0.));
#11352=IFCDIRECTION((0.,0.,1.));
#11353=IFCDIRECTION((-4.3711388286737889E-08,-0.99999999999999911,0.));
#11354=IFCAXIS2PLACEMENT3D(#11351,#11352,#11353);
#11355=IFCLOCALPLACEMENT(#4863,#11354);
#11356=IFCRAILINGTYPE('3Jg6AJrfP7Z9zKdqZTQFC_',$,'Stair',$,$,(#11357,#11359),(#11388,#14761),$,$,.USERDEFINED.);
#11357=IFCPROPERTYSET('28VR72blL2iuNzIUJiYSY3',$,'BBIM_Railing',$,(#11358));
#11358=IFCPROPERTYSINGLEVALUE('Data',$,IFCTEXT('{"railing_type": "FRAMELESS_PANEL", "height": 1.0, "thickness": 0.05000000074505806, "spacing": 0.05000000074505806, "path_data": {"edges": [[0, 1], [1, 2]], "verts": [[-0.9749999046325684, 0.0, 0.0], [-0.22931861877441406, -0.02499997615814209, 0.8999999761581421], [0.5156841278076172, -0.054127417504787445, 1.7999999523162842]]}}'),$);
#11359=IFCPROPERTYSET('3nFFEBA4rEABk0PwruKH1Q',$,'Pset_RailingCommon',$,(#11360));
#11360=IFCPROPERTYSINGLEVALUE('Height',$,IFCPOSITIVELENGTHMEASURE(1.),$);
#11384=IFCCARTESIANPOINT((0.,0.,0.));
#11385=IFCDIRECTION((1.,0.,0.));
#11386=IFCDIRECTION((0.,0.,1.));
#11387=IFCAXIS2PLACEMENT3D(#11384,#11386,#11385);
#11388=IFCREPRESENTATIONMAP(#11387,#14752);
#11537=IFCRAILINGTYPE('1uWGkQ$PvAXwciwexHDTI3',$,'Landing',$,$,(#11538,#11540),(#11569,#11653),$,$,.USERDEFINED.);
#11538=IFCPROPERTYSET('3$Vlf2vSX38hnt7OwKGC75',$,'BBIM_Railing',$,(#11539));
#11539=IFCPROPERTYSINGLEVALUE('Data',$,IFCTEXT('{"railing_type": "FRAMELESS_PANEL", "height": 1.0, "thickness": 0.05000000074505806, "spacing": 0.05000000074505806, "path_data": {"edges": [[0, 1]], "verts": [[-1.0, 0.0, 0.0], [-0.1689143180847168, 0.0, 0.0]]}}'),$);
#11540=IFCPROPERTYSET('2t7GZjYOzDFRdz3BVctMbY',$,'Pset_RailingCommon',$,(#11541));
#11541=IFCPROPERTYSINGLEVALUE('Height',$,IFCPOSITIVELENGTHMEASURE(1.),$);
#11565=IFCCARTESIANPOINT((0.,0.,0.));
#11566=IFCDIRECTION((1.,0.,0.));
#11567=IFCDIRECTION((0.,0.,1.));
#11568=IFCAXIS2PLACEMENT3D(#11565,#11567,#11566);
#11569=IFCREPRESENTATIONMAP(#11568,#11644);
#11614=IFCRAILING('2tKSBrNp90o8eLsj3KC1WA',$,'Railing',$,'FRAMELESS_PANEL',#16088,#11623,$,.USERDEFINED.);
#11615=IFCRELDEFINESBYTYPE('3yefwrahHBBgIh42S9ccSv',$,$,$,(#11614,#16089,#16257),#11537);
#11616=IFCCARTESIANPOINT((0.,0.,0.));
#11617=IFCDIRECTION((1.,0.,0.));
#11618=IFCDIRECTION((0.,1.,0.));
#11619=IFCDIRECTION((0.,0.,1.));
#11620=IFCCARTESIANTRANSFORMATIONOPERATOR3D(#11617,#11618,#11616,1.,#11619);
#11621=IFCMAPPEDITEM(#11569,#11620);
#11622=IFCSHAPEREPRESENTATION(#11,'Body','MappedRepresentation',(#11621));
#11623=IFCPRODUCTDEFINITIONSHAPE($,$,(#11622,#11660));
#11636=IFCINDEXEDPOLYGONALFACE((9,12,11,10));
#11637=IFCINDEXEDPOLYGONALFACE((6,12,9,8,4));
#11638=IFCINDEXEDPOLYGONALFACE((4,8,7,3,5,6));
#11639=IFCINDEXEDPOLYGONALFACE((5,11,12,6));
#11640=IFCINDEXEDPOLYGONALFACE((8,9,10,7));
#11641=IFCINDEXEDPOLYGONALFACE((3,7,10,11,5));
#11642=IFCCARTESIANPOINTLIST3D(((-1.,0.,0.),(-0.1689143180847168,0.,0.),(-0.97500002384185791,0.,0.),(-0.19391432404518127,0.,0.),(-0.97500002384185791,0.024999998509883881,0.),(-0.19391432404518127,0.024999998509883881,0.),(-0.97500002384185791,-0.024999998509883881,0.),(-0.19391432404518127,-0.024999998509883881,0.),(-0.19391432404518127,-0.024999998509883881,1.),(-0.97500002384185791,-0.024999998509883881,1.),(-0.97500002384185791,0.024999998509883881,1.),(-0.19391432404518127,0.024999998509883881,1.)));
#11643=IFCPOLYGONALFACESET(#11642,.F.,(#11636,#11637,#11638,#11639,#11640,#11641),$);
#11644=IFCSHAPEREPRESENTATION(#11,'Body','Tessellation',(#11643));
#11646=IFCCARTESIANPOINT((-1.,-0.024999998509883881,0.));
#11647=IFCBOUNDINGBOX(#11646,0.8310856819152832,0.049999997019767761,1.);
#11648=IFCSHAPEREPRESENTATION(#13,'Box','BoundingBox',(#11647));
#11649=IFCCARTESIANPOINT((0.,0.,0.));
#11650=IFCDIRECTION((1.,0.,0.));
#11651=IFCDIRECTION((0.,0.,1.));
#11652=IFCAXIS2PLACEMENT3D(#11649,#11651,#11650);
#11653=IFCREPRESENTATIONMAP(#11652,#11648);
#11654=IFCCARTESIANPOINT((0.,0.,0.));
#11655=IFCDIRECTION((1.,0.,0.));
#11656=IFCDIRECTION((0.,1.,0.));
#11657=IFCDIRECTION((0.,0.,1.));
#11658=IFCCARTESIANTRANSFORMATIONOPERATOR3D(#11655,#11656,#11654,1.,#11657);
#11659=IFCMAPPEDITEM(#11653,#11658);
#11660=IFCSHAPEREPRESENTATION(#13,'Box','MappedRepresentation',(#11659));
#11661=IFCRAILINGTYPE('0YydYlQTnEDx0RbeFKTBeN',$,'Stair 2',$,$,(#11662,#11664),(#11693,#12690),$,$,.USERDEFINED.);
#11662=IFCPROPERTYSET('1_Y8o68Vf8Lv6_z5fy53sf',$,'BBIM_Railing',$,(#11663));
#11663=IFCPROPERTYSINGLEVALUE('Data',$,IFCTEXT('{"railing_type": "FRAMELESS_PANEL", "height": 1.0, "thickness": 0.05000000074505806, "spacing": 0.05000000074505806, "path_data": {"edges": [[0, 1], [1, 2]], "verts": [[-0.41820836067199707, 0.10195612907409668, 1.0013093948364258], [0.25253820419311523, 0.10195660591125488, 0.4649820327758789], [0.9994164705276489, 0.10135295987129211, -0.08975410461425781]]}}'),$);
#11664=IFCPROPERTYSET('0O0Gpbb9z2CvBJz3B6QV3T',$,'Pset_RailingCommon',$,(#11665));
#11665=IFCPROPERTYSINGLEVALUE('Height',$,IFCPOSITIVELENGTHMEASURE(1.),$);
#11689=IFCCARTESIANPOINT((0.,0.,0.));
#11690=IFCDIRECTION((1.,0.,0.));
#11691=IFCDIRECTION((0.,0.,1.));
#11692=IFCAXIS2PLACEMENT3D(#11689,#11691,#11690);
#11693=IFCREPRESENTATIONMAP(#11692,#12681);
#11889=IFCSTAIRFLIGHTTYPE('0h40sQKvP1GxT8OuTGBRf3',$,'Stair 2',$,$,(#11890,#11892),(#11934,#15900),$,$,.STRAIGHT.);
#11890=IFCPROPERTYSET('0GUk_53nD1ZeBWY0ioRx1N',$,'BBIM_Stair',$,(#11891));
#11891=IFCPROPERTYSINGLEVALUE('Data',$,IFCTEXT('{"stair_type": "CONCRETE", "width": 0.9355010986328125, "height": 1.275515079498291, "number_of_treads": 6, "tread_run": 0.19998113811016083, "nosing_length": 0.0, "nosing_depth": 0.0, "base_slab_depth": 0.25, "top_slab_depth": 0.25, "has_top_nib": true, "tread_depth": 0.25, "custom_first_last_tread_run": [null, null], "custom_tread_lock": true}'),$);
#11892=IFCPROPERTYSET('1SV1ix26134uO_HaS$0M1W',$,'Pset_StairFlightCommon',$,(#11893,#11894,#11895,#11896,#11897));
#11893=IFCPROPERTYSINGLEVALUE('NumberOfRiser',$,IFCCOUNTMEASURE(7.),$);
#11894=IFCPROPERTYSINGLEVALUE('NumberOfTreads',$,IFCCOUNTMEASURE(6.),$);
#11895=IFCPROPERTYSINGLEVALUE('RiserHeight',$,IFCPOSITIVELENGTHMEASURE(0.18221643992832728),$);
#11896=IFCPROPERTYSINGLEVALUE('TreadLength',$,IFCPOSITIVELENGTHMEASURE(0.25),$);
#11897=IFCPROPERTYSINGLEVALUE('NosingLength',$,IFCLENGTHMEASURE(0.),$);
#11930=IFCCARTESIANPOINT((0.,0.,0.));
#11931=IFCDIRECTION((1.,0.,0.));
#11932=IFCDIRECTION((0.,0.,1.));
#11933=IFCAXIS2PLACEMENT3D(#11930,#11932,#11931);
#11934=IFCREPRESENTATIONMAP(#11933,#15891);
#11935=IFCSTAIRFLIGHT('2mtoDwJIz3PBY0JdypDJg2',$,'StairFlight',$,$,#16462,#11944,$,7,6,0.18221643992832728,0.25,.STRAIGHT.);
#11936=IFCRELDEFINESBYTYPE('3qJmB4JoP5RQSJvxVUMu5D',$,$,$,(#11935),#11889);
#11944=IFCPRODUCTDEFINITIONSHAPE($,$,(#11951,#15907));
#11945=IFCCARTESIANPOINT((0.,0.,0.));
#11946=IFCDIRECTION((1.,0.,0.));
#11947=IFCDIRECTION((0.,1.,0.));
#11948=IFCDIRECTION((0.,0.,1.));
#11949=IFCCARTESIANTRANSFORMATIONOPERATOR3D(#11946,#11947,#11945,1.,#11948);
#11950=IFCMAPPEDITEM(#11934,#11949);
#11951=IFCSHAPEREPRESENTATION(#11,'Body','MappedRepresentation',(#11950));
#12161=IFCCARTESIANPOINTLIST2D(((-7.5100183486938477,-0.020073413848876953),(-7.5100193023681641,8.6399269104003906),(-4.0000095367431641,8.6399269104003906),(-4.0000095367431641,9.6199684143066406),(9.5367431640625E-07,9.6199684143066406),(0.,0.),(-7.5100183486938477,-0.020073413848876953)));
#12162=IFCINDEXEDPOLYCURVE(#12161,$,$);
#12163=IFCARBITRARYCLOSEDPROFILEDEF(.AREA.,$,#12162);
#12164=IFCOPENINGELEMENT('1XM4KxWMz2nfLmaWKyBeKx',$,'Cube',$,$,#12188,#12182,$,$);
#12170=IFCINDEXEDPOLYGONALFACE((1,2,4,3));
#12171=IFCINDEXEDPOLYGONALFACE((3,4,8,7));
#12172=IFCINDEXEDPOLYGONALFACE((7,8,6,5));
#12173=IFCINDEXEDPOLYGONALFACE((5,6,2,1));
#12174=IFCINDEXEDPOLYGONALFACE((3,7,5,1));
#12175=IFCINDEXEDPOLYGONALFACE((8,4,2,6));
#12176=IFCCARTESIANPOINTLIST3D(((-1.0942442417144775,-0.91321247816085815,-1.),(-1.0942442417144775,-0.91321247816085815,1.),(-1.0942442417144775,0.91321247816085815,-1.),(-1.0942442417144775,0.91321247816085815,1.),(1.0942442417144775,-0.91321247816085815,-1.),(1.0942442417144775,-0.91321247816085815,1.),(1.0942442417144775,0.91321247816085815,-1.),(1.0942442417144775,0.91321247816085815,1.)));
#12177=IFCPOLYGONALFACESET(#12176,.T.,(#12170,#12171,#12172,#12173,#12174,#12175),$);
#12178=IFCSHAPEREPRESENTATION(#11,'Body','Tessellation',(#12177));
#12179=IFCCARTESIANPOINT((-1.0942442417144775,-0.91321247816085815,-1.));
#12180=IFCBOUNDINGBOX(#12179,2.1884884834289551,1.8264249563217163,2.);
#12181=IFCSHAPEREPRESENTATION(#13,'Box','BoundingBox',(#12180));
#12182=IFCPRODUCTDEFINITIONSHAPE($,$,(#12181,#12178));
#12183=IFCRELVOIDSELEMENT('14LKIWO5bC1esRnwez7nG$',$,$,$,#5695,#12164);
#12184=IFCCARTESIANPOINT((-1.2070004940032959,4.5049976110458374,0.72758007049560547));
#12185=IFCDIRECTION((0.,0.,1.));
#12186=IFCDIRECTION((1.,0.,0.));
#12187=IFCAXIS2PLACEMENT3D(#12184,#12185,#12186);
#12188=IFCLOCALPLACEMENT(#5702,#12187);
#12189=IFCRAILINGTYPE('2uptq2C6bBGxLrxJ$A7R4K',$,'2F Railing',$,$,(#12190,#12192),(#12221,#16014),$,$,.USERDEFINED.);
#12190=IFCPROPERTYSET('0Bs9_1qbnE4v0nnP50YK_D',$,'BBIM_Railing',$,(#12191));
#12191=IFCPROPERTYSINGLEVALUE('Data',$,IFCTEXT('{"railing_type": "FRAMELESS_PANEL", "height": 0.800000011920929, "thickness": 0.05000000074505806, "spacing": 0.05000000074505806, "path_data": {"edges": [[0, 1], [1, 2]], "verts": [[-1.1856942176818848, -0.049999892711639404, -0.1472080498933792], [1.1117539405822754, 1.1904845237731934, 1.652791976928711], [0.30566835403442383, -0.049999892711639404, 1.652791976928711]]}}'),$);
#12192=IFCPROPERTYSET('3aBW7aTRT45R1DcJn9IiF3',$,'Pset_RailingCommon',$,(#12193));
#12193=IFCPROPERTYSINGLEVALUE('Height',$,IFCPOSITIVELENGTHMEASURE(0.80000001192092896),$);
#12217=IFCCARTESIANPOINT((0.,0.,0.));
#12218=IFCDIRECTION((1.,0.,0.));
#12219=IFCDIRECTION((0.,0.,1.));
#12220=IFCAXIS2PLACEMENT3D(#12217,#12219,#12218);
#12221=IFCREPRESENTATIONMAP(#12220,#16005);
#12267=IFCRELDEFINESBYTYPE('2SPK9N1XXCSPxdP4RmUTIU',$,$,$,(#16110,#15929,#15908,#12289),#12189);
#12289=IFCRAILING('2T7G_jsAz4IvK8woCCIqfj',$,'Railing',$,'FRAMELESS_PANEL',#12598,#12297,$,.USERDEFINED.);
#12290=IFCCARTESIANPOINT((0.,0.,0.));
#12291=IFCDIRECTION((1.,0.,0.));
#12292=IFCDIRECTION((0.,1.,0.));
#12293=IFCDIRECTION((0.,0.,1.));
#12294=IFCCARTESIANTRANSFORMATIONOPERATOR3D(#12291,#12292,#12290,1.,#12293);
#12295=IFCMAPPEDITEM(#12221,#12294);
#12296=IFCSHAPEREPRESENTATION(#11,'Body','MappedRepresentation',(#12295));
#12297=IFCPRODUCTDEFINITIONSHAPE($,$,(#12296,#16021));
#12332=IFCRAILINGTYPE('3UHH6pdt58E9yNuW4yoLzp',$,'2F Railing 2',$,$,(#12333,#12335),(#12364,#12571),$,$,.USERDEFINED.);
#12333=IFCPROPERTYSET('16uic6A3nFTBWAq_e3T6y2',$,'BBIM_Railing',$,(#12334));
#12334=IFCPROPERTYSINGLEVALUE('Data',$,IFCTEXT('{"railing_type": "FRAMELESS_PANEL", "height": 0.800000011920929, "thickness": 0.05000000074505806, "spacing": 0.05000000074505806, "path_data": {"edges": [[0, 1], [1, 2]], "verts": [[0.08640611171722412, -4.748832083123489e-08, 0.0], [0.0, 0.0, 0.0], [1.0, 0.0, 0.0]]}}'),$);
#12335=IFCPROPERTYSET('0cIOJn2enEJxEINUlPWrKT',$,'Pset_RailingCommon',$,(#12336));
#12336=IFCPROPERTYSINGLEVALUE('Height',$,IFCPOSITIVELENGTHMEASURE(0.80000001192092896),$);
#12360=IFCCARTESIANPOINT((0.,0.,0.));
#12361=IFCDIRECTION((1.,0.,0.));
#12362=IFCDIRECTION((0.,0.,1.));
#12363=IFCAXIS2PLACEMENT3D(#12360,#12362,#12361);
#12364=IFCREPRESENTATIONMAP(#12363,#12562);
#12452=IFCRAILING('0FnyvahpPEnvEojh2f4qTo',$,'Railing',$,'FRAMELESS_PANEL',#12608,#12461,$,.USERDEFINED.);
#12453=IFCRELDEFINESBYTYPE('3vbZJLVVD7P9oNpQtvz22v',$,$,$,(#12452,#16278),#12332);
#12454=IFCCARTESIANPOINT((0.,0.,0.));
#12455=IFCDIRECTION((1.,0.,0.));
#12456=IFCDIRECTION((0.,1.,0.));
#12457=IFCDIRECTION((0.,0.,1.));
#12458=IFCCARTESIANTRANSFORMATIONOPERATOR3D(#12455,#12456,#12454,1.,#12457);
#12459=IFCMAPPEDITEM(#12364,#12458);
#12460=IFCSHAPEREPRESENTATION(#11,'Body','MappedRepresentation',(#12459));
#12461=IFCPRODUCTDEFINITIONSHAPE($,$,(#12460,#12578));
#12549=IFCINDEXEDPOLYGONALFACE((17,15,14,13));
#12550=IFCINDEXEDPOLYGONALFACE((16,18,17,15));
#12551=IFCINDEXEDPOLYGONALFACE((5,9,8,4,7,11));
#12552=IFCINDEXEDPOLYGONALFACE((6,12,11,5,9,10));
#12553=IFCINDEXEDPOLYGONALFACE((9,17,13,8));
#12554=IFCINDEXEDPOLYGONALFACE((7,14,15,11));
#12555=IFCINDEXEDPOLYGONALFACE((6,10,18,16,12));
#12556=IFCINDEXEDPOLYGONALFACE((5,11,15,17,9));
#12557=IFCINDEXEDPOLYGONALFACE((9,17,18,10));
#12558=IFCINDEXEDPOLYGONALFACE((12,16,15,11));
#12559=IFCINDEXEDPOLYGONALFACE((4,8,13,14,7));
#12560=IFCCARTESIANPOINTLIST3D(((0.086406111717224121,-4.7488320831234887E-08,0.),(0.,0.,0.),(1.,0.,0.),(0.06140611320734024,-3.3748460026572502E-08,0.),(0.02500000037252903,-1.3739861692840805E-08,0.),(0.97500002384185791,0.,0.),(0.061406098306179047,-0.025000033900141716,0.),(0.061406128108501434,0.024999966844916344,0.),(0.02500000037252903,0.02500000037252903,0.),(0.97500002384185791,0.02500000037252903,0.),(0.02500000037252903,-0.02500000037252903,0.),(0.97500002384185791,-0.02500000037252903,0.),(0.061406128108501434,0.024999966844916344,0.80000001192092896),(0.061406098306179047,-0.025000033900141716,0.80000001192092896),(0.024999987334012985,-0.025000013411045074,0.80000001192092896),(0.97500002384185791,-0.02500000037252903,0.80000001192092896),(0.02500000037252903,0.02500000037252903,0.80000001192092896),(0.97500002384185791,0.02500000037252903,0.80000001192092896)));
#12561=IFCPOLYGONALFACESET(#12560,.F.,(#12549,#12550,#12551,#12552,#12553,#12554,#12555,#12556,#12557,#12558,#12559),$);
#12562=IFCSHAPEREPRESENTATION(#11,'Body','Tessellation',(#12561));
#12564=IFCCARTESIANPOINT((0.,-0.025000033900141716,0.));
#12565=IFCBOUNDINGBOX(#12564,1.,0.050000034272670746,0.80000001192092896);
#12566=IFCSHAPEREPRESENTATION(#13,'Box','BoundingBox',(#12565));
#12567=IFCCARTESIANPOINT((0.,0.,0.));
#12568=IFCDIRECTION((1.,0.,0.));
#12569=IFCDIRECTION((0.,0.,1.));
#12570=IFCAXIS2PLACEMENT3D(#12567,#12569,#12568);
#12571=IFCREPRESENTATIONMAP(#12570,#12566);
#12572=IFCCARTESIANPOINT((0.,0.,0.));
#12573=IFCDIRECTION((1.,0.,0.));
#12574=IFCDIRECTION((0.,1.,0.));
#12575=IFCDIRECTION((0.,0.,1.));
#12576=IFCCARTESIANTRANSFORMATIONOPERATOR3D(#12573,#12574,#12572,1.,#12575);
#12577=IFCMAPPEDITEM(#12571,#12576);
#12578=IFCSHAPEREPRESENTATION(#13,'Box','MappedRepresentation',(#12577));
#12594=IFCCARTESIANPOINT((3.116734504699707,2.3234283924102783,0.));
#12595=IFCDIRECTION((0.,0.,1.));
#12596=IFCDIRECTION((1.,0.,0.));
#12597=IFCAXIS2PLACEMENT3D(#12594,#12595,#12596);
#12598=IFCLOCALPLACEMENT(#4863,#12597);
#12604=IFCCARTESIANPOINT((1.8680515289306641,0.38235181570053101,0.));
#12605=IFCDIRECTION((0.,0.,1.));
#12606=IFCDIRECTION((-4.3711388286737889E-08,0.99999999999999911,0.));
#12607=IFCAXIS2PLACEMENT3D(#12604,#12605,#12606);
#12608=IFCLOCALPLACEMENT(#4863,#12607);
#12662=IFCCOLUMNTYPE('0MHwboMivBwREwtxw9fwot',$,'Unnamed',$,$,$,$,$,$,.COLUMN.);
#12663=IFCRECTANGLEPROFILEDEF(.AREA.,'New Profile',$,0.5,0.5);
#12664=IFCMATERIALPROFILESET($,$,(#12666),$);
#12665=IFCRELASSOCIATESMATERIAL('06WdVfI_v5mAkUtgcMpZ_J',$,$,$,(#12662),#12664);
#12666=IFCMATERIALPROFILE($,$,#81,#12663,$,$);
#12667=IFCINDEXEDPOLYGONALFACE((16,19,18,17));
#12668=IFCINDEXEDPOLYGONALFACE((20,23,22,21));
#12669=IFCINDEXEDPOLYGONALFACE((5,11,10,4,8,9));
#12670=IFCINDEXEDPOLYGONALFACE((7,15,14,6,12,13));
#12671=IFCINDEXEDPOLYGONALFACE((11,16,17,10));
#12672=IFCINDEXEDPOLYGONALFACE((8,18,19,9));
#12673=IFCINDEXEDPOLYGONALFACE((13,23,20,15,7));
#12674=IFCINDEXEDPOLYGONALFACE((5,9,19,16,11));
#12675=IFCINDEXEDPOLYGONALFACE((12,22,23,13));
#12676=IFCINDEXEDPOLYGONALFACE((14,21,22,12,6));
#12677=IFCINDEXEDPOLYGONALFACE((15,20,21,14));
#12678=IFCINDEXEDPOLYGONALFACE((4,10,17,18,8));
#12679=IFCCARTESIANPOINTLIST3D(((-0.41820836067199707,0.10195612907409668,1.0013093948364258),(0.25253820419311523,0.10195660591125488,0.46498203277587891),(0.99941647052764893,0.10135295987129211,-0.089754104614257812),(-0.39320835471153259,0.10195614397525787,0.98131942749023438),(0.22753819823265076,0.10195659101009369,0.48497197031974792),(0.27753818035125732,0.10193639993667603,0.4464135468006134),(0.97441649436950684,0.10137316584587097,-0.07118561863899231),(-0.39320838451385498,0.12695614993572235,0.98131942749023438),(0.22753818333148956,0.12695659697055817,0.48497197031974792),(-0.39320832490921021,0.076956145465373993,0.98131942749023438),(0.22753821313381195,0.076956592500209808,0.48497197031974792),(0.27755838632583618,0.12693639099597931,0.4464135468006134),(0.97443670034408569,0.12637315690517426,-0.07118561863899231),(0.27751797437667847,0.076936408877372742,0.4464135468006134),(0.97439628839492798,0.076373174786567688,-0.07118561863899231),(0.22753821313381195,0.076956592500209808,1.4849720001220703),(-0.39320832490921021,0.076956145465373993,1.9813194274902344),(-0.39320838451385498,0.12695614993572235,1.9813194274902344),(0.22753818333148956,0.12695659697055817,1.4849720001220703),(0.97439628839492798,0.076373174786567688,0.92881441116333008),(0.27751797437667847,0.076936408877372742,1.446413516998291),(0.27755838632583618,0.12693639099597931,1.446413516998291),(0.97443670034408569,0.12637315690517426,0.92881441116333008)));
#12680=IFCPOLYGONALFACESET(#12679,.F.,(#12667,#12668,#12669,#12670,#12671,#12672,#12673,#12674,#12675,#12676,#12677,#12678),$);
#12681=IFCSHAPEREPRESENTATION(#11,'Body','Tessellation',(#12680));
#12683=IFCCARTESIANPOINT((-0.41820836067199707,0.076373174786567688,-0.089754104614257812));
#12684=IFCBOUNDINGBOX(#12683,1.417624831199646,0.050583422183990479,2.0710735321044922);
#12685=IFCSHAPEREPRESENTATION(#13,'Box','BoundingBox',(#12684));
#12686=IFCCARTESIANPOINT((0.,0.,0.));
#12687=IFCDIRECTION((1.,0.,0.));
#12688=IFCDIRECTION((0.,0.,1.));
#12689=IFCAXIS2PLACEMENT3D(#12686,#12688,#12687);
#12690=IFCREPRESENTATIONMAP(#12689,#12685);
#12698=IFCCOLUMN('2fuhit4xv0oBfZOEhxaXSP',$,'Column',$,$,#12706,#12710,$,$);
#12699=IFCRELDEFINESBYTYPE('324ktATFP8axEgzXVl_7Zl',$,$,$,(#15206,#15228,#13154,#13176,#15294,#12698,#12951,#12973,#12995,#13039,#13061,#12721,#13127,#12743,#12765,#12809,#13203,#15272,#15338,#15184,#15250,#13017,#13083,#13105,#12929,#12787,#12902,#15360,#15387,#15409,#15431,#15458,#15784,#15806),#12662);
#12700=IFCMATERIALPROFILESETUSAGE(#12664,5,$);
#12701=IFCRELASSOCIATESMATERIAL('3Oo6E_0CHBwQgvj0ZEEVkV',$,$,$,(#12698),#12700);
#12702=IFCCARTESIANPOINT((0.21747817099094391,-2.6000680923461914,0.));
#12703=IFCDIRECTION((0.,0.,1.));
#12704=IFCDIRECTION((1.,0.,0.));
#12705=IFCAXIS2PLACEMENT3D(#12702,#12703,#12704);
#12706=IFCLOCALPLACEMENT(#79,#12705);
#12707=IFCCARTESIANPOINTLIST3D(((0.,0.,0.),(0.,0.,3.)));
#12708=IFCINDEXEDPOLYCURVE(#12707,$,.F.);
#12709=IFCSHAPEREPRESENTATION(#12,'Axis','Curve3D',(#12708));
#12710=IFCPRODUCTDEFINITIONSHAPE($,$,(#12709,#12717));
#12711=IFCCARTESIANPOINT((0.,0.,0.));
#12712=IFCDIRECTION((0.,0.,1.));
#12713=IFCDIRECTION((1.,0.,0.));
#12714=IFCAXIS2PLACEMENT3D(#12711,#12712,#12713);
#12715=IFCDIRECTION((0.,0.,1.));
#12716=IFCEXTRUDEDAREASOLID(#12663,#12714,#12715,3.);
#12717=IFCSHAPEREPRESENTATION(#11,'Body','SweptSolid',(#12716));
#12718=IFCPROPERTYSET('3YC96JRsT7ARFu1zO6Tj8$',$,'EPset_Parametric',$,(#12720));
#12719=IFCRELDEFINESBYPROPERTIES('0FMpt4VLDD1fVvFFdazdOF',$,$,$,(#12698),#12718);
#12720=IFCPROPERTYSINGLEVALUE('Engine',$,IFCLABEL('Bonsai.DumbProfile'),$);
#12721=IFCCOLUMN('2R2z0aYP9AAPP6lYqhmFNM',$,'Column',$,$,#12728,#12732,$,$);
#12722=IFCMATERIALPROFILESETUSAGE(#12664,5,$);
#12723=IFCRELASSOCIATESMATERIAL('0hjY09Qz5D$9LwYDpj_ckQ',$,$,$,(#12721),#12722);
#12724=IFCCARTESIANPOINT((4.2174768447875977,-2.6000680923461914,0.));
#12725=IFCDIRECTION((0.,0.,1.));
#12726=IFCDIRECTION((1.,0.,0.));
#12727=IFCAXIS2PLACEMENT3D(#12724,#12725,#12726);
#12728=IFCLOCALPLACEMENT(#79,#12727);
#12729=IFCCARTESIANPOINTLIST3D(((0.,0.,0.),(0.,0.,3.)));
#12730=IFCINDEXEDPOLYCURVE(#12729,$,.F.);
#12731=IFCSHAPEREPRESENTATION(#12,'Axis','Curve3D',(#12730));
#12732=IFCPRODUCTDEFINITIONSHAPE($,$,(#12731,#12739));
#12733=IFCCARTESIANPOINT((0.,0.,0.));
#12734=IFCDIRECTION((0.,0.,1.));
#12735=IFCDIRECTION((1.,0.,0.));
#12736=IFCAXIS2PLACEMENT3D(#12733,#12734,#12735);
#12737=IFCDIRECTION((0.,0.,1.));
#12738=IFCEXTRUDEDAREASOLID(#12663,#12736,#12737,3.);
#12739=IFCSHAPEREPRESENTATION(#11,'Body','SweptSolid',(#12738));
#12740=IFCPROPERTYSET('29T3Z4Ry9BguLKqjJVvsCw',$,'EPset_Parametric',$,(#12742));
#12741=IFCRELDEFINESBYPROPERTIES('3qEwn0zgD4xuGszOXoqI68',$,$,$,(#12721),#12740);
#12742=IFCPROPERTYSINGLEVALUE('Engine',$,IFCLABEL('Bonsai.DumbProfile'),$);
#12743=IFCCOLUMN('29vvkXLdLEKeJppq9xc1fI',$,'Column',$,$,#12750,#12754,$,$);
#12744=IFCMATERIALPROFILESETUSAGE(#12664,5,$);
#12745=IFCRELASSOCIATESMATERIAL('05j6RWHsT5$w0cI_qTBh3A',$,$,$,(#12743),#12744);
#12746=IFCCARTESIANPOINT((-2.7825212478637695,-0.10006809234619141,0.));
#12747=IFCDIRECTION((0.,0.,1.));
#12748=IFCDIRECTION((1.,0.,0.));
#12749=IFCAXIS2PLACEMENT3D(#12746,#12747,#12748);
#12750=IFCLOCALPLACEMENT(#79,#12749);
#12751=IFCCARTESIANPOINTLIST3D(((0.,0.,0.),(0.,0.,3.)));
#12752=IFCINDEXEDPOLYCURVE(#12751,$,.F.);
#12753=IFCSHAPEREPRESENTATION(#12,'Axis','Curve3D',(#12752));
#12754=IFCPRODUCTDEFINITIONSHAPE($,$,(#12753,#12761));
#12755=IFCCARTESIANPOINT((0.,0.,0.));
#12756=IFCDIRECTION((0.,0.,1.));
#12757=IFCDIRECTION((1.,0.,0.));
#12758=IFCAXIS2PLACEMENT3D(#12755,#12756,#12757);
#12759=IFCDIRECTION((0.,0.,1.));
#12760=IFCEXTRUDEDAREASOLID(#12663,#12758,#12759,3.);
#12761=IFCSHAPEREPRESENTATION(#11,'Body','SweptSolid',(#12760));
#12762=IFCPROPERTYSET('3o8F95IH5DDfuZZ4SFlkHx',$,'EPset_Parametric',$,(#12764));
#12763=IFCRELDEFINESBYPROPERTIES('3QmJmhnCb3HRHGD7m72_jC',$,$,$,(#12743),#12762);
#12764=IFCPROPERTYSINGLEVALUE('Engine',$,IFCLABEL('Bonsai.DumbProfile'),$);
#12765=IFCCOLUMN('0myAvB8Dz8ff32KKRArmOH',$,'Column',$,$,#12772,#12776,$,$);
#12766=IFCMATERIALPROFILESETUSAGE(#12664,5,$);
#12767=IFCRELASSOCIATESMATERIAL('0Hi3FszfT909cPiyu6hzAJ',$,$,$,(#12765),#12766);
#12768=IFCCARTESIANPOINT((-2.7825222015380859,5.0499329566955566,0.));
#12769=IFCDIRECTION((0.,0.,1.));
#12770=IFCDIRECTION((1.,0.,0.));
#12771=IFCAXIS2PLACEMENT3D(#12768,#12769,#12770);
#12772=IFCLOCALPLACEMENT(#79,#12771);
#12773=IFCCARTESIANPOINTLIST3D(((0.,0.,0.),(0.,0.,3.)));
#12774=IFCINDEXEDPOLYCURVE(#12773,$,.F.);
#12775=IFCSHAPEREPRESENTATION(#12,'Axis','Curve3D',(#12774));
#12776=IFCPRODUCTDEFINITIONSHAPE($,$,(#12775,#12783));
#12777=IFCCARTESIANPOINT((0.,0.,0.));
#12778=IFCDIRECTION((0.,0.,1.));
#12779=IFCDIRECTION((1.,0.,0.));
#12780=IFCAXIS2PLACEMENT3D(#12777,#12778,#12779);
#12781=IFCDIRECTION((0.,0.,1.));
#12782=IFCEXTRUDEDAREASOLID(#12663,#12780,#12781,3.);
#12783=IFCSHAPEREPRESENTATION(#11,'Body','SweptSolid',(#12782));
#12784=IFCPROPERTYSET('3vqUY36gP1hRLv77bUvx68',$,'EPset_Parametric',$,(#12786));
#12785=IFCRELDEFINESBYPROPERTIES('3e0_Yyn6X3ifjrr$WFOhk7',$,$,$,(#12765),#12784);
#12786=IFCPROPERTYSINGLEVALUE('Engine',$,IFCLABEL('Bonsai.DumbProfile'),$);
#12787=IFCCOLUMN('0R5ixE2R1DIvee7og3a26W',$,'Column',$,$,#12794,#12798,$,$);
#12788=IFCMATERIALPROFILESETUSAGE(#12664,5,$);
#12789=IFCRELASSOCIATESMATERIAL('1eFJl_jvbEZhpgyDABXDlr',$,$,$,(#12787),#12788);
#12790=IFCCARTESIANPOINT((4.2174773216247559,6.4999322891235352,0.));
#12791=IFCDIRECTION((0.,0.,1.));
#12792=IFCDIRECTION((1.,0.,0.));
#12793=IFCAXIS2PLACEMENT3D(#12790,#12791,#12792);
#12794=IFCLOCALPLACEMENT(#79,#12793);
#12795=IFCCARTESIANPOINTLIST3D(((0.,0.,0.),(0.,0.,3.)));
#12796=IFCINDEXEDPOLYCURVE(#12795,$,.F.);
#12797=IFCSHAPEREPRESENTATION(#12,'Axis','Curve3D',(#12796));
#12798=IFCPRODUCTDEFINITIONSHAPE($,$,(#12797,#12805));
#12799=IFCCARTESIANPOINT((0.,0.,0.));
#12800=IFCDIRECTION((0.,0.,1.));
#12801=IFCDIRECTION((1.,0.,0.));
#12802=IFCAXIS2PLACEMENT3D(#12799,#12800,#12801);
#12803=IFCDIRECTION((0.,0.,1.));
#12804=IFCEXTRUDEDAREASOLID(#12663,#12802,#12803,3.);
#12805=IFCSHAPEREPRESENTATION(#11,'Body','SweptSolid',(#12804));
#12806=IFCPROPERTYSET('0Z9gA9g790NfaoACDKeQQR',$,'EPset_Parametric',$,(#12808));
#12807=IFCRELDEFINESBYPROPERTIES('3c$racdB590uT1Toyw_Dfo',$,$,$,(#12787),#12806);
#12808=IFCPROPERTYSINGLEVALUE('Engine',$,IFCLABEL('Bonsai.DumbProfile'),$);
#12809=IFCCOLUMN('3aNruHmZf3c9OY0Z8dbNtE',$,'Column',$,$,#12928,#12820,$,$);
#12810=IFCMATERIALPROFILESETUSAGE(#12664,5,$);
#12811=IFCRELASSOCIATESMATERIAL('0fctrbLv99pOtN0bFsgAvg',$,$,$,(#12809),#12810);
#12817=IFCCARTESIANPOINTLIST3D(((0.,0.,0.),(0.,0.,3.)));
#12818=IFCINDEXEDPOLYCURVE(#12817,$,.F.);
#12819=IFCSHAPEREPRESENTATION(#12,'Axis','Curve3D',(#12818));
#12820=IFCPRODUCTDEFINITIONSHAPE($,$,(#12819,#12827));
#12821=IFCCARTESIANPOINT((0.,0.,0.));
#12822=IFCDIRECTION((0.,0.,1.));
#12823=IFCDIRECTION((1.,0.,0.));
#12824=IFCAXIS2PLACEMENT3D(#12821,#12822,#12823);
#12825=IFCDIRECTION((0.,0.,1.));
#12826=IFCEXTRUDEDAREASOLID(#12663,#12824,#12825,3.);
#12827=IFCSHAPEREPRESENTATION(#11,'Body','SweptSolid',(#12826));
#12828=IFCPROPERTYSET('3wBQPzEdDB3ByHjR9jBvYd',$,'EPset_Parametric',$,(#12830));
#12829=IFCRELDEFINESBYPROPERTIES('0ockwv2zDF_RcE8RVCry5J',$,$,$,(#12809),#12828);
#12830=IFCPROPERTYSINGLEVALUE('Engine',$,IFCLABEL('Bonsai.DumbProfile'),$);
#12902=IFCCOLUMN('0oMOxeJxb6xBU$T1tfCC7L',$,'Column',$,$,#12903,#12913,$,$);
#12903=IFCLOCALPLACEMENT(#79,#12904);
#12904=IFCAXIS2PLACEMENT3D(#12905,#12906,#12907);
#12905=IFCCARTESIANPOINT((-2.7825212478637695,-0.10006809234619141,0.));
#12906=IFCDIRECTION((0.,0.,1.));
#12907=IFCDIRECTION((1.,0.,0.));
#12908=IFCRELDEFINESBYPROPERTIES('2vqYYhVk94oQOiSadCx_WX',$,$,$,(#12902),#12909);
#12909=IFCPROPERTYSET('38IjNFqfbBUR2zLI3NKKsq',$,'EPset_Parametric',$,(#12910));
#12910=IFCPROPERTYSINGLEVALUE('Engine',$,IFCLABEL('Bonsai.DumbProfile'),$);
#12911=IFCRELASSOCIATESMATERIAL('2_4it8KXn1pfi5$CWJ9YBW',$,$,$,(#12902),#12912);
#12912=IFCMATERIALPROFILESETUSAGE(#12664,5,$);
#12913=IFCPRODUCTDEFINITIONSHAPE($,$,(#12914,#12917));
#12914=IFCSHAPEREPRESENTATION(#12,'Axis','Curve3D',(#12915));
#12915=IFCINDEXEDPOLYCURVE(#12916,$,.F.);
#12916=IFCCARTESIANPOINTLIST3D(((0.,0.,0.),(0.,0.,3.)));
#12917=IFCSHAPEREPRESENTATION(#11,'Body','SweptSolid',(#12918));
#12918=IFCEXTRUDEDAREASOLID(#12663,#12919,#12923,3.);
#12919=IFCAXIS2PLACEMENT3D(#12920,#12921,#12922);
#12920=IFCCARTESIANPOINT((0.,0.,0.));
#12921=IFCDIRECTION((0.,0.,1.));
#12922=IFCDIRECTION((1.,0.,0.));
#12923=IFCDIRECTION((0.,0.,1.));
#12924=IFCCARTESIANPOINT((-2.7825222015380859,2.6499314308166504,0.));
#12925=IFCDIRECTION((0.,0.,1.));
#12926=IFCDIRECTION((1.,0.,0.));
#12927=IFCAXIS2PLACEMENT3D(#12924,#12925,#12926);
#12928=IFCLOCALPLACEMENT(#79,#12927);
#12929=IFCCOLUMN('2A7JG5GH5BGxam1W73ref9',$,'Column',$,$,#12930,#12940,$,$);
#12930=IFCLOCALPLACEMENT(#79,#12931);
#12931=IFCAXIS2PLACEMENT3D(#12932,#12933,#12934);
#12932=IFCCARTESIANPOINT((-2.7825222015380859,2.6499314308166504,0.));
#12933=IFCDIRECTION((0.,0.,1.));
#12934=IFCDIRECTION((1.,0.,0.));
#12935=IFCRELDEFINESBYPROPERTIES('0q5L6LKxrEZQEcQtGyqOSH',$,$,$,(#12929),#12936);
#12936=IFCPROPERTYSET('3dRXwo1oD6JfP8vTWk6S2k',$,'EPset_Parametric',$,(#12937));
#12937=IFCPROPERTYSINGLEVALUE('Engine',$,IFCLABEL('Bonsai.DumbProfile'),$);
#12938=IFCRELASSOCIATESMATERIAL('3dg3qDqGz8kPSYjBXct5WF',$,$,$,(#12929),#12939);
#12939=IFCMATERIALPROFILESETUSAGE(#12664,5,$);
#12940=IFCPRODUCTDEFINITIONSHAPE($,$,(#12941,#12944));
#12941=IFCSHAPEREPRESENTATION(#12,'Axis','Curve3D',(#12942));
#12942=IFCINDEXEDPOLYCURVE(#12943,$,.F.);
#12943=IFCCARTESIANPOINTLIST3D(((0.,0.,0.),(0.,0.,3.)));
#12944=IFCSHAPEREPRESENTATION(#11,'Body','SweptSolid',(#12945));
#12945=IFCEXTRUDEDAREASOLID(#12663,#12946,#12950,3.);
#12946=IFCAXIS2PLACEMENT3D(#12947,#12948,#12949);
#12947=IFCCARTESIANPOINT((0.,0.,0.));
#12948=IFCDIRECTION((0.,0.,1.));
#12949=IFCDIRECTION((1.,0.,0.));
#12950=IFCDIRECTION((0.,0.,1.));
#12951=IFCCOLUMN('2w7FBr$eDEHfsDnX_H6dPd',$,'Column',$,$,#12952,#12962,$,$);
#12952=IFCLOCALPLACEMENT(#79,#12953);
#12953=IFCAXIS2PLACEMENT3D(#12954,#12955,#12956);
#12954=IFCCARTESIANPOINT((-2.7825222015380859,5.0499329566955566,0.));
#12955=IFCDIRECTION((0.,0.,1.));
#12956=IFCDIRECTION((1.,0.,0.));
#12957=IFCRELDEFINESBYPROPERTIES('3GxK$XMhzFKxetsbo69BFw',$,$,$,(#12951),#12958);
#12958=IFCPROPERTYSET('3TkSvokLv1NeY3XIOTLPVd',$,'EPset_Parametric',$,(#12959));
#12959=IFCPROPERTYSINGLEVALUE('Engine',$,IFCLABEL('Bonsai.DumbProfile'),$);
#12960=IFCRELASSOCIATESMATERIAL('17WrKDSf9CXPYqcI0IVNnr',$,$,$,(#12951),#12961);
#12961=IFCMATERIALPROFILESETUSAGE(#12664,5,$);
#12962=IFCPRODUCTDEFINITIONSHAPE($,$,(#12963,#12966));
#12963=IFCSHAPEREPRESENTATION(#12,'Axis','Curve3D',(#12964));
#12964=IFCINDEXEDPOLYCURVE(#12965,$,.F.);
#12965=IFCCARTESIANPOINTLIST3D(((0.,0.,0.),(0.,0.,3.)));
#12966=IFCSHAPEREPRESENTATION(#11,'Body','SweptSolid',(#12967));
#12967=IFCEXTRUDEDAREASOLID(#12663,#12968,#12972,3.);
#12968=IFCAXIS2PLACEMENT3D(#12969,#12970,#12971);
#12969=IFCCARTESIANPOINT((0.,0.,0.));
#12970=IFCDIRECTION((0.,0.,1.));
#12971=IFCDIRECTION((1.,0.,0.));
#12972=IFCDIRECTION((0.,0.,1.));
#12973=IFCCOLUMN('2ni5MlQqHAFO7mRxfJMnMk',$,'Column',$,$,#12974,#12984,$,$);
#12974=IFCLOCALPLACEMENT(#79,#12975);
#12975=IFCAXIS2PLACEMENT3D(#12976,#12977,#12978);
#12976=IFCCARTESIANPOINT((-2.7825212478637695,-0.10006809234619141,0.));
#12977=IFCDIRECTION((0.,0.,1.));
#12978=IFCDIRECTION((1.,0.,0.));
#12979=IFCRELDEFINESBYPROPERTIES('17YjRkfkvC$fTHN7XAR$Ed',$,$,$,(#12973),#12980);
#12980=IFCPROPERTYSET('1wm_FJMJj2m8xrRbD0pTz8',$,'EPset_Parametric',$,(#12981));
#12981=IFCPROPERTYSINGLEVALUE('Engine',$,IFCLABEL('Bonsai.DumbProfile'),$);
#12982=IFCRELASSOCIATESMATERIAL('06E7EOY7D8cuaNIZnwDYnk',$,$,$,(#12973),#12983);
#12983=IFCMATERIALPROFILESETUSAGE(#12664,5,$);
#12984=IFCPRODUCTDEFINITIONSHAPE($,$,(#12985,#12988));
#12985=IFCSHAPEREPRESENTATION(#12,'Axis','Curve3D',(#12986));
#12986=IFCINDEXEDPOLYCURVE(#12987,$,.F.);
#12987=IFCCARTESIANPOINTLIST3D(((0.,0.,0.),(0.,0.,3.)));
#12988=IFCSHAPEREPRESENTATION(#11,'Body','SweptSolid',(#12989));
#12989=IFCEXTRUDEDAREASOLID(#12663,#12990,#12994,3.);
#12990=IFCAXIS2PLACEMENT3D(#12991,#12992,#12993);
#12991=IFCCARTESIANPOINT((0.,0.,0.));
#12992=IFCDIRECTION((0.,0.,1.));
#12993=IFCDIRECTION((1.,0.,0.));
#12994=IFCDIRECTION((0.,0.,1.));
#12995=IFCCOLUMN('1q9EJgAu5CFwbJMLmmNMWp',$,'Column',$,$,#12996,#13006,$,$);
#12996=IFCLOCALPLACEMENT(#79,#12997);
#12997=IFCAXIS2PLACEMENT3D(#12998,#12999,#13000);
#12998=IFCCARTESIANPOINT((-2.7825222015380859,2.6499314308166504,0.));
#12999=IFCDIRECTION((0.,0.,1.));
#13000=IFCDIRECTION((1.,0.,0.));
#13001=IFCRELDEFINESBYPROPERTIES('2Ow98SFP50whbJ7RjHmPM1',$,$,$,(#12995),#13002);
#13002=IFCPROPERTYSET('0PCn_bSMz3S96XYdVY039m',$,'EPset_Parametric',$,(#13003));
#13003=IFCPROPERTYSINGLEVALUE('Engine',$,IFCLABEL('Bonsai.DumbProfile'),$);
#13004=IFCRELASSOCIATESMATERIAL('1EDTAvu114redVMNURQWDa',$,$,$,(#12995),#13005);
#13005=IFCMATERIALPROFILESETUSAGE(#12664,5,$);
#13006=IFCPRODUCTDEFINITIONSHAPE($,$,(#13007,#13010));
#13007=IFCSHAPEREPRESENTATION(#12,'Axis','Curve3D',(#13008));
#13008=IFCINDEXEDPOLYCURVE(#13009,$,.F.);
#13009=IFCCARTESIANPOINTLIST3D(((0.,0.,0.),(0.,0.,3.)));
#13010=IFCSHAPEREPRESENTATION(#11,'Body','SweptSolid',(#13011));
#13011=IFCEXTRUDEDAREASOLID(#12663,#13012,#13016,3.);
#13012=IFCAXIS2PLACEMENT3D(#13013,#13014,#13015);
#13013=IFCCARTESIANPOINT((0.,0.,0.));
#13014=IFCDIRECTION((0.,0.,1.));
#13015=IFCDIRECTION((1.,0.,0.));
#13016=IFCDIRECTION((0.,0.,1.));
#13017=IFCCOLUMN('1Hlf0CP3T4hRDZ_zY0gix0',$,'Column',$,$,#13018,#13028,$,$);
#13018=IFCLOCALPLACEMENT(#79,#13019);
#13019=IFCAXIS2PLACEMENT3D(#13020,#13021,#13022);
#13020=IFCCARTESIANPOINT((-2.7825222015380859,5.0499329566955566,0.));
#13021=IFCDIRECTION((0.,0.,1.));
#13022=IFCDIRECTION((1.,0.,0.));
#13023=IFCRELDEFINESBYPROPERTIES('3E0mVQ$8575fb_LyE61DX$',$,$,$,(#13017),#13024);
#13024=IFCPROPERTYSET('0dp99mQxb3tAao6Ss8g8yH',$,'EPset_Parametric',$,(#13025));
#13025=IFCPROPERTYSINGLEVALUE('Engine',$,IFCLABEL('Bonsai.DumbProfile'),$);
#13026=IFCRELASSOCIATESMATERIAL('1bh2oetZ58BxGXNtbtQVQr',$,$,$,(#13017),#13027);
#13027=IFCMATERIALPROFILESETUSAGE(#12664,5,$);
#13028=IFCPRODUCTDEFINITIONSHAPE($,$,(#13029,#13032));
#13029=IFCSHAPEREPRESENTATION(#12,'Axis','Curve3D',(#13030));
#13030=IFCINDEXEDPOLYCURVE(#13031,$,.F.);
#13031=IFCCARTESIANPOINTLIST3D(((0.,0.,0.),(0.,0.,3.)));
#13032=IFCSHAPEREPRESENTATION(#11,'Body','SweptSolid',(#13033));
#13033=IFCEXTRUDEDAREASOLID(#12663,#13034,#13038,3.);
#13034=IFCAXIS2PLACEMENT3D(#13035,#13036,#13037);
#13035=IFCCARTESIANPOINT((0.,0.,0.));
#13036=IFCDIRECTION((0.,0.,1.));
#13037=IFCDIRECTION((1.,0.,0.));
#13038=IFCDIRECTION((0.,0.,1.));
#13039=IFCCOLUMN('2fsz2Z2tnB8hIA2Y5rezKb',$,'Column',$,$,#14722,#13050,$,$);
#13045=IFCRELDEFINESBYPROPERTIES('081XMnPtPFaRemWui2GLZB',$,$,$,(#13039),#13046);
#13046=IFCPROPERTYSET('3gcGIIiGz9sBahAh$eKX2S',$,'EPset_Parametric',$,(#13047));
#13047=IFCPROPERTYSINGLEVALUE('Engine',$,IFCLABEL('Bonsai.DumbProfile'),$);
#13048=IFCRELASSOCIATESMATERIAL('28unSupdP3lBWSm4lIpec6',$,$,$,(#13039),#13049);
#13049=IFCMATERIALPROFILESETUSAGE(#12664,5,$);
#13050=IFCPRODUCTDEFINITIONSHAPE($,$,(#13051,#13054));
#13051=IFCSHAPEREPRESENTATION(#12,'Axis','Curve3D',(#13052));
#13052=IFCINDEXEDPOLYCURVE(#13053,$,.F.);
#13053=IFCCARTESIANPOINTLIST3D(((0.,0.,0.),(0.,0.,3.)));
#13054=IFCSHAPEREPRESENTATION(#11,'Body','SweptSolid',(#13055));
#13055=IFCEXTRUDEDAREASOLID(#12663,#13056,#13060,3.);
#13056=IFCAXIS2PLACEMENT3D(#13057,#13058,#13059);
#13057=IFCCARTESIANPOINT((0.,0.,0.));
#13058=IFCDIRECTION((0.,0.,1.));
#13059=IFCDIRECTION((1.,0.,0.));
#13060=IFCDIRECTION((0.,0.,1.));
#13061=IFCCOLUMN('3iZlyAp4DFJRJByOGq5GIl',$,'Column',$,$,#14727,#13072,$,$);
#13067=IFCRELDEFINESBYPROPERTIES('1Y93KBqUbBPQXVBnC69NPJ',$,$,$,(#13061),#13068);
#13068=IFCPROPERTYSET('2GKctVxlD3BA1wb2uNIj6Q',$,'EPset_Parametric',$,(#13069));
#13069=IFCPROPERTYSINGLEVALUE('Engine',$,IFCLABEL('Bonsai.DumbProfile'),$);
#13070=IFCRELASSOCIATESMATERIAL('3uT0YESz1AcxOgzFem5$z$',$,$,$,(#13061),#13071);
#13071=IFCMATERIALPROFILESETUSAGE(#12664,5,$);
#13072=IFCPRODUCTDEFINITIONSHAPE($,$,(#13073,#13076));
#13073=IFCSHAPEREPRESENTATION(#12,'Axis','Curve3D',(#13074));
#13074=IFCINDEXEDPOLYCURVE(#13075,$,.F.);
#13075=IFCCARTESIANPOINTLIST3D(((0.,0.,0.),(0.,0.,3.)));
#13076=IFCSHAPEREPRESENTATION(#11,'Body','SweptSolid',(#13077));
#13077=IFCEXTRUDEDAREASOLID(#12663,#13078,#13082,3.);
#13078=IFCAXIS2PLACEMENT3D(#13079,#13080,#13081);
#13079=IFCCARTESIANPOINT((0.,0.,0.));
#13080=IFCDIRECTION((0.,0.,1.));
#13081=IFCDIRECTION((1.,0.,0.));
#13082=IFCDIRECTION((0.,0.,1.));
#13083=IFCCOLUMN('0rWRWglQ93mRmP7sqmG_Hu',$,'Column',$,$,#14732,#13094,$,$);
#13089=IFCRELDEFINESBYPROPERTIES('1f3Lkuoef7CPmD7C7T$GwL',$,$,$,(#13083),#13090);
#13090=IFCPROPERTYSET('0vQqV4Ug99luGmwHePX70F',$,'EPset_Parametric',$,(#13091));
#13091=IFCPROPERTYSINGLEVALUE('Engine',$,IFCLABEL('Bonsai.DumbProfile'),$);
#13092=IFCRELASSOCIATESMATERIAL('3NYMxXbJzDUf09iIDgpE01',$,$,$,(#13083),#13093);
#13093=IFCMATERIALPROFILESETUSAGE(#12664,5,$);
#13094=IFCPRODUCTDEFINITIONSHAPE($,$,(#13095,#13098));
#13095=IFCSHAPEREPRESENTATION(#12,'Axis','Curve3D',(#13096));
#13096=IFCINDEXEDPOLYCURVE(#13097,$,.F.);
#13097=IFCCARTESIANPOINTLIST3D(((0.,0.,0.),(0.,0.,3.)));
#13098=IFCSHAPEREPRESENTATION(#11,'Body','SweptSolid',(#13099));
#13099=IFCEXTRUDEDAREASOLID(#12663,#13100,#13104,3.);
#13100=IFCAXIS2PLACEMENT3D(#13101,#13102,#13103);
#13101=IFCCARTESIANPOINT((0.,0.,0.));
#13102=IFCDIRECTION((0.,0.,1.));
#13103=IFCDIRECTION((1.,0.,0.));
#13104=IFCDIRECTION((0.,0.,1.));
#13105=IFCCOLUMN('2pLBvJPhb3ZO$0i3kUUWwy',$,'Column',$,$,#13106,#13116,$,$);
#13106=IFCLOCALPLACEMENT(#79,#13107);
#13107=IFCAXIS2PLACEMENT3D(#13108,#13109,#13110);
#13108=IFCCARTESIANPOINT((0.21747817099094391,-2.6000680923461914,0.));
#13109=IFCDIRECTION((0.,0.,1.));
#13110=IFCDIRECTION((1.,0.,0.));
#13111=IFCRELASSOCIATESMATERIAL('0iowqRz$r2quU2tuoNd$b8',$,$,$,(#13105),#13112);
#13112=IFCMATERIALPROFILESETUSAGE(#12664,5,$);
#13113=IFCRELDEFINESBYPROPERTIES('3GFhSQXMDD4R21l7_rCwbL',$,$,$,(#13105),#13114);
#13114=IFCPROPERTYSET('1GFpcX$cD2EPqP_0P6eZHf',$,'EPset_Parametric',$,(#13115));
#13115=IFCPROPERTYSINGLEVALUE('Engine',$,IFCLABEL('Bonsai.DumbProfile'),$);
#13116=IFCPRODUCTDEFINITIONSHAPE($,$,(#13117,#13120));
#13117=IFCSHAPEREPRESENTATION(#12,'Axis','Curve3D',(#13118));
#13118=IFCINDEXEDPOLYCURVE(#13119,$,.F.);
#13119=IFCCARTESIANPOINTLIST3D(((0.,0.,0.),(0.,0.,3.)));
#13120=IFCSHAPEREPRESENTATION(#11,'Body','SweptSolid',(#13121));
#13121=IFCEXTRUDEDAREASOLID(#12663,#13122,#13126,3.);
#13122=IFCAXIS2PLACEMENT3D(#13123,#13124,#13125);
#13123=IFCCARTESIANPOINT((0.,0.,0.));
#13124=IFCDIRECTION((0.,0.,1.));
#13125=IFCDIRECTION((1.,0.,0.));
#13126=IFCDIRECTION((0.,0.,1.));
#13127=IFCCOLUMN('0ofXy8G0z7nu7pdDVkOVjY',$,'Column',$,$,#13153,#13138,$,$);
#13133=IFCRELASSOCIATESMATERIAL('1He8ej8WD7UwmVFbT3xCiT',$,$,$,(#13127),#13134);
#13134=IFCMATERIALPROFILESETUSAGE(#12664,5,$);
#13135=IFCRELDEFINESBYPROPERTIES('1LgHp_XpX3Eg0_i5cuWJa0',$,$,$,(#13127),#13136);
#13136=IFCPROPERTYSET('2v3Rfmc7DCLgPbc273nXW7',$,'EPset_Parametric',$,(#13137));
#13137=IFCPROPERTYSINGLEVALUE('Engine',$,IFCLABEL('Bonsai.DumbProfile'),$);
#13138=IFCPRODUCTDEFINITIONSHAPE($,$,(#13139,#13142));
#13139=IFCSHAPEREPRESENTATION(#12,'Axis','Curve3D',(#13140));
#13140=IFCINDEXEDPOLYCURVE(#13141,$,.F.);
#13141=IFCCARTESIANPOINTLIST3D(((0.,0.,0.),(0.,0.,3.)));
#13142=IFCSHAPEREPRESENTATION(#11,'Body','SweptSolid',(#13143));
#13143=IFCEXTRUDEDAREASOLID(#12663,#13144,#13148,3.);
#13144=IFCAXIS2PLACEMENT3D(#13145,#13146,#13147);
#13145=IFCCARTESIANPOINT((0.,0.,0.));
#13146=IFCDIRECTION((0.,0.,1.));
#13147=IFCDIRECTION((1.,0.,0.));
#13148=IFCDIRECTION((0.,0.,1.));
#13149=IFCCARTESIANPOINT((0.21747817099094391,-0.10006809234619141,0.));
#13150=IFCDIRECTION((0.,0.,1.));
#13151=IFCDIRECTION((1.,0.,0.));
#13152=IFCAXIS2PLACEMENT3D(#13149,#13150,#13151);
#13153=IFCLOCALPLACEMENT(#79,#13152);
#13154=IFCCOLUMN('3peJewbjP7A8DN1Dk6tsq1',$,'Column',$,$,#13155,#13165,$,$);
#13155=IFCLOCALPLACEMENT(#79,#13156);
#13156=IFCAXIS2PLACEMENT3D(#13157,#13158,#13159);
#13157=IFCCARTESIANPOINT((0.21747817099094391,-0.10006809234619141,0.));
#13158=IFCDIRECTION((0.,0.,1.));
#13159=IFCDIRECTION((1.,0.,0.));
#13160=IFCRELDEFINESBYPROPERTIES('2WYMQ3vgLC_BiKcISbJ1mo',$,$,$,(#13154),#13161);
#13161=IFCPROPERTYSET('3TErE5GDH4S958qXdZ$5SB',$,'EPset_Parametric',$,(#13162));
#13162=IFCPROPERTYSINGLEVALUE('Engine',$,IFCLABEL('Bonsai.DumbProfile'),$);
#13163=IFCRELASSOCIATESMATERIAL('0spfrBua515Bbf6R0dTiZx',$,$,$,(#13154),#13164);
#13164=IFCMATERIALPROFILESETUSAGE(#12664,5,$);
#13165=IFCPRODUCTDEFINITIONSHAPE($,$,(#13166,#13169));
#13166=IFCSHAPEREPRESENTATION(#12,'Axis','Curve3D',(#13167));
#13167=IFCINDEXEDPOLYCURVE(#13168,$,.F.);
#13168=IFCCARTESIANPOINTLIST3D(((0.,0.,0.),(0.,0.,3.)));
#13169=IFCSHAPEREPRESENTATION(#11,'Body','SweptSolid',(#13170));
#13170=IFCEXTRUDEDAREASOLID(#12663,#13171,#13175,3.);
#13171=IFCAXIS2PLACEMENT3D(#13172,#13173,#13174);
#13172=IFCCARTESIANPOINT((0.,0.,0.));
#13173=IFCDIRECTION((0.,0.,1.));
#13174=IFCDIRECTION((1.,0.,0.));
#13175=IFCDIRECTION((0.,0.,1.));
#13176=IFCCOLUMN('1acbE3t71AkQACsEHSbc8D',$,'Column',$,$,#13202,#13187,$,$);
#13182=IFCRELDEFINESBYPROPERTIES('2N3eNfreL4KOi4Nmaj2Sdr',$,$,$,(#13176),#13183);
#13183=IFCPROPERTYSET('2nrsK_5R53fA7qjIggEJgG',$,'EPset_Parametric',$,(#13184));
#13184=IFCPROPERTYSINGLEVALUE('Engine',$,IFCLABEL('Bonsai.DumbProfile'),$);
#13185=IFCRELASSOCIATESMATERIAL('0ZspwS$mXBJwaJ6rnnfZia',$,$,$,(#13176),#13186);
#13186=IFCMATERIALPROFILESETUSAGE(#12664,5,$);
#13187=IFCPRODUCTDEFINITIONSHAPE($,$,(#13188,#13191));
#13188=IFCSHAPEREPRESENTATION(#12,'Axis','Curve3D',(#13189));
#13189=IFCINDEXEDPOLYCURVE(#13190,$,.F.);
#13190=IFCCARTESIANPOINTLIST3D(((0.,0.,0.),(0.,0.,3.)));
#13191=IFCSHAPEREPRESENTATION(#11,'Body','SweptSolid',(#13192));
#13192=IFCEXTRUDEDAREASOLID(#12663,#13193,#13197,3.);
#13193=IFCAXIS2PLACEMENT3D(#13194,#13195,#13196);
#13194=IFCCARTESIANPOINT((0.,0.,0.));
#13195=IFCDIRECTION((0.,0.,1.));
#13196=IFCDIRECTION((1.,0.,0.));
#13197=IFCDIRECTION((0.,0.,1.));
#13198=IFCCARTESIANPOINT((0.21747817099094391,5.0499329566955566,0.));
#13199=IFCDIRECTION((0.,0.,1.));
#13200=IFCDIRECTION((1.,0.,0.));
#13201=IFCAXIS2PLACEMENT3D(#13198,#13199,#13200);
#13202=IFCLOCALPLACEMENT(#79,#13201);
#13203=IFCCOLUMN('0xFIxDiWb30PzGPUsPIKlS',$,'Column',$,$,#14737,#13214,$,$);
#13209=IFCRELDEFINESBYPROPERTIES('04iFPk2Zf6juhjlFGVdvLB',$,$,$,(#13203),#13210);
#13210=IFCPROPERTYSET('1JRCwst2P5EfuHxbdUkgti',$,'EPset_Parametric',$,(#13211));
#13211=IFCPROPERTYSINGLEVALUE('Engine',$,IFCLABEL('Bonsai.DumbProfile'),$);
#13212=IFCRELASSOCIATESMATERIAL('38tCPanBL0guglNEX6n_qs',$,$,$,(#13203),#13213);
#13213=IFCMATERIALPROFILESETUSAGE(#12664,5,$);
#13214=IFCPRODUCTDEFINITIONSHAPE($,$,(#13215,#13218));
#13215=IFCSHAPEREPRESENTATION(#12,'Axis','Curve3D',(#13216));
#13216=IFCINDEXEDPOLYCURVE(#13217,$,.F.);
#13217=IFCCARTESIANPOINTLIST3D(((0.,0.,0.),(0.,0.,3.)));
#13218=IFCSHAPEREPRESENTATION(#11,'Body','SweptSolid',(#13219));
#13219=IFCEXTRUDEDAREASOLID(#12663,#13220,#13224,3.);
#13220=IFCAXIS2PLACEMENT3D(#13221,#13222,#13223);
#13221=IFCCARTESIANPOINT((0.,0.,0.));
#13222=IFCDIRECTION((0.,0.,1.));
#13223=IFCDIRECTION((1.,0.,0.));
#13224=IFCDIRECTION((0.,0.,1.));
#13225=IFCMATERIALLAYER(#81,0.10000000000000001,$,$,$,$,$);
#13473=IFCCARTESIANPOINT((0.34348252593529649,5.5110582774989876,0.));
#13474=IFCDIRECTION((0.,0.,1.));
#13475=IFCDIRECTION((-0.99999999999992428,3.8941436741876494E-07,0.));
#13476=IFCAXIS2PLACEMENT3D(#13473,#13474,#13475);
#13477=IFCLOCALPLACEMENT(#4863,#13476);
#13478=IFCCARTESIANPOINT((0.60483363448648242,-2.943431534063734E-07,1.));
#13479=IFCDIRECTION((0.,0.,1.));
#13480=IFCDIRECTION((0.99999999999997158,-2.3841857910149749E-07,0.));
#13481=IFCAXIS2PLACEMENT3D(#13478,#13479,#13480);
#13482=IFCLOCALPLACEMENT(#13477,#13481);
#14329=IFCCARTESIANPOINTLIST2D(((0.,0.),(0.,0.10000000000000001),(6.9499995611223646,0.10000000000000001),(7.0499995416516477,0.)));
#14330=IFCINDEXEDPOLYCURVE(#14329,(IFCLINEINDEX((1,2,3,4,1))),$);
#14331=IFCARBITRARYCLOSEDPROFILEDEF(.AREA.,$,#14330);
#14332=IFCCARTESIANPOINT((0.,0.,0.));
#14333=IFCDIRECTION((0.,0.,1.));
#14334=IFCDIRECTION((1.,0.,0.));
#14335=IFCAXIS2PLACEMENT3D(#14332,#14333,#14334);
#14336=IFCDIRECTION((0.,0.,1.));
#14337=IFCEXTRUDEDAREASOLID(#14331,#14335,#14336,3.);
#14338=IFCSHAPEREPRESENTATION(#11,'Body','SweptSolid',(#14337));
#14339=IFCCARTESIANPOINTLIST2D(((0.,0.),(7.0499995416516477,0.)));
#14340=IFCINDEXEDPOLYCURVE(#14339,$,$);
#14341=IFCSHAPEREPRESENTATION(#23,'Axis','Curve2D',(#14340));
#14342=IFCCARTESIANPOINTLIST2D(((0.,0.),(0.099999992450210157,0.10000000000000001),(9.5199989330773018,0.10000000000000001),(9.6199989318848136,0.)));
#14343=IFCINDEXEDPOLYCURVE(#14342,(IFCLINEINDEX((1,2,3,4,1))),$);
#14344=IFCARBITRARYCLOSEDPROFILEDEF(.AREA.,$,#14343);
#14345=IFCCARTESIANPOINT((0.,0.,0.));
#14346=IFCDIRECTION((0.,0.,1.));
#14347=IFCDIRECTION((1.,0.,0.));
#14348=IFCAXIS2PLACEMENT3D(#14345,#14346,#14347);
#14349=IFCDIRECTION((0.,0.,1.));
#14350=IFCEXTRUDEDAREASOLID(#14344,#14348,#14349,3.);
#14351=IFCSHAPEREPRESENTATION(#11,'Body','SweptSolid',(#14350));
#14352=IFCCARTESIANPOINTLIST2D(((0.,0.),(9.6199989318848136,0.)));
#14353=IFCINDEXEDPOLYCURVE(#14352,$,$);
#14354=IFCSHAPEREPRESENTATION(#23,'Axis','Curve2D',(#14353));
#14355=IFCCARTESIANPOINTLIST2D(((0.,0.),(0.099999992450210171,0.10000000000000001),(3.1000000923940889,0.10000000000000001),(3.0000000880229498,0.)));
#14356=IFCINDEXEDPOLYCURVE(#14355,(IFCLINEINDEX((1,2,3,4,1))),$);
#14357=IFCARBITRARYCLOSEDPROFILEDEF(.AREA.,$,#14356);
#14358=IFCCARTESIANPOINT((0.,0.,0.));
#14359=IFCDIRECTION((0.,0.,1.));
#14360=IFCDIRECTION((1.,0.,0.));
#14361=IFCAXIS2PLACEMENT3D(#14358,#14359,#14360);
#14362=IFCDIRECTION((0.,0.,1.));
#14363=IFCEXTRUDEDAREASOLID(#14357,#14361,#14362,3.);
#14364=IFCSHAPEREPRESENTATION(#11,'Body','SweptSolid',(#14363));
#14365=IFCCARTESIANPOINTLIST2D(((0.,0.),(3.0000000880229498,0.)));
#14366=IFCINDEXEDPOLYCURVE(#14365,$,$);
#14367=IFCSHAPEREPRESENTATION(#23,'Axis','Curve2D',(#14366));
#14368=IFCCARTESIANPOINTLIST2D(((0.,0.),(0.10000002264937295,0.10000000000000001),(3.0000004973009511,0.10000000000000001),(3.000000489751161,0.)));
#14369=IFCINDEXEDPOLYCURVE(#14368,(IFCLINEINDEX((1,2,3,4,1))),$);
#14370=IFCARBITRARYCLOSEDPROFILEDEF(.AREA.,$,#14369);
#14371=IFCCARTESIANPOINT((0.,0.,0.));
#14372=IFCDIRECTION((0.,0.,1.));
#14373=IFCDIRECTION((1.,0.,0.));
#14374=IFCAXIS2PLACEMENT3D(#14371,#14372,#14373);
#14375=IFCDIRECTION((0.,0.,1.));
#14376=IFCEXTRUDEDAREASOLID(#14370,#14374,#14375,3.);
#14377=IFCSHAPEREPRESENTATION(#11,'Body','SweptSolid',(#14376));
#14378=IFCCARTESIANPOINTLIST2D(((0.,0.),(3.1000004897511615,0.)));
#14379=IFCINDEXEDPOLYCURVE(#14378,$,$);
#14380=IFCSHAPEREPRESENTATION(#23,'Axis','Curve2D',(#14379));
#14381=IFCCARTESIANPOINTLIST2D(((0.,0.),(0.10000001629206984,0.10000000000000001),(2.2799987136137974,0.10000000000000001),(2.3799987060640073,0.)));
#14382=IFCINDEXEDPOLYCURVE(#14381,(IFCLINEINDEX((1,2,3,4,1))),$);
#14383=IFCARBITRARYCLOSEDPROFILEDEF(.AREA.,$,#14382);
#14384=IFCCARTESIANPOINT((0.,0.,0.));
#14385=IFCDIRECTION((0.,0.,1.));
#14386=IFCDIRECTION((1.,0.,0.));
#14387=IFCAXIS2PLACEMENT3D(#14384,#14385,#14386);
#14388=IFCDIRECTION((0.,0.,1.));
#14389=IFCEXTRUDEDAREASOLID(#14383,#14387,#14388,3.);
#14390=IFCSHAPEREPRESENTATION(#11,'Body','SweptSolid',(#14389));
#14391=IFCCARTESIANPOINTLIST2D(((0.,0.),(2.3799987060640073,0.)));
#14392=IFCINDEXEDPOLYCURVE(#14391,$,$);
#14393=IFCSHAPEREPRESENTATION(#23,'Axis','Curve2D',(#14392));
#14394=IFCCARTESIANPOINTLIST2D(((0.,0.),(0.099999992450210171,0.10000000000000001),(1.5500002884951649,0.10000000000000001),(1.4500002420039273,0.)));
#14395=IFCINDEXEDPOLYCURVE(#14394,(IFCLINEINDEX((1,2,3,4,1))),$);
#14396=IFCARBITRARYCLOSEDPROFILEDEF(.AREA.,$,#14395);
#14397=IFCCARTESIANPOINT((0.,0.,0.));
#14398=IFCDIRECTION((0.,0.,1.));
#14399=IFCDIRECTION((1.,0.,0.));
#14400=IFCAXIS2PLACEMENT3D(#14397,#14398,#14399);
#14401=IFCDIRECTION((0.,0.,1.));
#14402=IFCEXTRUDEDAREASOLID(#14396,#14400,#14401,3.);
#14403=IFCSHAPEREPRESENTATION(#11,'Body','SweptSolid',(#14402));
#14404=IFCCARTESIANPOINTLIST2D(((0.,0.),(1.4500002420039273,0.)));
#14405=IFCINDEXEDPOLYCURVE(#14404,$,$);
#14406=IFCSHAPEREPRESENTATION(#23,'Axis','Curve2D',(#14405));
#14407=IFCCARTESIANPOINTLIST2D(((0.,0.),(0.09999999880751248,0.10000000000000001),(3.8658417030048784,0.10000000000000001),(3.9658417312178784,0.)));
#14408=IFCINDEXEDPOLYCURVE(#14407,(IFCLINEINDEX((1,2,3,4,1))),$);
#14409=IFCARBITRARYCLOSEDPROFILEDEF(.AREA.,$,#14408);
#14410=IFCCARTESIANPOINT((0.,0.,0.));
#14411=IFCDIRECTION((0.,0.,1.));
#14412=IFCDIRECTION((1.,0.,0.));
#14413=IFCAXIS2PLACEMENT3D(#14410,#14411,#14412);
#14414=IFCDIRECTION((0.,0.,1.));
#14415=IFCEXTRUDEDAREASOLID(#14409,#14413,#14414,3.);
#14416=IFCSHAPEREPRESENTATION(#11,'Body','SweptSolid',(#14415));
#14417=IFCCARTESIANPOINTLIST2D(((0.,0.),(3.9658417312178784,0.)));
#14418=IFCINDEXEDPOLYCURVE(#14417,$,$);
#14419=IFCSHAPEREPRESENTATION(#23,'Axis','Curve2D',(#14418));
#14420=IFCCARTESIANPOINTLIST2D(((0.,0.),(0.,0.10000000000000001),(2.3000004041648361,0.10000000000000001),(2.3000003846941177,0.)));
#14421=IFCINDEXEDPOLYCURVE(#14420,(IFCLINEINDEX((1,2,3,4,1))),$);
#14422=IFCARBITRARYCLOSEDPROFILEDEF(.AREA.,$,#14421);
#14423=IFCCARTESIANPOINT((0.,0.,0.));
#14424=IFCDIRECTION((0.,0.,1.));
#14425=IFCDIRECTION((1.,0.,0.));
#14426=IFCAXIS2PLACEMENT3D(#14423,#14424,#14425);
#14427=IFCDIRECTION((0.,0.,1.));
#14428=IFCEXTRUDEDAREASOLID(#14422,#14426,#14427,3.);
#14429=IFCSHAPEREPRESENTATION(#11,'Body','SweptSolid',(#14428));
#14430=IFCCARTESIANPOINTLIST2D(((0.,0.),(2.4000003846941196,0.)));
#14431=IFCINDEXEDPOLYCURVE(#14430,$,$);
#14432=IFCSHAPEREPRESENTATION(#23,'Axis','Curve2D',(#14431));
#14433=IFCCARTESIANPOINTLIST2D(((0.,0.),(0.10000004649123768,0.10000000000000001),(7.050000992924538,0.10000000000000001),(7.1500009853747484,0.)));
#14434=IFCINDEXEDPOLYCURVE(#14433,(IFCLINEINDEX((1,2,3,4,1))),$);
#14435=IFCARBITRARYCLOSEDPROFILEDEF(.AREA.,$,#14434);
#14436=IFCCARTESIANPOINT((0.,0.,0.));
#14437=IFCDIRECTION((0.,0.,1.));
#14438=IFCDIRECTION((1.,0.,0.));
#14439=IFCAXIS2PLACEMENT3D(#14436,#14437,#14438);
#14440=IFCDIRECTION((0.,0.,1.));
#14441=IFCEXTRUDEDAREASOLID(#14435,#14439,#14440,3.);
#14442=IFCSHAPEREPRESENTATION(#11,'Body','SweptSolid',(#14441));
#14443=IFCCARTESIANPOINTLIST2D(((0.,0.),(7.1500009853747484,0.)));
#14444=IFCINDEXEDPOLYCURVE(#14443,$,$);
#14445=IFCSHAPEREPRESENTATION(#23,'Axis','Curve2D',(#14444));
#14446=IFCCARTESIANPOINTLIST2D(((0.1000000000000003,0.),(0.099999992450210171,0.10000000000000001),(3.546195845282007,0.10000000000000001),(3.5461958258112887,0.)));
#14447=IFCINDEXEDPOLYCURVE(#14446,(IFCLINEINDEX((1,2,3,4,1))),$);
#14448=IFCARBITRARYCLOSEDPROFILEDEF(.AREA.,$,#14447);
#14449=IFCCARTESIANPOINT((0.,0.,0.));
#14450=IFCDIRECTION((0.,0.,1.));
#14451=IFCDIRECTION((1.,0.,0.));
#14452=IFCAXIS2PLACEMENT3D(#14449,#14450,#14451);
#14453=IFCDIRECTION((0.,0.,1.));
#14454=IFCEXTRUDEDAREASOLID(#14448,#14452,#14453,3.);
#14455=IFCSHAPEREPRESENTATION(#11,'Body','SweptSolid',(#14454));
#14456=IFCCARTESIANPOINTLIST2D(((0.,0.),(3.646195825811291,0.)));
#14457=IFCINDEXEDPOLYCURVE(#14456,$,$);
#14458=IFCSHAPEREPRESENTATION(#23,'Axis','Curve2D',(#14457));
#14459=IFCCARTESIANPOINTLIST2D(((0.,0.),(-0.10000005841217217,0.10000000000000001),(1.9700000663458812,0.10000000000000001),(1.9700000858165996,0.)));
#14460=IFCINDEXEDPOLYCURVE(#14459,(IFCLINEINDEX((1,2,3,4,1))),$);
#14461=IFCARBITRARYCLOSEDPROFILEDEF(.AREA.,$,#14460);
#14462=IFCCARTESIANPOINT((0.,0.,0.));
#14463=IFCDIRECTION((0.,0.,1.));
#14464=IFCDIRECTION((1.,0.,0.));
#14465=IFCAXIS2PLACEMENT3D(#14462,#14463,#14464);
#14466=IFCDIRECTION((0.,0.,1.));
#14467=IFCEXTRUDEDAREASOLID(#14461,#14465,#14466,3.);
#14468=IFCSHAPEREPRESENTATION(#11,'Body','SweptSolid',(#14467));
#14469=IFCCARTESIANPOINTLIST2D(((0.,0.),(1.9700000858165996,0.)));
#14470=IFCINDEXEDPOLYCURVE(#14469,$,$);
#14471=IFCSHAPEREPRESENTATION(#23,'Axis','Curve2D',(#14470));
#14472=IFCCARTESIANPOINTLIST2D(((0.,0.),(0.10000004649123768,0.10000000000000001),(5.0500010085009244,0.10000000000000001),(5.1500010009511348,0.)));
#14473=IFCINDEXEDPOLYCURVE(#14472,(IFCLINEINDEX((1,2,3,4,1))),$);
#14474=IFCARBITRARYCLOSEDPROFILEDEF(.AREA.,$,#14473);
#14475=IFCCARTESIANPOINT((0.,0.,0.));
#14476=IFCDIRECTION((0.,0.,1.));
#14477=IFCDIRECTION((1.,0.,0.));
#14478=IFCAXIS2PLACEMENT3D(#14475,#14476,#14477);
#14479=IFCDIRECTION((0.,0.,1.));
#14480=IFCEXTRUDEDAREASOLID(#14474,#14478,#14479,3.);
#14481=IFCSHAPEREPRESENTATION(#11,'Body','SweptSolid',(#14480));
#14482=IFCCARTESIANPOINTLIST2D(((0.,0.),(5.1500010009511348,0.)));
#14483=IFCINDEXEDPOLYCURVE(#14482,$,$);
#14484=IFCSHAPEREPRESENTATION(#23,'Axis','Curve2D',(#14483));
#14485=IFCCARTESIANPOINTLIST2D(((0.10000000000001708,0.),(0.10000005841217219,0.10000000000000001),(1.5999313928791781,0.10000000000000001),(1.4999313344670058,0.)));
#14486=IFCINDEXEDPOLYCURVE(#14485,(IFCLINEINDEX((1,2,3,4,1))),$);
#14487=IFCARBITRARYCLOSEDPROFILEDEF(.AREA.,$,#14486);
#14488=IFCCARTESIANPOINT((0.,0.,0.));
#14489=IFCDIRECTION((0.,0.,1.));
#14490=IFCDIRECTION((1.,0.,0.));
#14491=IFCAXIS2PLACEMENT3D(#14488,#14489,#14490);
#14492=IFCDIRECTION((0.,0.,1.));
#14493=IFCEXTRUDEDAREASOLID(#14487,#14491,#14492,3.);
#14494=IFCSHAPEREPRESENTATION(#11,'Body','SweptSolid',(#14493));
#14495=IFCCARTESIANPOINTLIST2D(((0.,0.),(1.4999313344670058,0.)));
#14496=IFCINDEXEDPOLYCURVE(#14495,$,$);
#14497=IFCSHAPEREPRESENTATION(#23,'Axis','Curve2D',(#14496));
#14498=IFCCARTESIANPOINTLIST2D(((0.,0.),(-0.10000004013393446,0.10000000000000001),(0.79999997893959129,0.10000000000000001),(0.89999999523166108,0.)));
#14499=IFCINDEXEDPOLYCURVE(#14498,(IFCLINEINDEX((1,2,3,4,1))),$);
#14500=IFCARBITRARYCLOSEDPROFILEDEF(.AREA.,$,#14499);
#14501=IFCCARTESIANPOINT((0.,0.,0.));
#14502=IFCDIRECTION((0.,0.,1.));
#14503=IFCDIRECTION((1.,0.,0.));
#14504=IFCAXIS2PLACEMENT3D(#14501,#14502,#14503);
#14505=IFCDIRECTION((0.,0.,1.));
#14506=IFCEXTRUDEDAREASOLID(#14500,#14504,#14505,3.);
#14507=IFCSHAPEREPRESENTATION(#11,'Body','SweptSolid',(#14506));
#14508=IFCCARTESIANPOINTLIST2D(((0.,0.),(0.89999999523166108,0.)));
#14509=IFCINDEXEDPOLYCURVE(#14508,$,$);
#14510=IFCSHAPEREPRESENTATION(#23,'Axis','Curve2D',(#14509));
#14511=IFCCARTESIANPOINTLIST2D(((0.,0.),(-0.10000000437113893,0.10000000000000001),(0.48999964753772762,0.10000000000000001),(0.58999967575072843,0.)));
#14512=IFCINDEXEDPOLYCURVE(#14511,(IFCLINEINDEX((1,2,3,4,1))),$);
#14513=IFCARBITRARYCLOSEDPROFILEDEF(.AREA.,$,#14512);
#14514=IFCCARTESIANPOINT((0.,0.,0.));
#14515=IFCDIRECTION((0.,0.,1.));
#14516=IFCDIRECTION((1.,0.,0.));
#14517=IFCAXIS2PLACEMENT3D(#14514,#14515,#14516);
#14518=IFCDIRECTION((0.,0.,1.));
#14519=IFCEXTRUDEDAREASOLID(#14513,#14517,#14518,3.);
#14520=IFCSHAPEREPRESENTATION(#11,'Body','SweptSolid',(#14519));
#14521=IFCCARTESIANPOINTLIST2D(((0.,0.),(0.58999967575072843,0.)));
#14522=IFCINDEXEDPOLYCURVE(#14521,$,$);
#14523=IFCSHAPEREPRESENTATION(#23,'Axis','Curve2D',(#14522));
#14524=IFCCARTESIANPOINTLIST2D(((0.,0.),(-0.10000004649123767,0.10000000000000001),(3.449999538460204,0.10000000000000001),(3.5499995849514416,0.)));
#14525=IFCINDEXEDPOLYCURVE(#14524,(IFCLINEINDEX((1,2,3,4,1))),$);
#14526=IFCARBITRARYCLOSEDPROFILEDEF(.AREA.,$,#14525);
#14527=IFCCARTESIANPOINT((0.,0.,0.));
#14528=IFCDIRECTION((0.,0.,1.));
#14529=IFCDIRECTION((1.,0.,0.));
#14530=IFCAXIS2PLACEMENT3D(#14527,#14528,#14529);
#14531=IFCDIRECTION((0.,0.,1.));
#14532=IFCEXTRUDEDAREASOLID(#14526,#14530,#14531,3.);
#14533=IFCSHAPEREPRESENTATION(#11,'Body','SweptSolid',(#14532));
#14534=IFCCARTESIANPOINTLIST2D(((0.,0.),(3.5499995849514416,0.)));
#14535=IFCINDEXEDPOLYCURVE(#14534,$,$);
#14536=IFCSHAPEREPRESENTATION(#23,'Axis','Curve2D',(#14535));
#14537=IFCCARTESIANPOINTLIST2D(((0.,0.),(0.10000002264937295,0.10000000000000001),(3.3500002654273144,0.10000000000000001),(3.4500002578775244,0.)));
#14538=IFCINDEXEDPOLYCURVE(#14537,(IFCLINEINDEX((1,2,3,4,1))),$);
#14539=IFCARBITRARYCLOSEDPROFILEDEF(.AREA.,$,#14538);
#14540=IFCCARTESIANPOINT((0.,0.,0.));
#14541=IFCDIRECTION((0.,0.,1.));
#14542=IFCDIRECTION((1.,0.,0.));
#14543=IFCAXIS2PLACEMENT3D(#14540,#14541,#14542);
#14544=IFCDIRECTION((0.,0.,1.));
#14545=IFCEXTRUDEDAREASOLID(#14539,#14543,#14544,3.);
#14546=IFCSHAPEREPRESENTATION(#11,'Body','SweptSolid',(#14545));
#14547=IFCCARTESIANPOINTLIST2D(((0.,0.),(3.4500002578775244,0.)));
#14548=IFCINDEXEDPOLYCURVE(#14547,$,$);
#14549=IFCSHAPEREPRESENTATION(#23,'Axis','Curve2D',(#14548));
#14550=IFCCARTESIANPOINTLIST2D(((0.,0.),(0.,0.10000000000000001),(0.1386613968688474,0.10000000000000001),(0.13866138614040671,0.)));
#14551=IFCINDEXEDPOLYCURVE(#14550,(IFCLINEINDEX((1,2,3,4,1))),$);
#14552=IFCARBITRARYCLOSEDPROFILEDEF(.AREA.,$,#14551);
#14553=IFCCARTESIANPOINT((0.,0.,0.));
#14554=IFCDIRECTION((0.,0.,1.));
#14555=IFCDIRECTION((1.,0.,0.));
#14556=IFCAXIS2PLACEMENT3D(#14553,#14554,#14555);
#14557=IFCDIRECTION((0.,0.,1.));
#14558=IFCEXTRUDEDAREASOLID(#14552,#14556,#14557,3.);
#14559=IFCSHAPEREPRESENTATION(#11,'Body','SweptSolid',(#14558));
#14560=IFCCARTESIANPOINTLIST2D(((0.,0.),(0.13866138614040671,0.)));
#14561=IFCINDEXEDPOLYCURVE(#14560,$,$);
#14562=IFCSHAPEREPRESENTATION(#23,'Axis','Curve2D',(#14561));
#14563=IFCCARTESIANPOINTLIST2D(((0.,0.),(0.099999980529283522,0.10000000000000001),(3.5461965888651785,0.10000000000000001),(3.6461966353564161,0.)));
#14564=IFCINDEXEDPOLYCURVE(#14563,(IFCLINEINDEX((1,2,3,4,1))),$);
#14565=IFCARBITRARYCLOSEDPROFILEDEF(.AREA.,$,#14564);
#14566=IFCCARTESIANPOINT((0.,0.,0.));
#14567=IFCDIRECTION((0.,0.,1.));
#14568=IFCDIRECTION((1.,0.,0.));
#14569=IFCAXIS2PLACEMENT3D(#14566,#14567,#14568);
#14570=IFCDIRECTION((0.,0.,1.));
#14571=IFCEXTRUDEDAREASOLID(#14565,#14569,#14570,3.);
#14572=IFCSHAPEREPRESENTATION(#11,'Body','SweptSolid',(#14571));
#14573=IFCCARTESIANPOINTLIST2D(((0.,0.),(3.6461966353564161,0.)));
#14574=IFCINDEXEDPOLYCURVE(#14573,$,$);
#14575=IFCSHAPEREPRESENTATION(#23,'Axis','Curve2D',(#14574));
#14576=IFCCARTESIANPOINTLIST2D(((0.,0.),(0.099999992450210157,0.10000000000000001),(9.0000003588204098,0.10000000000000001),(9.1000003814697834,0.)));
#14577=IFCINDEXEDPOLYCURVE(#14576,(IFCLINEINDEX((1,2,3,4,1))),$);
#14578=IFCARBITRARYCLOSEDPROFILEDEF(.AREA.,$,#14577);
#14579=IFCCARTESIANPOINT((0.,0.,0.));
#14580=IFCDIRECTION((0.,0.,1.));
#14581=IFCDIRECTION((1.,0.,0.));
#14582=IFCAXIS2PLACEMENT3D(#14579,#14580,#14581);
#14583=IFCDIRECTION((0.,0.,1.));
#14584=IFCEXTRUDEDAREASOLID(#14578,#14582,#14583,3.);
#14585=IFCSHAPEREPRESENTATION(#11,'Body','SweptSolid',(#14584));
#14586=IFCCARTESIANPOINTLIST2D(((0.,0.),(9.1000003814697834,0.)));
#14587=IFCINDEXEDPOLYCURVE(#14586,$,$);
#14588=IFCSHAPEREPRESENTATION(#23,'Axis','Curve2D',(#14587));
#14589=IFCCARTESIANPOINTLIST2D(((0.,0.),(0.10000000437113894,0.10000000000000001),(3.8999986863167959,0.10000000000000001),(3.9999986787670059,0.)));
#14590=IFCINDEXEDPOLYCURVE(#14589,(IFCLINEINDEX((1,2,3,4,1))),$);
#14591=IFCARBITRARYCLOSEDPROFILEDEF(.AREA.,$,#14590);
#14592=IFCCARTESIANPOINT((0.,0.,0.));
#14593=IFCDIRECTION((0.,0.,1.));
#14594=IFCDIRECTION((1.,0.,0.));
#14595=IFCAXIS2PLACEMENT3D(#14592,#14593,#14594);
#14596=IFCDIRECTION((0.,0.,1.));
#14597=IFCEXTRUDEDAREASOLID(#14591,#14595,#14596,3.);
#14598=IFCSHAPEREPRESENTATION(#11,'Body','SweptSolid',(#14597));
#14599=IFCCARTESIANPOINTLIST2D(((0.,0.),(3.9999986787670059,0.)));
#14600=IFCINDEXEDPOLYCURVE(#14599,$,$);
#14601=IFCSHAPEREPRESENTATION(#23,'Axis','Curve2D',(#14600));
#14602=IFCCARTESIANPOINTLIST2D(((0.,0.),(0.,0.10000000000000001),(2.5499999683080734,0.10000000000000001),(2.6499999909574465,0.)));
#14603=IFCINDEXEDPOLYCURVE(#14602,(IFCLINEINDEX((1,2,3,4,1))),$);
#14604=IFCARBITRARYCLOSEDPROFILEDEF(.AREA.,$,#14603);
#14605=IFCCARTESIANPOINT((0.,0.,0.));
#14606=IFCDIRECTION((0.,0.,1.));
#14607=IFCDIRECTION((1.,0.,0.));
#14608=IFCAXIS2PLACEMENT3D(#14605,#14606,#14607);
#14609=IFCDIRECTION((0.,0.,1.));
#14610=IFCEXTRUDEDAREASOLID(#14604,#14608,#14609,3.);
#14611=IFCSHAPEREPRESENTATION(#11,'Body','SweptSolid',(#14610));
#14612=IFCCARTESIANPOINTLIST2D(((0.,0.),(2.6499999909574465,0.)));
#14613=IFCINDEXEDPOLYCURVE(#14612,$,$);
#14614=IFCSHAPEREPRESENTATION(#23,'Axis','Curve2D',(#14613));
#14615=IFCCARTESIANPOINTLIST2D(((0.,0.),(-0.10000000437113893,0.10000000000000001),(2.3999999956288631,0.10000000000000001),(2.5000000000000022,0.)));
#14616=IFCINDEXEDPOLYCURVE(#14615,(IFCLINEINDEX((1,2,3,4,1))),$);
#14617=IFCARBITRARYCLOSEDPROFILEDEF(.AREA.,$,#14616);
#14618=IFCCARTESIANPOINT((0.,0.,0.));
#14619=IFCDIRECTION((0.,0.,1.));
#14620=IFCDIRECTION((1.,0.,0.));
#14621=IFCAXIS2PLACEMENT3D(#14618,#14619,#14620);
#14622=IFCDIRECTION((0.,0.,1.));
#14623=IFCEXTRUDEDAREASOLID(#14617,#14621,#14622,3.);
#14624=IFCSHAPEREPRESENTATION(#11,'Body','SweptSolid',(#14623));
#14625=IFCCARTESIANPOINTLIST2D(((0.,0.),(2.5000000000000022,0.)));
#14626=IFCINDEXEDPOLYCURVE(#14625,$,$);
#14627=IFCSHAPEREPRESENTATION(#23,'Axis','Curve2D',(#14626));
#14628=IFCCARTESIANPOINTLIST2D(((0.10000000000000001,0.),(0.09999999880751248,0.10000000000000001),(3.8638031245573741,0.10000000000000001),(3.8638031138289333,0.)));
#14629=IFCINDEXEDPOLYCURVE(#14628,(IFCLINEINDEX((1,2,3,4,1))),$);
#14630=IFCARBITRARYCLOSEDPROFILEDEF(.AREA.,$,#14629);
#14631=IFCCARTESIANPOINT((0.,0.,0.));
#14632=IFCDIRECTION((0.,0.,1.));
#14633=IFCDIRECTION((1.,0.,0.));
#14634=IFCAXIS2PLACEMENT3D(#14631,#14632,#14633);
#14635=IFCDIRECTION((0.,0.,1.));
#14636=IFCEXTRUDEDAREASOLID(#14630,#14634,#14635,3.);
#14637=IFCSHAPEREPRESENTATION(#11,'Body','SweptSolid',(#14636));
#14638=IFCCARTESIANPOINTLIST2D(((0.,0.),(3.8638031138289333,0.)));
#14639=IFCINDEXEDPOLYCURVE(#14638,$,$);
#14640=IFCSHAPEREPRESENTATION(#23,'Axis','Curve2D',(#14639));
#14641=IFCCARTESIANPOINTLIST2D(((0.,0.),(0.10000002821300073,0.10000000000000001),(1.680000108839061,0.10000000000000001),(1.5800000687051268,0.)));
#14642=IFCINDEXEDPOLYCURVE(#14641,(IFCLINEINDEX((1,2,3,4,1))),$);
#14643=IFCARBITRARYCLOSEDPROFILEDEF(.AREA.,$,#14642);
#14644=IFCCARTESIANPOINT((0.,0.,0.));
#14645=IFCDIRECTION((0.,0.,1.));
#14646=IFCDIRECTION((1.,0.,0.));
#14647=IFCAXIS2PLACEMENT3D(#14644,#14645,#14646);
#14648=IFCDIRECTION((0.,0.,1.));
#14649=IFCEXTRUDEDAREASOLID(#14643,#14647,#14648,3.);
#14650=IFCSHAPEREPRESENTATION(#11,'Body','SweptSolid',(#14649));
#14651=IFCCARTESIANPOINTLIST2D(((0.,0.),(1.5800000687051268,0.)));
#14652=IFCINDEXEDPOLYCURVE(#14651,$,$);
#14653=IFCSHAPEREPRESENTATION(#23,'Axis','Curve2D',(#14652));
#14654=IFCCARTESIANPOINTLIST2D(((0.10000000000000001,0.),(0.099999998807512466,0.10000000000000001),(3.8638036633537478,0.10000000000000001),(3.863803652625307,0.)));
#14655=IFCINDEXEDPOLYCURVE(#14654,(IFCLINEINDEX((1,2,3,4,1))),$);
#14656=IFCARBITRARYCLOSEDPROFILEDEF(.AREA.,$,#14655);
#14657=IFCCARTESIANPOINT((0.,0.,0.));
#14658=IFCDIRECTION((0.,0.,1.));
#14659=IFCDIRECTION((1.,0.,0.));
#14660=IFCAXIS2PLACEMENT3D(#14657,#14658,#14659);
#14661=IFCDIRECTION((0.,0.,1.));
#14662=IFCEXTRUDEDAREASOLID(#14656,#14660,#14661,3.);
#14663=IFCSHAPEREPRESENTATION(#11,'Body','SweptSolid',(#14662));
#14664=IFCCARTESIANPOINTLIST2D(((0.,0.),(3.863803652625307,0.)));
#14665=IFCINDEXEDPOLYCURVE(#14664,$,$);
#14666=IFCSHAPEREPRESENTATION(#23,'Axis','Curve2D',(#14665));
#14667=IFCCARTESIANPOINTLIST2D(((0.,0.),(0.10000002821300003,0.10000000000000001),(0.98000037908009463,0.10000000000000001),(0.98000037908009463,0.)));
#14668=IFCINDEXEDPOLYCURVE(#14667,(IFCLINEINDEX((1,2,3,4,1))),$);
#14669=IFCARBITRARYCLOSEDPROFILEDEF(.AREA.,$,#14668);
#14670=IFCCARTESIANPOINT((0.,0.,0.));
#14671=IFCDIRECTION((0.,0.,1.));
#14672=IFCDIRECTION((1.,0.,0.));
#14673=IFCAXIS2PLACEMENT3D(#14670,#14671,#14672);
#14674=IFCDIRECTION((0.,0.,1.));
#14675=IFCEXTRUDEDAREASOLID(#14669,#14673,#14674,3.);
#14676=IFCSHAPEREPRESENTATION(#11,'Body','SweptSolid',(#14675));
#14677=IFCCARTESIANPOINTLIST2D(((0.,0.),(0.98000037908009463,0.)));
#14678=IFCINDEXEDPOLYCURVE(#14677,$,$);
#14679=IFCSHAPEREPRESENTATION(#23,'Axis','Curve2D',(#14678));
#14680=IFCCARTESIANPOINTLIST2D(((0.,0.),(0.099999992450210171,0.10000000000000001),(3.6499998937145697,0.10000000000000001),(3.5499998893434306,0.)));
#14681=IFCINDEXEDPOLYCURVE(#14680,(IFCLINEINDEX((1,2,3,4,1))),$);
#14682=IFCARBITRARYCLOSEDPROFILEDEF(.AREA.,$,#14681);
#14683=IFCCARTESIANPOINT((0.,0.,0.));
#14684=IFCDIRECTION((0.,0.,1.));
#14685=IFCDIRECTION((1.,0.,0.));
#14686=IFCAXIS2PLACEMENT3D(#14683,#14684,#14685);
#14687=IFCDIRECTION((0.,0.,1.));
#14688=IFCEXTRUDEDAREASOLID(#14682,#14686,#14687,3.);
#14689=IFCSHAPEREPRESENTATION(#11,'Body','SweptSolid',(#14688));
#14690=IFCCARTESIANPOINTLIST2D(((0.,0.),(3.5499998893434306,0.)));
#14691=IFCINDEXEDPOLYCURVE(#14690,$,$);
#14692=IFCSHAPEREPRESENTATION(#23,'Axis','Curve2D',(#14691));
#14718=IFCCARTESIANPOINT((4.2174782752990723,-0.10006809234619141,0.));
#14719=IFCDIRECTION((0.,0.,1.));
#14720=IFCDIRECTION((1.,0.,0.));
#14721=IFCAXIS2PLACEMENT3D(#14718,#14719,#14720);
#14722=IFCLOCALPLACEMENT(#79,#14721);
#14723=IFCCARTESIANPOINT((4.2174773216247559,2.6499314308166504,0.));
#14724=IFCDIRECTION((0.,0.,1.));
#14725=IFCDIRECTION((1.,0.,0.));
#14726=IFCAXIS2PLACEMENT3D(#14723,#14724,#14725);
#14727=IFCLOCALPLACEMENT(#79,#14726);
#14728=IFCCARTESIANPOINT((4.2174773216247559,5.0499329566955566,0.));
#14729=IFCDIRECTION((0.,0.,1.));
#14730=IFCDIRECTION((1.,0.,0.));
#14731=IFCAXIS2PLACEMENT3D(#14728,#14729,#14730);
#14732=IFCLOCALPLACEMENT(#79,#14731);
#14733=IFCCARTESIANPOINT((0.21747817099094391,6.4999322891235352,0.));
#14734=IFCDIRECTION((0.,0.,1.));
#14735=IFCDIRECTION((1.,0.,0.));
#14736=IFCAXIS2PLACEMENT3D(#14733,#14734,#14735);
#14737=IFCLOCALPLACEMENT(#79,#14736);
#14738=IFCINDEXEDPOLYGONALFACE((16,19,18,17));
#14739=IFCINDEXEDPOLYGONALFACE((20,23,22,21));
#14740=IFCINDEXEDPOLYGONALFACE((5,11,10,4,8,9));
#14741=IFCINDEXEDPOLYGONALFACE((7,15,14,6,12,13));
#14742=IFCINDEXEDPOLYGONALFACE((6,14,21,22,12));
#14743=IFCINDEXEDPOLYGONALFACE((9,19,16,11,5));
#14744=IFCINDEXEDPOLYGONALFACE((7,13,23,20,15));
#14745=IFCINDEXEDPOLYGONALFACE((11,16,17,10));
#14746=IFCINDEXEDPOLYGONALFACE((8,18,19,9));
#14747=IFCINDEXEDPOLYGONALFACE((12,22,23,13));
#14748=IFCINDEXEDPOLYGONALFACE((15,20,21,14));
#14749=IFCINDEXEDPOLYGONALFACE((10,17,18,8,4));
#14750=IFCCARTESIANPOINTLIST3D(((-0.97499990463256836,0.,0.),(-0.22931861877441406,-0.02499997615814209,0.89999997615814209),(0.51568412780761719,-0.054127417504787445,1.7999999523162842),(-0.95001393556594849,-0.00083768827607855201,0.030156806111335754),(-0.25430458784103394,-0.024162288755178452,0.86984318494796753),(-0.2043377012014389,-0.025976657867431641,0.93017816543579102),(0.49070322513580322,-0.053150735795497894,1.7698217630386353),(-0.94917625188827515,0.024148274213075638,0.030156806111335754),(-0.2534669041633606,0.00082367286086082458,0.86984318494796753),(-0.95085161924362183,-0.025823649019002914,0.030156806111335754),(-0.25514227151870728,-0.049148250371217728,0.86984318494796753),(-0.20336101949214935,-0.00099574215710163116,0.93017816543579102),(0.49167990684509277,-0.028169820085167885,1.7698217630386353),(-0.20531438291072845,-0.050957575440406799,0.93017816543579102),(0.48972654342651367,-0.078131653368473053,1.7698217630386353),(-0.25514227151870728,-0.049148250371217728,1.8698432445526123),(-0.95085161924362183,-0.025823649019002914,1.0301568508148193),(-0.94917625188827515,0.024148274213075638,1.0301568508148193),(-0.2534669041633606,0.00082367286086082458,1.8698432445526123),(0.48972654342651367,-0.078131653368473053,2.7698216438293457),(-0.20531438291072845,-0.050957575440406799,1.930178165435791),(-0.20336101949214935,-0.00099574215710163116,1.930178165435791),(0.49167990684509277,-0.028169820085167885,2.7698216438293457)));
#14751=IFCPOLYGONALFACESET(#14750,.F.,(#14738,#14739,#14740,#14741,#14742,#14743,#14744,#14745,#14746,#14747,#14748,#14749),$);
#14752=IFCSHAPEREPRESENTATION(#11,'Body','Tessellation',(#14751));
#14754=IFCCARTESIANPOINT((-0.97499990463256836,-0.078131653368473053,0.));
#14755=IFCBOUNDINGBOX(#14754,1.4906840324401855,0.10227993130683899,2.7698216438293457);
#14756=IFCSHAPEREPRESENTATION(#13,'Box','BoundingBox',(#14755));
#14757=IFCCARTESIANPOINT((0.,0.,0.));
#14758=IFCDIRECTION((1.,0.,0.));
#14759=IFCDIRECTION((0.,0.,1.));
#14760=IFCAXIS2PLACEMENT3D(#14757,#14759,#14758);
#14761=IFCREPRESENTATIONMAP(#14760,#14756);
#14772=IFCBEAMTYPE('32NTyYzHn2S9GoiXJOcqpX',$,'Unnamed',$,$,$,$,$,$,.BEAM.);
#14773=IFCMATERIALPROFILESET($,$,(#14775),$);
#14774=IFCRELASSOCIATESMATERIAL('15EQTmW6P6uQ_op_4s9OcB',$,$,$,(#14772),#14773);
#14775=IFCMATERIALPROFILE($,$,#81,#12663,$,$);
#14799=IFCBEAM('3WD3VmO7L58hUYsUubnoSy',$,'Beam',$,$,#14807,#14811,$,$);
#14800=IFCRELDEFINESBYTYPE('2gA1RK6CX5lguTPT41iI3a',$,$,$,(#15029,#14975,#14799,#14953,#15524,#14822,#14887,#14844,#14931,#15316,#14909,#15480,#15502,#15002,#15661,#15683,#15639,#15735,#15762),#14772);
#14801=IFCMATERIALPROFILESETUSAGE(#14773,7,$);
#14802=IFCRELASSOCIATESMATERIAL('09qnH1xYz1yvzSq$8p3CPH',$,$,$,(#14799),#14801);
#14803=IFCCARTESIANPOINT((4.4674773216247559,6.7499322891235352,3.));
#14804=IFCDIRECTION((-4.9670539089182263E-08,-0.99999999999999589,7.5497898658641086E-08));
#14805=IFCDIRECTION((0.99999999999999889,-4.9670539681301254E-08,0.));
#14806=IFCAXIS2PLACEMENT3D(#14803,#14804,#14805);
#14807=IFCLOCALPLACEMENT(#79,#14806);
#14808=IFCCARTESIANPOINTLIST3D(((0.,0.,0.),(0.,0.,9.6000001907348729)));
#14809=IFCINDEXEDPOLYCURVE(#14808,$,.F.);
#14810=IFCSHAPEREPRESENTATION(#12,'Axis','Curve3D',(#14809));
#14811=IFCPRODUCTDEFINITIONSHAPE($,$,(#14810,#14818));
#14812=IFCCARTESIANPOINT((-0.25,-0.25,0.));
#14813=IFCDIRECTION((0.,0.,1.));
#14814=IFCDIRECTION((1.,0.,0.));
#14815=IFCAXIS2PLACEMENT3D(#14812,#14813,#14814);
#14816=IFCDIRECTION((0.,0.,1.));
#14817=IFCEXTRUDEDAREASOLID(#12663,#14815,#14816,9.6000001907348729);
#14818=IFCSHAPEREPRESENTATION(#11,'Body','SweptSolid',(#14817));
#14819=IFCPROPERTYSET('2dI88RNan5Pe5uhJsNK9zr',$,'EPset_Parametric',$,(#14821));
#14820=IFCRELDEFINESBYPROPERTIES('0VtgMdu5nF89Q78MpoA$_U',$,$,$,(#14799),#14819);
#14821=IFCPROPERTYSINGLEVALUE('Engine',$,IFCLABEL('Bonsai.DumbProfile'),$);
#14822=IFCBEAM('2vQGQxZ2jFLBmuDYUoYkJZ',$,'Beam',$,$,#14829,#14833,$,$);
#14823=IFCMATERIALPROFILESETUSAGE(#14773,7,$);
#14824=IFCRELASSOCIATESMATERIAL('1EFs0mRdbEwOa40nHMMD9e',$,$,$,(#14822),#14823);
#14825=IFCCARTESIANPOINT((-0.032521829009056091,-2.3500680923461914,-6.));
#14826=IFCDIRECTION((-8.7422774678851342E-08,0.99999999999999334,7.5497898658640888E-08));
#14827=IFCDIRECTION((-0.99999999999999234,-8.7422774678851262E-08,8.7422781784279043E-08));
#14828=IFCAXIS2PLACEMENT3D(#14825,#14826,#14827);
#14829=IFCLOCALPLACEMENT(#10035,#14828);
#14833=IFCPRODUCTDEFINITIONSHAPE($,$,(#14879,#14886));
#14841=IFCPROPERTYSET('1g$ZhI8jv2lRuCqFUo$Xoi',$,'EPset_Parametric',$,(#14843));
#14842=IFCRELDEFINESBYPROPERTIES('2F5BR9Asz37eiuAZvhTntU',$,$,$,(#14822),#14841);
#14843=IFCPROPERTYSINGLEVALUE('Engine',$,IFCLABEL('Bonsai.DumbProfile'),$);
#14844=IFCBEAM('0KgPuqC$rCcvnw_0rAwxLE',$,'Beam',$,$,#14851,#14855,$,$);
#14845=IFCMATERIALPROFILESETUSAGE(#14773,7,$);
#14846=IFCRELASSOCIATESMATERIAL('0aZG_ZO8TCj9011iqIsKEs',$,$,$,(#14844),#14845);
#14847=IFCCARTESIANPOINT((-0.032521829009056091,4.7999329566955566,-6.));
#14848=IFCDIRECTION((-8.7422774678851342E-08,0.99999999999999334,7.5497898658640888E-08));
#14849=IFCDIRECTION((-0.99999999999999234,-8.7422774678851262E-08,8.7422781784279043E-08));
#14850=IFCAXIS2PLACEMENT3D(#14847,#14848,#14849);
#14851=IFCLOCALPLACEMENT(#10035,#14850);
#14855=IFCPRODUCTDEFINITIONSHAPE($,$,(#14869,#14876));
#14863=IFCPROPERTYSET('0U$lQWEwn8WxUt1yT3OR2G',$,'EPset_Parametric',$,(#14865));
#14864=IFCRELDEFINESBYPROPERTIES('2SCu__2IfFM95PqqVO5Jcq',$,$,$,(#14844),#14863);
#14865=IFCPROPERTYSINGLEVALUE('Engine',$,IFCLABEL('Bonsai.DumbProfile'),$);
#14866=IFCRELCONNECTSPATHELEMENTS('2tLPYiQmTF$eb_Vf_4CvNx',$,$,'MITRE',$,#14844,#14822,(),(),.ATSTART.,.ATSTART.);
#14867=IFCCARTESIANPOINTLIST3D(((5.059604291091091E-09,-1.1768364061026659E-14,4.7968029548428603E-07),(4.9564716775307716E-09,-8.659739592076221E-15,1.4500002861022949)));
#14868=IFCINDEXEDPOLYCURVE(#14867,$,.F.);
#14869=IFCSHAPEREPRESENTATION(#12,'Axis','Curve3D',(#14868));
#14870=IFCCARTESIANPOINT((-0.25,-0.25,0.));
#14871=IFCDIRECTION((0.,0.,1.));
#14872=IFCDIRECTION((1.,0.,0.));
#14873=IFCAXIS2PLACEMENT3D(#14870,#14871,#14872);
#14874=IFCDIRECTION((0.,0.,1.));
#14875=IFCEXTRUDEDAREASOLID(#12663,#14873,#14874,1.4499993291393007);
#14876=IFCSHAPEREPRESENTATION(#11,'Body','SweptSolid',(#14875));
#14877=IFCCARTESIANPOINTLIST3D(((4.2838195213334984E-09,2.4424906541753444E-15,-2.3557542760954675E-07),(5.0596797862567655E-09,3.3084646133829665E-14,7.150001049041748)));
#14878=IFCINDEXEDPOLYCURVE(#14877,$,.F.);
#14879=IFCSHAPEREPRESENTATION(#12,'Axis','Curve3D',(#14878));
#14880=IFCCARTESIANPOINT((-0.25,-0.25,0.));
#14881=IFCDIRECTION((0.,0.,1.));
#14882=IFCDIRECTION((1.,0.,0.));
#14883=IFCAXIS2PLACEMENT3D(#14880,#14881,#14882);
#14884=IFCDIRECTION((0.,0.,1.));
#14885=IFCEXTRUDEDAREASOLID(#12663,#14883,#14884,7.1500006295584502);
#14886=IFCSHAPEREPRESENTATION(#11,'Body','SweptSolid',(#14885));
#14887=IFCBEAM('3tESwvY8nBkQvKa3SQCKZx',$,'Beam',$,$,#14894,#14898,$,$);
#14888=IFCMATERIALPROFILESETUSAGE(#14773,7,$);
#14889=IFCRELASSOCIATESMATERIAL('3Et1v7KVP1ex$_Bf1rE2eF',$,$,$,(#14887),#14888);
#14890=IFCCARTESIANPOINT((0.46747815608978271,6.7499322891235352,-6.));
#14891=IFCDIRECTION((0.,-0.99999999999999711,7.5497898658641179E-08));
#14892=IFCDIRECTION((1.,0.,0.));
#14893=IFCAXIS2PLACEMENT3D(#14890,#14891,#14892);
#14894=IFCLOCALPLACEMENT(#10035,#14893);
#14895=IFCCARTESIANPOINTLIST3D(((0.,0.,0.),(0.,0.,9.6000001907348622)));
#14896=IFCINDEXEDPOLYCURVE(#14895,$,.F.);
#14897=IFCSHAPEREPRESENTATION(#12,'Axis','Curve3D',(#14896));
#14898=IFCPRODUCTDEFINITIONSHAPE($,$,(#14897,#14905));
#14899=IFCCARTESIANPOINT((-0.25,-0.25,0.));
#14900=IFCDIRECTION((0.,0.,1.));
#14901=IFCDIRECTION((1.,0.,0.));
#14902=IFCAXIS2PLACEMENT3D(#14899,#14900,#14901);
#14903=IFCDIRECTION((0.,0.,1.));
#14904=IFCEXTRUDEDAREASOLID(#12663,#14902,#14903,9.6000001907348622);
#14905=IFCSHAPEREPRESENTATION(#11,'Body','SweptSolid',(#14904));
#14906=IFCPROPERTYSET('2IQ4R49cL1mwf0usc3nVvY',$,'EPset_Parametric',$,(#14908));
#14907=IFCRELDEFINESBYPROPERTIES('3aina$rpn5gfcJ1DlkXw2v',$,$,$,(#14887),#14906);
#14908=IFCPROPERTYSINGLEVALUE('Engine',$,IFCLABEL('Bonsai.DumbProfile'),$);
#14909=IFCBEAM('2ujMxNOw9D09OL6e6SIVG7',$,'Beam',$,$,#16402,#14920,$,$);
#14910=IFCMATERIALPROFILESETUSAGE(#14773,7,$);
#14911=IFCRELASSOCIATESMATERIAL('1CpF4QnDH4FfdQAOPtnxKx',$,$,$,(#14909),#14910);
#14917=IFCCARTESIANPOINTLIST3D(((0.,0.,0.),(0.,0.,9.6000001907348622)));
#14918=IFCINDEXEDPOLYCURVE(#14917,$,.F.);
#14919=IFCSHAPEREPRESENTATION(#12,'Axis','Curve3D',(#14918));
#14920=IFCPRODUCTDEFINITIONSHAPE($,$,(#14919,#14927));
#14921=IFCCARTESIANPOINT((-0.25,-0.25,0.));
#14922=IFCDIRECTION((0.,0.,1.));
#14923=IFCDIRECTION((1.,0.,0.));
#14924=IFCAXIS2PLACEMENT3D(#14921,#14922,#14923);
#14925=IFCDIRECTION((0.,0.,1.));
#14926=IFCEXTRUDEDAREASOLID(#12663,#14924,#14925,9.6000001907348622);
#14927=IFCSHAPEREPRESENTATION(#11,'Body','SweptSolid',(#14926));
#14928=IFCPROPERTYSET('0uRGTzQmb1$BvkLgeTqoTV',$,'EPset_Parametric',$,(#14930));
#14929=IFCRELDEFINESBYPROPERTIES('0_R0gqD6L8r9cypJhyLLto',$,$,$,(#14909),#14928);
#14930=IFCPROPERTYSINGLEVALUE('Engine',$,IFCLABEL('Bonsai.DumbProfile'),$);
#14931=IFCBEAM('3E4Rs726D0CwHOSlKdXcAY',$,'Beam',$,$,#16407,#14942,$,$);
#14932=IFCMATERIALPROFILESETUSAGE(#14773,7,$);
#14933=IFCRELASSOCIATESMATERIAL('0QR26xtAH9QeGzjrY88lCP',$,$,$,(#14931),#14932);
#14939=IFCCARTESIANPOINTLIST3D(((0.,0.,0.),(0.,0.,5.6500010667648786)));
#14940=IFCINDEXEDPOLYCURVE(#14939,$,.F.);
#14941=IFCSHAPEREPRESENTATION(#12,'Axis','Curve3D',(#14940));
#14942=IFCPRODUCTDEFINITIONSHAPE($,$,(#14941,#14949));
#14943=IFCCARTESIANPOINT((-0.25,-0.25,0.));
#14944=IFCDIRECTION((0.,0.,1.));
#14945=IFCDIRECTION((1.,0.,0.));
#14946=IFCAXIS2PLACEMENT3D(#14943,#14944,#14945);
#14947=IFCDIRECTION((0.,0.,1.));
#14948=IFCEXTRUDEDAREASOLID(#12663,#14946,#14947,5.6500010667648786);
#14949=IFCSHAPEREPRESENTATION(#11,'Body','SweptSolid',(#14948));
#14950=IFCPROPERTYSET('1hdllpTi1Cpvi1sX_OZcg1',$,'EPset_Parametric',$,(#14952));
#14951=IFCRELDEFINESBYPROPERTIES('15_lLTYgj7EeuA8K2jNxA5',$,$,$,(#14931),#14950);
#14952=IFCPROPERTYSINGLEVALUE('Engine',$,IFCLABEL('Bonsai.DumbProfile'),$);
#14953=IFCBEAM('0B8Gcv57HD$e1jHKoWd8wR',$,'Beam',$,$,#15001,#14964,$,$);
#14954=IFCMATERIALPROFILESETUSAGE(#14773,7,$);
#14955=IFCRELASSOCIATESMATERIAL('0Wezxhe3bCUBtrk_2HjrlP',$,$,$,(#14953),#14954);
#14961=IFCCARTESIANPOINTLIST3D(((0.,0.,0.),(0.,0.,4.4999991522894165)));
#14962=IFCINDEXEDPOLYCURVE(#14961,$,.F.);
#14963=IFCSHAPEREPRESENTATION(#12,'Axis','Curve3D',(#14962));
#14964=IFCPRODUCTDEFINITIONSHAPE($,$,(#14963,#14971));
#14965=IFCCARTESIANPOINT((-0.25,-0.25,0.));
#14966=IFCDIRECTION((0.,0.,1.));
#14967=IFCDIRECTION((1.,0.,0.));
#14968=IFCAXIS2PLACEMENT3D(#14965,#14966,#14967);
#14969=IFCDIRECTION((0.,0.,1.));
#14970=IFCEXTRUDEDAREASOLID(#12663,#14968,#14969,4.4999991522894165);
#14971=IFCSHAPEREPRESENTATION(#11,'Body','SweptSolid',(#14970));
#14972=IFCPROPERTYSET('2sdYT6MZXAmhg4$SKIvzEC',$,'EPset_Parametric',$,(#14974));
#14973=IFCRELDEFINESBYPROPERTIES('01uG5O73f69xYJVfkfIs2j',$,$,$,(#14953),#14972);
#14974=IFCPROPERTYSINGLEVALUE('Engine',$,IFCLABEL('Bonsai.DumbProfile'),$);
#14975=IFCBEAM('0KfcLOveT7EgU5coK_xD6W',$,'Beam',$,$,#16412,#14986,$,$);
#14976=IFCMATERIALPROFILESETUSAGE(#14773,7,$);
#14977=IFCRELASSOCIATESMATERIAL('2dvBL5Ukz5SuMGEf2Ja7ff',$,$,$,(#14975),#14976);
#14983=IFCCARTESIANPOINTLIST3D(((0.,0.,0.),(0.,0.,7.5000091552678647)));
#14984=IFCINDEXEDPOLYCURVE(#14983,$,.F.);
#14985=IFCSHAPEREPRESENTATION(#12,'Axis','Curve3D',(#14984));
#14986=IFCPRODUCTDEFINITIONSHAPE($,$,(#14985,#14993));
#14987=IFCCARTESIANPOINT((-0.25,-0.25,0.));
#14988=IFCDIRECTION((0.,0.,1.));
#14989=IFCDIRECTION((1.,0.,0.));
#14990=IFCAXIS2PLACEMENT3D(#14987,#14988,#14989);
#14991=IFCDIRECTION((0.,0.,1.));
#14992=IFCEXTRUDEDAREASOLID(#12663,#14990,#14991,7.5000091552678647);
#14993=IFCSHAPEREPRESENTATION(#11,'Body','SweptSolid',(#14992));
#14994=IFCPROPERTYSET('0SZstAf0nDpB4uCLlzHP_p',$,'EPset_Parametric',$,(#14996));
#14995=IFCRELDEFINESBYPROPERTIES('1luKl4kxLCwh8AawzA_7K0',$,$,$,(#14975),#14994);
#14996=IFCPROPERTYSINGLEVALUE('Engine',$,IFCLABEL('Bonsai.DumbProfile'),$);
#14997=IFCCARTESIANPOINT((4.4674773216247559,6.2499322891235352,3.));
#14998=IFCDIRECTION((-0.99999999999996203,-1.9470716949853511E-07,1.9470718370938983E-07));
#14999=IFCDIRECTION((1.9470718370939216E-07,-0.99999999999997402,1.1920928955077815E-07));
#15000=IFCAXIS2PLACEMENT3D(#14997,#14998,#14999);
#15001=IFCLOCALPLACEMENT(#79,#15000);
#15002=IFCBEAM('0yqxmUMb95hhu54KLDnqLs',$,'Beam',$,$,#16417,#15013,$,$);
#15008=IFCRELASSOCIATESMATERIAL('1A9G6CuF9DtgrVdxY4RptX',$,$,$,(#15002),#15009);
#15009=IFCMATERIALPROFILESETUSAGE(#14773,7,$);
#15010=IFCRELDEFINESBYPROPERTIES('2zKZJl0Jz94QAH64qJeIij',$,$,$,(#15002),#15011);
#15011=IFCPROPERTYSET('001LM6DJP9P99r6T4EDC5u',$,'EPset_Parametric',$,(#15012));
#15012=IFCPROPERTYSINGLEVALUE('Engine',$,IFCLABEL('Bonsai.DumbProfile'),$);
#15013=IFCPRODUCTDEFINITIONSHAPE($,$,(#15014,#15017));
#15014=IFCSHAPEREPRESENTATION(#12,'Axis','Curve3D',(#15015));
#15015=IFCINDEXEDPOLYCURVE(#15016,$,.F.);
#15016=IFCCARTESIANPOINTLIST3D(((0.,0.,0.),(0.,0.,4.4999991522894165)));
#15017=IFCSHAPEREPRESENTATION(#11,'Body','SweptSolid',(#15018));
#15018=IFCEXTRUDEDAREASOLID(#12663,#15019,#15023,4.4999991522894165);
#15019=IFCAXIS2PLACEMENT3D(#15020,#15021,#15022);
#15020=IFCCARTESIANPOINT((-0.25,-0.25,0.));
#15021=IFCDIRECTION((0.,0.,1.));
#15022=IFCDIRECTION((1.,0.,0.));
#15023=IFCDIRECTION((0.,0.,1.));
#15029=IFCBEAM('2W8aTMytnFGBegVph2ac0S',$,'Beam',$,$,#16422,#15040,$,$);
#15035=IFCRELASSOCIATESMATERIAL('0Kb8$55zrDSPIMgZg8Etiw',$,$,$,(#15029),#15036);
#15036=IFCMATERIALPROFILESETUSAGE(#14773,7,$);
#15037=IFCRELDEFINESBYPROPERTIES('06ArPW2a1AkucfOqZG2N9O',$,$,$,(#15029),#15038);
#15038=IFCPROPERTYSET('3K9kqvKHjFevuzeErjVhXZ',$,'EPset_Parametric',$,(#15039));
#15039=IFCPROPERTYSINGLEVALUE('Engine',$,IFCLABEL('Bonsai.DumbProfile'),$);
#15040=IFCPRODUCTDEFINITIONSHAPE($,$,(#15041,#15044));
#15041=IFCSHAPEREPRESENTATION(#12,'Axis','Curve3D',(#15042));
#15042=IFCINDEXEDPOLYCURVE(#15043,$,.F.);
#15043=IFCCARTESIANPOINTLIST3D(((0.,0.,0.),(0.,0.,7.5000091552678647)));
#15044=IFCSHAPEREPRESENTATION(#11,'Body','SweptSolid',(#15045));
#15045=IFCEXTRUDEDAREASOLID(#12663,#15046,#15050,7.5000091552678647);
#15046=IFCAXIS2PLACEMENT3D(#15047,#15048,#15049);
#15047=IFCCARTESIANPOINT((-0.25,-0.25,0.));
#15048=IFCDIRECTION((0.,0.,1.));
#15049=IFCDIRECTION((1.,0.,0.));
#15050=IFCDIRECTION((0.,0.,1.));
#15051=IFCSLAB('0sh8zuVpjEVQZpcfeZw4OJ',$,'Slab',$,$,#16457,#15066,$,$);
#15052=IFCRELDEFINESBYTYPE('3EeKGgxBzA0Rwwv4djzItk',$,$,$,(#15051),#10837);
#15053=IFCMATERIALLAYERSETUSAGE(#10838,.AXIS3.,.POSITIVE.,-1.7999999523162842,$);
#15054=IFCRELASSOCIATESMATERIAL('1V7ZbGFLr5J8QSxBgkbIt_',$,$,$,(#15051),#15053);
#15060=IFCCARTESIANPOINTLIST2D(((0.,0.),(0.80608558654785156,5.9604644775390625E-08),(0.80608558654785156,1.7669665813446045),(-0.0054378509521484375,1.7669665813446045),(0.,0.)));
#15061=IFCINDEXEDPOLYCURVE(#15060,$,$);
#15062=IFCDIRECTION((0.,0.,1.));
#15063=IFCARBITRARYCLOSEDPROFILEDEF(.AREA.,$,#15061);
#15064=IFCEXTRUDEDAREASOLID(#15063,#15073,#15062,1.7999999523162842);
#15065=IFCSHAPEREPRESENTATION(#11,'Body','SweptSolid',(#15064));
#15066=IFCPRODUCTDEFINITIONSHAPE($,$,(#15065));
#15067=IFCPROPERTYSET('3qmmUejrn3QxRkSO7tf1Dt',$,'EPset_Parametric',$,(#15069));
#15068=IFCRELDEFINESBYPROPERTIES('3i_QUC6en3FAHQ31B9McpO',$,$,$,(#15051),#15067);
#15069=IFCPROPERTYSINGLEVALUE('Engine',$,IFCLABEL('Bonsai.DumbLayer3'),$);
#15070=IFCCARTESIANPOINT((-0.,-0.,-1.7999999523162842));
#15071=IFCDIRECTION((0.,0.,1.));
#15072=IFCDIRECTION((1.,0.,0.));
#15073=IFCAXIS2PLACEMENT3D(#15070,#15071,#15072);
#15184=IFCCOLUMN('1MjsWYHNz9pRlfAJBKA0PA',$,'Column',$,$,#15191,#15195,$,$);
#15185=IFCMATERIALPROFILESETUSAGE(#12664,7,$);
#15186=IFCRELASSOCIATESMATERIAL('30bh8Xyp5CUu_4o51i9jU8',$,$,$,(#15184),#15185);
#15187=IFCCARTESIANPOINT((4.4674773216247559,-2.350067138671875,0.));
#15188=IFCDIRECTION((0.,0.,1.));
#15189=IFCDIRECTION((1.,0.,0.));
#15190=IFCAXIS2PLACEMENT3D(#15187,#15188,#15189);
#15191=IFCLOCALPLACEMENT(#4863,#15190);
#15192=IFCCARTESIANPOINTLIST3D(((0.,0.,0.),(0.,0.,3.)));
#15193=IFCINDEXEDPOLYCURVE(#15192,$,.F.);
#15194=IFCSHAPEREPRESENTATION(#12,'Axis','Curve3D',(#15193));
#15195=IFCPRODUCTDEFINITIONSHAPE($,$,(#15194,#15202));
#15196=IFCCARTESIANPOINT((-0.25,-0.25,0.));
#15197=IFCDIRECTION((0.,0.,1.));
#15198=IFCDIRECTION((1.,0.,0.));
#15199=IFCAXIS2PLACEMENT3D(#15196,#15197,#15198);
#15200=IFCDIRECTION((0.,0.,1.));
#15201=IFCEXTRUDEDAREASOLID(#12663,#15199,#15200,3.);
#15202=IFCSHAPEREPRESENTATION(#11,'Body','SweptSolid',(#15201));
#15203=IFCPROPERTYSET('2v2pePaQr7pgH8o2PxazYw',$,'EPset_Parametric',$,(#15205));
#15204=IFCRELDEFINESBYPROPERTIES('2HmLbRpBPAsgZZU4_Mq3ds',$,$,$,(#15184),#15203);
#15205=IFCPROPERTYSINGLEVALUE('Engine',$,IFCLABEL('Bonsai.DumbProfile'),$);
#15206=IFCCOLUMN('3$8H4pOSf00x9Di138Fi_1',$,'Column',$,$,#15213,#15217,$,$);
#15207=IFCMATERIALPROFILESETUSAGE(#12664,7,$);
#15208=IFCRELASSOCIATESMATERIAL('2KAoBfptb6$xPLkcuLOds1',$,$,$,(#15206),#15207);
#15209=IFCCARTESIANPOINT((4.4674782752990723,0.14993190765380859,0.));
#15210=IFCDIRECTION((0.,0.,1.));
#15211=IFCDIRECTION((1.,0.,0.));
#15212=IFCAXIS2PLACEMENT3D(#15209,#15210,#15211);
#15213=IFCLOCALPLACEMENT(#4863,#15212);
#15214=IFCCARTESIANPOINTLIST3D(((0.,0.,0.),(0.,0.,3.)));
#15215=IFCINDEXEDPOLYCURVE(#15214,$,.F.);
#15216=IFCSHAPEREPRESENTATION(#12,'Axis','Curve3D',(#15215));
#15217=IFCPRODUCTDEFINITIONSHAPE($,$,(#15216,#15224));
#15218=IFCCARTESIANPOINT((-0.25,-0.25,0.));
#15219=IFCDIRECTION((0.,0.,1.));
#15220=IFCDIRECTION((1.,0.,0.));
#15221=IFCAXIS2PLACEMENT3D(#15218,#15219,#15220);
#15222=IFCDIRECTION((0.,0.,1.));
#15223=IFCEXTRUDEDAREASOLID(#12663,#15221,#15222,3.);
#15224=IFCSHAPEREPRESENTATION(#11,'Body','SweptSolid',(#15223));
#15225=IFCPROPERTYSET('2E7U8$vXj6A95AKklEMIKS',$,'EPset_Parametric',$,(#15227));
#15226=IFCRELDEFINESBYPROPERTIES('1bDZmDwDP7Dheh5k_HtlnI',$,$,$,(#15206),#15225);
#15227=IFCPROPERTYSINGLEVALUE('Engine',$,IFCLABEL('Bonsai.DumbProfile'),$);
#15228=IFCCOLUMN('03i$iB_X94xgRwxfigsNTa',$,'Column',$,$,#15235,#15239,$,$);
#15229=IFCMATERIALPROFILESETUSAGE(#12664,7,$);
#15230=IFCRELASSOCIATESMATERIAL('0epYg3Dk55LBdlqW7JGD8P',$,$,$,(#15228),#15229);
#15231=IFCCARTESIANPOINT((4.4674773216247559,2.8999314308166504,0.));
#15232=IFCDIRECTION((0.,0.,1.));
#15233=IFCDIRECTION((1.,0.,0.));
#15234=IFCAXIS2PLACEMENT3D(#15231,#15232,#15233);
#15235=IFCLOCALPLACEMENT(#4863,#15234);
#15236=IFCCARTESIANPOINTLIST3D(((0.,0.,0.),(0.,0.,3.)));
#15237=IFCINDEXEDPOLYCURVE(#15236,$,.F.);
#15238=IFCSHAPEREPRESENTATION(#12,'Axis','Curve3D',(#15237));
#15239=IFCPRODUCTDEFINITIONSHAPE($,$,(#15238,#15246));
#15240=IFCCARTESIANPOINT((-0.25,-0.25,0.));
#15241=IFCDIRECTION((0.,0.,1.));
#15242=IFCDIRECTION((1.,0.,0.));
#15243=IFCAXIS2PLACEMENT3D(#15240,#15241,#15242);
#15244=IFCDIRECTION((0.,0.,1.));
#15245=IFCEXTRUDEDAREASOLID(#12663,#15243,#15244,3.);
#15246=IFCSHAPEREPRESENTATION(#11,'Body','SweptSolid',(#15245));
#15247=IFCPROPERTYSET('3etEqNLRj1yeXyx7UQjfWj',$,'EPset_Parametric',$,(#15249));
#15248=IFCRELDEFINESBYPROPERTIES('1l9KvqdQLFuQPi_5PfS1Z5',$,$,$,(#15228),#15247);
#15249=IFCPROPERTYSINGLEVALUE('Engine',$,IFCLABEL('Bonsai.DumbProfile'),$);
#15250=IFCCOLUMN('08T2GPeF5EkuTarTI9fhVi',$,'Column',$,$,#15257,#15261,$,$);
#15251=IFCMATERIALPROFILESETUSAGE(#12664,7,$);
#15252=IFCRELASSOCIATESMATERIAL('1bMftCkuT1NhAyYGSCJzgb',$,$,$,(#15250),#15251);
#15253=IFCCARTESIANPOINT((4.4674773216247559,5.2999329566955566,0.));
#15254=IFCDIRECTION((0.,0.,1.));
#15255=IFCDIRECTION((1.,0.,0.));
#15256=IFCAXIS2PLACEMENT3D(#15253,#15254,#15255);
#15257=IFCLOCALPLACEMENT(#4863,#15256);
#15258=IFCCARTESIANPOINTLIST3D(((0.,0.,0.),(0.,0.,3.)));
#15259=IFCINDEXEDPOLYCURVE(#15258,$,.F.);
#15260=IFCSHAPEREPRESENTATION(#12,'Axis','Curve3D',(#15259));
#15261=IFCPRODUCTDEFINITIONSHAPE($,$,(#15260,#15268));
#15262=IFCCARTESIANPOINT((-0.25,-0.25,0.));
#15263=IFCDIRECTION((0.,0.,1.));
#15264=IFCDIRECTION((1.,0.,0.));
#15265=IFCAXIS2PLACEMENT3D(#15262,#15263,#15264);
#15266=IFCDIRECTION((0.,0.,1.));
#15267=IFCEXTRUDEDAREASOLID(#12663,#15265,#15266,3.);
#15268=IFCSHAPEREPRESENTATION(#11,'Body','SweptSolid',(#15267));
#15269=IFCPROPERTYSET('1V1XSw06P3nQ_bP8eNuLBo',$,'EPset_Parametric',$,(#15271));
#15270=IFCRELDEFINESBYPROPERTIES('0u5A9HQxz4chre7Ov_EIHL',$,$,$,(#15250),#15269);
#15271=IFCPROPERTYSINGLEVALUE('Engine',$,IFCLABEL('Bonsai.DumbProfile'),$);
#15272=IFCCOLUMN('3SwEW68m1CpwNGLh2LdGud',$,'Column',$,$,#15279,#15283,$,$);
#15273=IFCMATERIALPROFILESETUSAGE(#12664,7,$);
#15274=IFCRELASSOCIATESMATERIAL('1vwtPUMqL5yOPdHLBd7o_w',$,$,$,(#15272),#15273);
#15275=IFCCARTESIANPOINT((4.4674773216247559,6.7499322891235352,0.));
#15276=IFCDIRECTION((0.,0.,1.));
#15277=IFCDIRECTION((1.,0.,0.));
#15278=IFCAXIS2PLACEMENT3D(#15275,#15276,#15277);
#15279=IFCLOCALPLACEMENT(#4863,#15278);
#15280=IFCCARTESIANPOINTLIST3D(((0.,0.,0.),(0.,0.,3.)));
#15281=IFCINDEXEDPOLYCURVE(#15280,$,.F.);
#15282=IFCSHAPEREPRESENTATION(#12,'Axis','Curve3D',(#15281));
#15283=IFCPRODUCTDEFINITIONSHAPE($,$,(#15282,#15290));
#15284=IFCCARTESIANPOINT((-0.25,-0.25,0.));
#15285=IFCDIRECTION((0.,0.,1.));
#15286=IFCDIRECTION((1.,0.,0.));
#15287=IFCAXIS2PLACEMENT3D(#15284,#15285,#15286);
#15288=IFCDIRECTION((0.,0.,1.));
#15289=IFCEXTRUDEDAREASOLID(#12663,#15287,#15288,3.);
#15290=IFCSHAPEREPRESENTATION(#11,'Body','SweptSolid',(#15289));
#15291=IFCPROPERTYSET('03PRPf6DzCmQEDN$6RdjJn',$,'EPset_Parametric',$,(#15293));
#15292=IFCRELDEFINESBYPROPERTIES('3glBPb0S19p8m7GvU8dkjZ',$,$,$,(#15272),#15291);
#15293=IFCPROPERTYSINGLEVALUE('Engine',$,IFCLABEL('Bonsai.DumbProfile'),$);
#15294=IFCCOLUMN('2SbtjM3EHDPPEhZTpe6IDq',$,'Column',$,$,#15301,#15305,$,$);
#15295=IFCMATERIALPROFILESETUSAGE(#12664,7,$);
#15296=IFCRELASSOCIATESMATERIAL('3eTBd6BqX0IB8J4rTeoLbB',$,$,$,(#15294),#15295);
#15297=IFCCARTESIANPOINT((0.46747815608978271,6.7499322891235352,0.));
#15298=IFCDIRECTION((0.,0.,1.));
#15299=IFCDIRECTION((1.,0.,0.));
#15300=IFCAXIS2PLACEMENT3D(#15297,#15298,#15299);
#15301=IFCLOCALPLACEMENT(#4863,#15300);
#15302=IFCCARTESIANPOINTLIST3D(((0.,0.,0.),(0.,0.,3.)));
#15303=IFCINDEXEDPOLYCURVE(#15302,$,.F.);
#15304=IFCSHAPEREPRESENTATION(#12,'Axis','Curve3D',(#15303));
#15305=IFCPRODUCTDEFINITIONSHAPE($,$,(#15304,#15312));
#15306=IFCCARTESIANPOINT((-0.25,-0.25,0.));
#15307=IFCDIRECTION((0.,0.,1.));
#15308=IFCDIRECTION((1.,0.,0.));
#15309=IFCAXIS2PLACEMENT3D(#15306,#15307,#15308);
#15310=IFCDIRECTION((0.,0.,1.));
#15311=IFCEXTRUDEDAREASOLID(#12663,#15309,#15310,3.);
#15312=IFCSHAPEREPRESENTATION(#11,'Body','SweptSolid',(#15311));
#15313=IFCPROPERTYSET('3MUQtK$Y1DQus7Syj2XdTh',$,'EPset_Parametric',$,(#15315));
#15314=IFCRELDEFINESBYPROPERTIES('2IM9yQz5PDJOW9GHUX_wM_',$,$,$,(#15294),#15313);
#15315=IFCPROPERTYSINGLEVALUE('Engine',$,IFCLABEL('Bonsai.DumbProfile'),$);
#15316=IFCBEAM('0lvDh8atH1mgYZ$KfcRZk3',$,'Beam',$,$,#15323,#15327,$,$);
#15317=IFCMATERIALPROFILESETUSAGE(#14773,7,$);
#15318=IFCRELASSOCIATESMATERIAL('14QJG4uIrB5v4XO82SUC$F',$,$,$,(#15316),#15317);
#15319=IFCCARTESIANPOINT((4.4674773216247559,6.7499322891235352,3.));
#15320=IFCDIRECTION((0.,-0.99999999999999711,7.5497898658641179E-08));
#15321=IFCDIRECTION((1.,0.,0.));
#15322=IFCAXIS2PLACEMENT3D(#15319,#15320,#15321);
#15323=IFCLOCALPLACEMENT(#4863,#15322);
#15324=IFCCARTESIANPOINTLIST3D(((0.,0.,0.),(0.,0.,9.5999993960062469)));
#15325=IFCINDEXEDPOLYCURVE(#15324,$,.F.);
#15326=IFCSHAPEREPRESENTATION(#12,'Axis','Curve3D',(#15325));
#15327=IFCPRODUCTDEFINITIONSHAPE($,$,(#15326,#15334));
#15328=IFCCARTESIANPOINT((-0.25,-0.25,0.));
#15329=IFCDIRECTION((0.,0.,1.));
#15330=IFCDIRECTION((1.,0.,0.));
#15331=IFCAXIS2PLACEMENT3D(#15328,#15329,#15330);
#15332=IFCDIRECTION((0.,0.,1.));
#15333=IFCEXTRUDEDAREASOLID(#12663,#15331,#15332,9.5999993960062469);
#15334=IFCSHAPEREPRESENTATION(#11,'Body','SweptSolid',(#15333));
#15335=IFCPROPERTYSET('3lyXpjlEHASg6FF_bK0eqa',$,'EPset_Parametric',$,(#15337));
#15336=IFCRELDEFINESBYPROPERTIES('1FJ8BIAMj7DwRZ250IMQJC',$,$,$,(#15316),#15335);
#15337=IFCPROPERTYSINGLEVALUE('Engine',$,IFCLABEL('Bonsai.DumbProfile'),$);
#15338=IFCCOLUMN('3GdpmIY$n9QucpTGK_vns7',$,'Column',$,$,#15345,#15349,$,$);
#15339=IFCMATERIALPROFILESETUSAGE(#12664,9,$);
#15340=IFCRELASSOCIATESMATERIAL('0JP5Q1CK1DeAS16XzFbFRc',$,$,$,(#15338),#15339);
#15341=IFCCARTESIANPOINT((-3.03253173828125,5.299931526184082,0.));
#15342=IFCDIRECTION((0.,0.,1.));
#15343=IFCDIRECTION((1.,0.,0.));
#15344=IFCAXIS2PLACEMENT3D(#15341,#15342,#15343);
#15345=IFCLOCALPLACEMENT(#4863,#15344);
#15346=IFCCARTESIANPOINTLIST3D(((0.,0.,0.),(0.,0.,3.)));
#15347=IFCINDEXEDPOLYCURVE(#15346,$,.F.);
#15348=IFCSHAPEREPRESENTATION(#12,'Axis','Curve3D',(#15347));
#15349=IFCPRODUCTDEFINITIONSHAPE($,$,(#15348,#15356));
#15350=IFCCARTESIANPOINT((0.25,-0.25,0.));
#15351=IFCDIRECTION((0.,0.,1.));
#15352=IFCDIRECTION((1.,0.,0.));
#15353=IFCAXIS2PLACEMENT3D(#15350,#15351,#15352);
#15354=IFCDIRECTION((0.,0.,1.));
#15355=IFCEXTRUDEDAREASOLID(#12663,#15353,#15354,3.);
#15356=IFCSHAPEREPRESENTATION(#11,'Body','SweptSolid',(#15355));
#15357=IFCPROPERTYSET('0Q68MnsAr2bh7a9VfgXxW3',$,'EPset_Parametric',$,(#15359));
#15358=IFCRELDEFINESBYPROPERTIES('0rDQq0lWf4vBAzXU7JpUON',$,$,$,(#15338),#15357);
#15359=IFCPROPERTYSINGLEVALUE('Engine',$,IFCLABEL('Bonsai.DumbProfile'),$);
#15360=IFCCOLUMN('2w$RnWtVvC3AiXoBNsnf0C',$,'Column',$,$,#15386,#15371,$,$);
#15366=IFCRELDEFINESBYPROPERTIES('2b0oTEHab3nvbNBvOCifiU',$,$,$,(#15360),#15367);
#15367=IFCPROPERTYSET('1i3niPqYPF09KvOJKGzafq',$,'EPset_Parametric',$,(#15368));
#15368=IFCPROPERTYSINGLEVALUE('Engine',$,IFCLABEL('Bonsai.DumbProfile'),$);
#15369=IFCRELASSOCIATESMATERIAL('11OesHncXCvOKBm7NJi0RW',$,$,$,(#15360),#15370);
#15370=IFCMATERIALPROFILESETUSAGE(#12664,9,$);
#15371=IFCPRODUCTDEFINITIONSHAPE($,$,(#15372,#15375));
#15372=IFCSHAPEREPRESENTATION(#12,'Axis','Curve3D',(#15373));
#15373=IFCINDEXEDPOLYCURVE(#15374,$,.F.);
#15374=IFCCARTESIANPOINTLIST3D(((0.,0.,0.),(0.,0.,3.)));
#15375=IFCSHAPEREPRESENTATION(#11,'Body','SweptSolid',(#15376));
#15376=IFCEXTRUDEDAREASOLID(#12663,#15377,#15381,3.);
#15377=IFCAXIS2PLACEMENT3D(#15378,#15379,#15380);
#15378=IFCCARTESIANPOINT((0.25,-0.25,0.));
#15379=IFCDIRECTION((0.,0.,1.));
#15380=IFCDIRECTION((1.,0.,0.));
#15381=IFCDIRECTION((0.,0.,1.));
#15382=IFCCARTESIANPOINT((-3.03253173828125,2.8999300003051758,0.));
#15383=IFCDIRECTION((0.,0.,1.));
#15384=IFCDIRECTION((1.,0.,0.));
#15385=IFCAXIS2PLACEMENT3D(#15382,#15383,#15384);
#15386=IFCLOCALPLACEMENT(#4863,#15385);
#15387=IFCCOLUMN('0PhfTCBQb5lw3_aam3_A4_',$,'Column',$,$,#15457,#15398,$,$);
#15393=IFCRELASSOCIATESMATERIAL('1761DHsM58dh$10dhONfGf',$,$,$,(#15387),#15394);
#15394=IFCMATERIALPROFILESETUSAGE(#12664,9,$);
#15395=IFCRELDEFINESBYPROPERTIES('1vQFRZMf19eAbuR6km36Wu',$,$,$,(#15387),#15396);
#15396=IFCPROPERTYSET('1_N45j0kj9WwYhrCb9zEAx',$,'EPset_Parametric',$,(#15397));
#15397=IFCPROPERTYSINGLEVALUE('Engine',$,IFCLABEL('Bonsai.DumbProfile'),$);
#15398=IFCPRODUCTDEFINITIONSHAPE($,$,(#15399,#15402));
#15399=IFCSHAPEREPRESENTATION(#12,'Axis','Curve3D',(#15400));
#15400=IFCINDEXEDPOLYCURVE(#15401,$,.F.);
#15401=IFCCARTESIANPOINTLIST3D(((0.,0.,0.),(0.,0.,3.)));
#15402=IFCSHAPEREPRESENTATION(#11,'Body','SweptSolid',(#15403));
#15403=IFCEXTRUDEDAREASOLID(#12663,#15404,#15408,3.);
#15404=IFCAXIS2PLACEMENT3D(#15405,#15406,#15407);
#15405=IFCCARTESIANPOINT((0.25,-0.25,0.));
#15406=IFCDIRECTION((0.,0.,1.));
#15407=IFCDIRECTION((1.,0.,0.));
#15408=IFCDIRECTION((0.,0.,1.));
#15409=IFCCOLUMN('1lh24Q5FH23xyzDZzbROGG',$,'Column',$,$,#16437,#15420,$,$);
#15415=IFCRELDEFINESBYPROPERTIES('0PxMihpff8aApKlbYcJtZz',$,$,$,(#15409),#15416);
#15416=IFCPROPERTYSET('0LlrAiqlD8KfcJwEE2tUdW',$,'EPset_Parametric',$,(#15417));
#15417=IFCPROPERTYSINGLEVALUE('Engine',$,IFCLABEL('Bonsai.DumbProfile'),$);
#15418=IFCRELASSOCIATESMATERIAL('29IxNs_6H7Vud61tVtrbvU',$,$,$,(#15409),#15419);
#15419=IFCMATERIALPROFILESETUSAGE(#12664,9,$);
#15420=IFCPRODUCTDEFINITIONSHAPE($,$,(#15421,#15424));
#15421=IFCSHAPEREPRESENTATION(#12,'Axis','Curve3D',(#15422));
#15422=IFCINDEXEDPOLYCURVE(#15423,$,.F.);
#15423=IFCCARTESIANPOINTLIST3D(((0.,0.,0.),(0.,0.,3.)));
#15424=IFCSHAPEREPRESENTATION(#11,'Body','SweptSolid',(#15425));
#15425=IFCEXTRUDEDAREASOLID(#12663,#15426,#15430,3.);
#15426=IFCAXIS2PLACEMENT3D(#15427,#15428,#15429);
#15427=IFCCARTESIANPOINT((0.25,-0.25,0.));
#15428=IFCDIRECTION((0.,0.,1.));
#15429=IFCDIRECTION((1.,0.,0.));
#15430=IFCDIRECTION((0.,0.,1.));
#15431=IFCCOLUMN('2fcSXnVJ1B_BNE5yy7aFm5',$,'Column',$,$,#16442,#15442,$,$);
#15437=IFCRELASSOCIATESMATERIAL('3wnp8LLKf3RO1xH_46w59W',$,$,$,(#15431),#15438);
#15438=IFCMATERIALPROFILESETUSAGE(#12664,9,$);
#15439=IFCRELDEFINESBYPROPERTIES('20G8Ikap19$BCAtoY1wxMC',$,$,$,(#15431),#15440);
#15440=IFCPROPERTYSET('18rv2aeXf8Y8vCVpYgFpG6',$,'EPset_Parametric',$,(#15441));
#15441=IFCPROPERTYSINGLEVALUE('Engine',$,IFCLABEL('Bonsai.DumbProfile'),$);
#15442=IFCPRODUCTDEFINITIONSHAPE($,$,(#15443,#15446));
#15443=IFCSHAPEREPRESENTATION(#12,'Axis','Curve3D',(#15444));
#15444=IFCINDEXEDPOLYCURVE(#15445,$,.F.);
#15445=IFCCARTESIANPOINTLIST3D(((0.,0.,0.),(0.,0.,3.)));
#15446=IFCSHAPEREPRESENTATION(#11,'Body','SweptSolid',(#15447));
#15447=IFCEXTRUDEDAREASOLID(#12663,#15448,#15452,3.);
#15448=IFCAXIS2PLACEMENT3D(#15449,#15450,#15451);
#15449=IFCCARTESIANPOINT((0.25,-0.25,0.));
#15450=IFCDIRECTION((0.,0.,1.));
#15451=IFCDIRECTION((1.,0.,0.));
#15452=IFCDIRECTION((0.,0.,1.));
#15453=IFCCARTESIANPOINT((-3.03253173828125,0.14993190765380859,0.));
#15454=IFCDIRECTION((0.,0.,1.));
#15455=IFCDIRECTION((1.,0.,0.));
#15456=IFCAXIS2PLACEMENT3D(#15453,#15454,#15455);
#15457=IFCLOCALPLACEMENT(#4863,#15456);
#15458=IFCCOLUMN('0qPw$sD851N8n$uxNXn6Td',$,'Column',$,$,#16447,#15469,$,$);
#15464=IFCRELDEFINESBYPROPERTIES('0$p1dRjhj23846ThGhmBua',$,$,$,(#15458),#15465);
#15465=IFCPROPERTYSET('1bQinDLs90Vh0qVrwd75cu',$,'EPset_Parametric',$,(#15466));
#15466=IFCPROPERTYSINGLEVALUE('Engine',$,IFCLABEL('Bonsai.DumbProfile'),$);
#15467=IFCRELASSOCIATESMATERIAL('0Ejv5wTozAWAsQXdOgDH5v',$,$,$,(#15458),#15468);
#15468=IFCMATERIALPROFILESETUSAGE(#12664,9,$);
#15469=IFCPRODUCTDEFINITIONSHAPE($,$,(#15470,#15473));
#15470=IFCSHAPEREPRESENTATION(#12,'Axis','Curve3D',(#15471));
#15471=IFCINDEXEDPOLYCURVE(#15472,$,.F.);
#15472=IFCCARTESIANPOINTLIST3D(((0.,0.,0.),(0.,0.,3.)));
#15473=IFCSHAPEREPRESENTATION(#11,'Body','SweptSolid',(#15474));
#15474=IFCEXTRUDEDAREASOLID(#12663,#15475,#15479,3.);
#15475=IFCAXIS2PLACEMENT3D(#15476,#15477,#15478);
#15476=IFCCARTESIANPOINT((0.25,-0.25,0.));
#15477=IFCDIRECTION((0.,0.,1.));
#15478=IFCDIRECTION((1.,0.,0.));
#15479=IFCDIRECTION((0.,0.,1.));
#15480=IFCBEAM('1Epa4VgCjC2vpL5owztXit',$,'Beam',$,$,#15487,#15491,$,$);
#15481=IFCMATERIALPROFILESETUSAGE(#14773,9,$);
#15482=IFCRELASSOCIATESMATERIAL('1SP8ykw2X6zQp1$Xgicd5K',$,$,$,(#15480),#15481);
#15483=IFCCARTESIANPOINT((-2.53253173828125,-0.35006809234619141,3.));
#15484=IFCDIRECTION((-8.7422774678851342E-08,0.99999999999999334,7.5497898658640888E-08));
#15485=IFCDIRECTION((-0.99999999999999234,-8.7422774678851262E-08,8.7422781784279043E-08));
#15486=IFCAXIS2PLACEMENT3D(#15483,#15484,#15485);
#15487=IFCLOCALPLACEMENT(#4863,#15486);
#15488=IFCCARTESIANPOINTLIST3D(((0.,0.,0.),(0.,0.,5.649999547637651)));
#15489=IFCINDEXEDPOLYCURVE(#15488,$,.F.);
#15490=IFCSHAPEREPRESENTATION(#12,'Axis','Curve3D',(#15489));
#15491=IFCPRODUCTDEFINITIONSHAPE($,$,(#15490,#15498));
#15492=IFCCARTESIANPOINT((0.25,-0.25,0.));
#15493=IFCDIRECTION((0.,0.,1.));
#15494=IFCDIRECTION((1.,0.,0.));
#15495=IFCAXIS2PLACEMENT3D(#15492,#15493,#15494);
#15496=IFCDIRECTION((0.,0.,1.));
#15497=IFCEXTRUDEDAREASOLID(#12663,#15495,#15496,5.649999547637651);
#15498=IFCSHAPEREPRESENTATION(#11,'Body','SweptSolid',(#15497));
#15499=IFCPROPERTYSET('1GUwg_1W1568seddBg5fBB',$,'EPset_Parametric',$,(#15501));
#15500=IFCRELDEFINESBYPROPERTIES('2hyv_rq2P9Qx1h51m0Tw1k',$,$,$,(#15480),#15499);
#15501=IFCPROPERTYSINGLEVALUE('Engine',$,IFCLABEL('Bonsai.DumbProfile'),$);
#15502=IFCBEAM('3rHJ3_uff0ahccxJQJTb5q',$,'Beam',$,$,#15509,#15513,$,$);
#15503=IFCMATERIALPROFILESETUSAGE(#14773,9,$);
#15504=IFCRELASSOCIATESMATERIAL('10pkYn_6vF_w5DqQk$hkQO',$,$,$,(#15502),#15503);
#15505=IFCCARTESIANPOINT((0.46747827529907227,-0.35006809234619141,3.));
#15506=IFCDIRECTION((8.7422767573423561E-08,0.99999999999999334,7.5497898658640888E-08));
#15507=IFCDIRECTION((-0.99999999999999067,8.7422774678851117E-08,-1.0421283657678159E-07));
#15508=IFCAXIS2PLACEMENT3D(#15505,#15506,#15507);
#15509=IFCLOCALPLACEMENT(#4863,#15508);
#15510=IFCCARTESIANPOINTLIST3D(((0.,0.,0.),(0.,0.,7.1000002578950223)));
#15511=IFCINDEXEDPOLYCURVE(#15510,$,.F.);
#15512=IFCSHAPEREPRESENTATION(#12,'Axis','Curve3D',(#15511));
#15513=IFCPRODUCTDEFINITIONSHAPE($,$,(#15512,#15520));
#15514=IFCCARTESIANPOINT((0.25,-0.25,0.));
#15515=IFCDIRECTION((0.,0.,1.));
#15516=IFCDIRECTION((1.,0.,0.));
#15517=IFCAXIS2PLACEMENT3D(#15514,#15515,#15516);
#15518=IFCDIRECTION((0.,0.,1.));
#15519=IFCEXTRUDEDAREASOLID(#12663,#15517,#15518,7.1000002578950223);
#15520=IFCSHAPEREPRESENTATION(#11,'Body','SweptSolid',(#15519));
#15521=IFCPROPERTYSET('03tntjiH1EMec3hsdWJmNo',$,'EPset_Parametric',$,(#15523));
#15522=IFCRELDEFINESBYPROPERTIES('3N5nonF29A4uNRX6TYedu_',$,$,$,(#15502),#15521);
#15523=IFCPROPERTYSINGLEVALUE('Engine',$,IFCLABEL('Bonsai.DumbProfile'),$);
#15524=IFCBEAM('3Dn3cstMPFTBrjxyeEKPZ0',$,'Beam',$,$,#16427,#15535,$,$);
#15525=IFCMATERIALPROFILESETUSAGE(#14773,9,$);
#15526=IFCRELASSOCIATESMATERIAL('3vldslGjr1vgrpswtKo01M',$,$,$,(#15524),#15525);
#15532=IFCCARTESIANPOINTLIST3D(((0.,0.,0.),(0.,0.,4.4999985165064249)));
#15533=IFCINDEXEDPOLYCURVE(#15532,$,.F.);
#15534=IFCSHAPEREPRESENTATION(#12,'Axis','Curve3D',(#15533));
#15535=IFCPRODUCTDEFINITIONSHAPE($,$,(#15534,#15542));
#15536=IFCCARTESIANPOINT((0.25,-0.25,0.));
#15537=IFCDIRECTION((0.,0.,1.));
#15538=IFCDIRECTION((1.,0.,0.));
#15539=IFCAXIS2PLACEMENT3D(#15536,#15537,#15538);
#15540=IFCDIRECTION((0.,0.,1.));
#15541=IFCEXTRUDEDAREASOLID(#12663,#15539,#15540,4.4999985165064249);
#15542=IFCSHAPEREPRESENTATION(#11,'Body','SweptSolid',(#15541));
#15543=IFCPROPERTYSET('2dEF6S$cH2dulEcaJZrI09',$,'EPset_Parametric',$,(#15545));
#15544=IFCRELDEFINESBYPROPERTIES('1LEPA4qHf0f9sh8jx2yfE7',$,$,$,(#15524),#15543);
#15545=IFCPROPERTYSINGLEVALUE('Engine',$,IFCLABEL('Bonsai.DumbProfile'),$);
#15639=IFCBEAM('07O8$UA0z61A4nYtb1NpW9',$,'Beam',$,$,#15640,#15650,$,$);
#15640=IFCLOCALPLACEMENT(#79,#15641);
#15641=IFCAXIS2PLACEMENT3D(#15642,#15643,#15644);
#15642=IFCCARTESIANPOINT((4.4674773216247559,4.7999329566955566,2.9999985694885254));
#15643=IFCDIRECTION((-0.99999999999996203,-1.9470716949853511E-07,1.9470718370938983E-07));
#15644=IFCDIRECTION((1.9470718370939216E-07,-0.99999999999997402,1.1920928955077815E-07));
#15645=IFCRELASSOCIATESMATERIAL('3HUTv4dYnDUA7g88AmNWH0',$,$,$,(#15639),#15646);
#15646=IFCMATERIALPROFILESETUSAGE(#14773,7,$);
#15647=IFCRELDEFINESBYPROPERTIES('2fT3JH0JL00vg8kz$ZV2_r',$,$,$,(#15639),#15648);
#15648=IFCPROPERTYSET('184xAVsB1CAQ5iUCN_Q8XU',$,'EPset_Parametric',$,(#15649));
#15649=IFCPROPERTYSINGLEVALUE('Engine',$,IFCLABEL('Bonsai.DumbProfile'),$);
#15650=IFCPRODUCTDEFINITIONSHAPE($,$,(#15651,#15654));
#15651=IFCSHAPEREPRESENTATION(#12,'Axis','Curve3D',(#15652));
#15652=IFCINDEXEDPOLYCURVE(#15653,$,.F.);
#15653=IFCCARTESIANPOINTLIST3D(((0.,0.,0.),(0.,0.,7.5000091552678647)));
#15654=IFCSHAPEREPRESENTATION(#11,'Body','SweptSolid',(#15655));
#15655=IFCEXTRUDEDAREASOLID(#12663,#15656,#15660,7.5000091552678647);
#15656=IFCAXIS2PLACEMENT3D(#15657,#15658,#15659);
#15657=IFCCARTESIANPOINT((-0.25,-0.25,0.));
#15658=IFCDIRECTION((0.,0.,1.));
#15659=IFCDIRECTION((1.,0.,0.));
#15660=IFCDIRECTION((0.,0.,1.));
#15661=IFCBEAM('2HbJHVOhP5k9kiD3m07Ees',$,'Beam',$,$,#15662,#15672,$,$);
#15662=IFCLOCALPLACEMENT(#79,#15663);
#15663=IFCAXIS2PLACEMENT3D(#15664,#15665,#15666);
#15664=IFCCARTESIANPOINT((4.4674773216247559,4.7999329566955566,2.9999985694885254));
#15665=IFCDIRECTION((-0.99999999999996203,-1.9470716949853511E-07,1.9470718370938983E-07));
#15666=IFCDIRECTION((1.9470718370939216E-07,-0.99999999999997402,1.1920928955077815E-07));
#15667=IFCRELASSOCIATESMATERIAL('1gtWzOFSL1wfkhNiRe2Fxn',$,$,$,(#15661),#15668);
#15668=IFCMATERIALPROFILESETUSAGE(#14773,7,$);
#15669=IFCRELDEFINESBYPROPERTIES('0czBPldrf19ex8D0YPZqYO',$,$,$,(#15661),#15670);
#15670=IFCPROPERTYSET('1hZTFmCDD7NeG5njcZwkZ0',$,'EPset_Parametric',$,(#15671));
#15671=IFCPROPERTYSINGLEVALUE('Engine',$,IFCLABEL('Bonsai.DumbProfile'),$);
#15672=IFCPRODUCTDEFINITIONSHAPE($,$,(#15673,#15676));
#15673=IFCSHAPEREPRESENTATION(#12,'Axis','Curve3D',(#15674));
#15674=IFCINDEXEDPOLYCURVE(#15675,$,.F.);
#15675=IFCCARTESIANPOINTLIST3D(((0.,0.,0.),(0.,0.,7.5000091552678647)));
#15676=IFCSHAPEREPRESENTATION(#11,'Body','SweptSolid',(#15677));
#15677=IFCEXTRUDEDAREASOLID(#12663,#15678,#15682,7.5000091552678647);
#15678=IFCAXIS2PLACEMENT3D(#15679,#15680,#15681);
#15679=IFCCARTESIANPOINT((-0.25,-0.25,0.));
#15680=IFCDIRECTION((0.,0.,1.));
#15681=IFCDIRECTION((1.,0.,0.));
#15682=IFCDIRECTION((0.,0.,1.));
#15683=IFCBEAM('2fLlqaAx56POJvMMkISc_r',$,'Beam',$,$,#15734,#15694,$,$);
#15684=IFCMATERIALPROFILESETUSAGE(#14773,9,$);
#15685=IFCRELASSOCIATESMATERIAL('3WpulJMKj1DOKRPZJgbBu7',$,$,$,(#15683),#15684);
#15694=IFCPRODUCTDEFINITIONSHAPE($,$,(#15722,#15729));
#15702=IFCPROPERTYSET('0xeYe1Pmz1FxqF4pDNwTtL',$,'EPset_Parametric',$,(#15704));
#15703=IFCRELDEFINESBYPROPERTIES('39sS1oO4X1BAPuOMN1geSy',$,$,$,(#15683),#15702);
#15704=IFCPROPERTYSINGLEVALUE('Engine',$,IFCLABEL('Bonsai.DumbProfile'),$);
#15720=IFCCARTESIANPOINTLIST3D(((-1.3955202859960991E-07,-1.3955200017790048E-07,5.2853607712677331E-08),(-2.2894985818311397E-07,-2.2894982976140454E-07,7.5000095367431641)));
#15721=IFCINDEXEDPOLYCURVE(#15720,$,.F.);
#15722=IFCSHAPEREPRESENTATION(#12,'Axis','Curve3D',(#15721));
#15723=IFCCARTESIANPOINT((0.25,-0.25,0.));
#15724=IFCDIRECTION((0.,0.,1.));
#15725=IFCDIRECTION((1.,0.,0.));
#15726=IFCAXIS2PLACEMENT3D(#15723,#15724,#15725);
#15727=IFCDIRECTION((0.,0.,1.));
#15728=IFCEXTRUDEDAREASOLID(#12663,#15726,#15727,7.5000096638935441);
#15729=IFCSHAPEREPRESENTATION(#11,'Body','SweptSolid',(#15728));
#15730=IFCCARTESIANPOINT((4.4674773216247559,5.2999329566955566,3.));
#15731=IFCDIRECTION((-0.99999999999999423,-7.5497901264042884E-08,7.5497901264042884E-08));
#15732=IFCDIRECTION((7.5497901264043109E-08,-0.99999999999999711,-7.1609385088322392E-15));
#15733=IFCAXIS2PLACEMENT3D(#15730,#15731,#15732);
#15734=IFCLOCALPLACEMENT(#4863,#15733);
#15735=IFCBEAM('2Tec_rJoTDcPEm9aQo5UcC',$,'Beam',$,$,#15761,#15746,$,$);
#15741=IFCRELDEFINESBYPROPERTIES('2kKRw3XlzARexSFJqy8m9A',$,$,$,(#15735),#15742);
#15742=IFCPROPERTYSET('2pMlrh9lb1tBjzVVE58lea',$,'EPset_Parametric',$,(#15743));
#15743=IFCPROPERTYSINGLEVALUE('Engine',$,IFCLABEL('Bonsai.DumbProfile'),$);
#15744=IFCRELASSOCIATESMATERIAL('2ARRblLLX54eLctLwEle3A',$,$,$,(#15735),#15745);
#15745=IFCMATERIALPROFILESETUSAGE(#14773,9,$);
#15746=IFCPRODUCTDEFINITIONSHAPE($,$,(#15747,#15750));
#15747=IFCSHAPEREPRESENTATION(#12,'Axis','Curve3D',(#15748));
#15748=IFCINDEXEDPOLYCURVE(#15749,$,.F.);
#15749=IFCCARTESIANPOINTLIST3D(((-1.3955202859960991E-07,-1.3955200017790048E-07,5.2853607712677331E-08),(-2.2894985818311397E-07,-2.2894982976140454E-07,7.5000095367431641)));
#15750=IFCSHAPEREPRESENTATION(#11,'Body','SweptSolid',(#15751));
#15751=IFCEXTRUDEDAREASOLID(#12663,#15752,#15756,7.5000096638935441);
#15752=IFCAXIS2PLACEMENT3D(#15753,#15754,#15755);
#15753=IFCCARTESIANPOINT((0.25,-0.25,0.));
#15754=IFCDIRECTION((0.,0.,1.));
#15755=IFCDIRECTION((1.,0.,0.));
#15756=IFCDIRECTION((0.,0.,1.));
#15757=IFCCARTESIANPOINT((4.4674777984619141,2.899930477142334,2.9999995231628418));
#15758=IFCDIRECTION((-0.99999999999999423,-7.5497901264042884E-08,7.5497901264042884E-08));
#15759=IFCDIRECTION((7.5497901264043109E-08,-0.99999999999999711,-7.1609385088322392E-15));
#15760=IFCAXIS2PLACEMENT3D(#15757,#15758,#15759);
#15761=IFCLOCALPLACEMENT(#4863,#15760);
#15762=IFCBEAM('0kgYBYRe18wvlG0wXjFP2Q',$,'Beam',$,$,#16432,#15773,$,$);
#15768=IFCRELDEFINESBYPROPERTIES('2$9h1UzHf6VeRjS_zPtEXd',$,$,$,(#15762),#15769);
#15769=IFCPROPERTYSET('0JqbWO$pjEyuRSN79422SR',$,'EPset_Parametric',$,(#15770));
#15770=IFCPROPERTYSINGLEVALUE('Engine',$,IFCLABEL('Bonsai.DumbProfile'),$);
#15771=IFCRELASSOCIATESMATERIAL('0o2kP7IBP719MIml2yFCNx',$,$,$,(#15762),#15772);
#15772=IFCMATERIALPROFILESETUSAGE(#14773,9,$);
#15773=IFCPRODUCTDEFINITIONSHAPE($,$,(#15774,#15777));
#15774=IFCSHAPEREPRESENTATION(#12,'Axis','Curve3D',(#15775));
#15775=IFCINDEXEDPOLYCURVE(#15776,$,.F.);
#15776=IFCCARTESIANPOINTLIST3D(((-1.3955202859960991E-07,-1.3955200017790048E-07,5.2853607712677331E-08),(-2.2894985818311397E-07,-2.2894982976140454E-07,7.5000095367431641)));
#15777=IFCSHAPEREPRESENTATION(#11,'Body','SweptSolid',(#15778));
#15778=IFCEXTRUDEDAREASOLID(#12663,#15779,#15783,7.5000096638935441);
#15779=IFCAXIS2PLACEMENT3D(#15780,#15781,#15782);
#15780=IFCCARTESIANPOINT((0.25,-0.25,0.));
#15781=IFCDIRECTION((0.,0.,1.));
#15782=IFCDIRECTION((1.,0.,0.));
#15783=IFCDIRECTION((0.,0.,1.));
#15784=IFCCOLUMN('1nQYY7X612exXabcpqMa_3',$,'Column',$,$,#15785,#15795,$,$);
#15785=IFCLOCALPLACEMENT(#79,#15786);
#15786=IFCAXIS2PLACEMENT3D(#15787,#15788,#15789);
#15787=IFCCARTESIANPOINT((-2.7825212478637695,-0.10006809234619141,0.));
#15788=IFCDIRECTION((0.,0.,1.));
#15789=IFCDIRECTION((1.,0.,0.));
#15790=IFCRELASSOCIATESMATERIAL('3BOc4RVBvApuqSG7aqRo$e',$,$,$,(#15784),#15791);
#15791=IFCMATERIALPROFILESETUSAGE(#12664,5,$);
#15792=IFCRELDEFINESBYPROPERTIES('0t$Zi$2ivDnu0gZUtyxxSZ',$,$,$,(#15784),#15793);
#15793=IFCPROPERTYSET('3Hrvx_a5f9CPj1AY49olGm',$,'EPset_Parametric',$,(#15794));
#15794=IFCPROPERTYSINGLEVALUE('Engine',$,IFCLABEL('Bonsai.DumbProfile'),$);
#15795=IFCPRODUCTDEFINITIONSHAPE($,$,(#15796,#15799));
#15796=IFCSHAPEREPRESENTATION(#12,'Axis','Curve3D',(#15797));
#15797=IFCINDEXEDPOLYCURVE(#15798,$,.F.);
#15798=IFCCARTESIANPOINTLIST3D(((0.,0.,0.),(0.,0.,3.)));
#15799=IFCSHAPEREPRESENTATION(#11,'Body','SweptSolid',(#15800));
#15800=IFCEXTRUDEDAREASOLID(#12663,#15801,#15805,3.);
#15801=IFCAXIS2PLACEMENT3D(#15802,#15803,#15804);
#15802=IFCCARTESIANPOINT((0.,0.,0.));
#15803=IFCDIRECTION((0.,0.,1.));
#15804=IFCDIRECTION((1.,0.,0.));
#15805=IFCDIRECTION((0.,0.,1.));
#15806=IFCCOLUMN('2pZ2t3HaH4PPpk3Iy6t7rW',$,'Column',$,$,#16452,#15817,$,$);
#15812=IFCRELDEFINESBYPROPERTIES('0f4aad7I9DCxmPtFgckoZr',$,$,$,(#15806),#15813);
#15813=IFCPROPERTYSET('356iyasvv6mhzzOWuK5CG9',$,'EPset_Parametric',$,(#15814));
#15814=IFCPROPERTYSINGLEVALUE('Engine',$,IFCLABEL('Bonsai.DumbProfile'),$);
#15815=IFCRELASSOCIATESMATERIAL('0sxl8RpED6EBIDcDHVWtxJ',$,$,$,(#15806),#15816);
#15816=IFCMATERIALPROFILESETUSAGE(#12664,9,$);
#15817=IFCPRODUCTDEFINITIONSHAPE($,$,(#15818,#15821));
#15818=IFCSHAPEREPRESENTATION(#12,'Axis','Curve3D',(#15819));
#15819=IFCINDEXEDPOLYCURVE(#15820,$,.F.);
#15820=IFCCARTESIANPOINTLIST3D(((0.,0.,0.),(0.,0.,3.)));
#15821=IFCSHAPEREPRESENTATION(#11,'Body','SweptSolid',(#15822));
#15822=IFCEXTRUDEDAREASOLID(#12663,#15823,#15827,3.);
#15823=IFCAXIS2PLACEMENT3D(#15824,#15825,#15826);
#15824=IFCCARTESIANPOINT((0.25,-0.25,0.));
#15825=IFCDIRECTION((0.,0.,1.));
#15826=IFCDIRECTION((1.,0.,0.));
#15827=IFCDIRECTION((0.,0.,1.));
#15868=IFCINDEXEDPOLYGONALFACE((2,1,19,18,17,16,15,14,13,12,11,10,9,8,7,6,5,4,3));
#15869=IFCINDEXEDPOLYGONALFACE((20,21,22,23,24,25,26,27,28,29,30,31,32,33,34,35,36,37,38));
#15870=IFCINDEXEDPOLYGONALFACE((14,15,33,32));
#15871=IFCINDEXEDPOLYGONALFACE((7,8,26,25));
#15872=IFCINDEXEDPOLYGONALFACE((15,16,34,33));
#15873=IFCINDEXEDPOLYGONALFACE((8,9,27,26));
#15874=IFCINDEXEDPOLYGONALFACE((1,2,20,38));
#15875=IFCINDEXEDPOLYGONALFACE((16,17,35,34));
#15876=IFCINDEXEDPOLYGONALFACE((9,10,28,27));
#15877=IFCINDEXEDPOLYGONALFACE((2,3,21,20));
#15878=IFCINDEXEDPOLYGONALFACE((19,1,38,37));
#15879=IFCINDEXEDPOLYGONALFACE((10,11,29,28));
#15880=IFCINDEXEDPOLYGONALFACE((3,4,22,21));
#15881=IFCINDEXEDPOLYGONALFACE((18,19,37,36));
#15882=IFCINDEXEDPOLYGONALFACE((11,12,30,29));
#15883=IFCINDEXEDPOLYGONALFACE((4,5,23,22));
#15884=IFCINDEXEDPOLYGONALFACE((17,18,36,35));
#15885=IFCINDEXEDPOLYGONALFACE((12,13,31,30));
#15886=IFCINDEXEDPOLYGONALFACE((5,6,24,23));
#15887=IFCINDEXEDPOLYGONALFACE((13,14,32,31));
#15888=IFCINDEXEDPOLYGONALFACE((6,7,25,24));
#15889=IFCCARTESIANPOINTLIST3D(((0.,0.,0.),(0.,0.,0.18221643567085266),(0.19998113811016083,0.,0.18221643567085266),(0.19998113811016083,0.,0.36443287134170532),(0.39996227622032166,0.,0.36443287134170532),(0.39996227622032166,0.,0.54664933681488037),(0.59994339942932129,0.,0.54664933681488037),(0.59994339942932129,0.,0.72886574268341064),(0.79992455244064331,0.,0.72886574268341064),(0.79992455244064331,0.,0.91108214855194092),(0.99990570545196533,0.,0.91108214855194092),(0.99990570545196533,0.,1.0932985544204712),(1.1998867988586426,0.,1.0932985544204712),(1.1998867988586426,0.,1.2755149602890015),(1.3998678922653198,0.,1.2755149602890015),(1.3998678922653198,0.,1.0255149602890015),(1.49668288230896,0.,1.0255149602890015),(0.096815019845962524,0.,-0.25),(0.,0.,-0.25),(0.,0.9355010986328125,0.18221643567085266),(0.19998113811016083,0.9355010986328125,0.18221643567085266),(0.19998113811016083,0.9355010986328125,0.36443287134170532),(0.39996227622032166,0.9355010986328125,0.36443287134170532),(0.39996227622032166,0.9355010986328125,0.54664933681488037),(0.59994339942932129,0.9355010986328125,0.54664933681488037),(0.59994339942932129,0.9355010986328125,0.72886574268341064),(0.79992455244064331,0.9355010986328125,0.72886574268341064),(0.79992455244064331,0.9355010986328125,0.91108214855194092),(0.99990570545196533,0.9355010986328125,0.91108214855194092),(0.99990570545196533,0.9355010986328125,1.0932985544204712),(1.1998867988586426,0.9355010986328125,1.0932985544204712),(1.1998867988586426,0.9355010986328125,1.2755149602890015),(1.3998678922653198,0.9355010986328125,1.2755149602890015),(1.3998678922653198,0.9355010986328125,1.0255149602890015),(1.49668288230896,0.9355010986328125,1.0255149602890015),(0.096815019845962524,0.9355010986328125,-0.25),(0.,0.9355010986328125,-0.25),(0.,0.9355010986328125,0.)));
#15890=IFCPOLYGONALFACESET(#15889,.T.,(#15868,#15869,#15870,#15871,#15872,#15873,#15874,#15875,#15876,#15877,#15878,#15879,#15880,#15881,#15882,#15883,#15884,#15885,#15886,#15887,#15888),$);
#15891=IFCSHAPEREPRESENTATION(#11,'Body','Tessellation',(#15890));
#15893=IFCCARTESIANPOINT((0.,0.,-0.25));
#15894=IFCBOUNDINGBOX(#15893,1.49668288230896,0.9355010986328125,1.5255149602890015);
#15895=IFCSHAPEREPRESENTATION(#13,'Box','BoundingBox',(#15894));
#15896=IFCCARTESIANPOINT((0.,0.,0.));
#15897=IFCDIRECTION((1.,0.,0.));
#15898=IFCDIRECTION((0.,0.,1.));
#15899=IFCAXIS2PLACEMENT3D(#15896,#15898,#15897);
#15900=IFCREPRESENTATIONMAP(#15899,#15895);
#15901=IFCCARTESIANPOINT((0.,0.,0.));
#15902=IFCDIRECTION((1.,0.,0.));
#15903=IFCDIRECTION((0.,1.,0.));
#15904=IFCDIRECTION((0.,0.,1.));
#15905=IFCCARTESIANTRANSFORMATIONOPERATOR3D(#15902,#15903,#15901,1.,#15904);
#15906=IFCMAPPEDITEM(#15900,#15905);
#15907=IFCSHAPEREPRESENTATION(#13,'Box','MappedRepresentation',(#15906));
#15908=IFCRAILING('3N0iUpJVX13eWE$1SbVDOL',$,'Railing',$,'FRAMELESS_PANEL',#16002,#15916,$,.USERDEFINED.);
#15909=IFCCARTESIANPOINT((0.,0.,0.));
#15910=IFCDIRECTION((1.,0.,0.));
#15911=IFCDIRECTION((0.,1.,0.));
#15912=IFCDIRECTION((0.,0.,1.));
#15913=IFCCARTESIANTRANSFORMATIONOPERATOR3D(#15910,#15911,#15909,1.,#15912);
#15914=IFCMAPPEDITEM(#12221,#15913);
#15915=IFCSHAPEREPRESENTATION(#11,'Body','MappedRepresentation',(#15914));
#15916=IFCPRODUCTDEFINITIONSHAPE($,$,(#15915,#16035));
#15929=IFCRAILING('0os9WQ_7fAF98USwl8l0WC',$,'Railing',$,'FRAMELESS_PANEL',#15949,#15937,$,$);
#15930=IFCCARTESIANPOINT((0.,0.,0.));
#15931=IFCDIRECTION((1.,0.,0.));
#15932=IFCDIRECTION((0.,1.,0.));
#15933=IFCDIRECTION((0.,0.,1.));
#15934=IFCCARTESIANTRANSFORMATIONOPERATOR3D(#15931,#15932,#15930,1.,#15933);
#15935=IFCMAPPEDITEM(#12221,#15934);
#15936=IFCSHAPEREPRESENTATION(#11,'Body','MappedRepresentation',(#15935));
#15937=IFCPRODUCTDEFINITIONSHAPE($,$,(#15936,#16028));
#15945=IFCCARTESIANPOINT((1.6986145973205566,2.114081859588623,0.));
#15946=IFCDIRECTION((0.,0.,1.));
#15947=IFCDIRECTION((1.,0.,0.));
#15948=IFCAXIS2PLACEMENT3D(#15945,#15946,#15947);
#15949=IFCLOCALPLACEMENT(#79,#15948);
#15998=IFCCARTESIANPOINT((3.0056777000427246,0.57227891683578491,0.24720805883407593));
#15999=IFCDIRECTION((0.,0.,1.));
#16000=IFCDIRECTION((1.,0.,0.));
#16001=IFCAXIS2PLACEMENT3D(#15998,#15999,#16000);
#16002=IFCLOCALPLACEMENT(#79,#16001);
#16003=IFCCARTESIANPOINTLIST3D(((-1.1856942176818848,-0.049999892711639404,-0.14720804989337921),(0.,0.,0.),(0.30566835403442383,-0.049999892711639404,1.6527919769287109)));
#16004=IFCINDEXEDPOLYCURVE(#16003,(IFCLINEINDEX((1,2)),IFCLINEINDEX((2,3))),$);
#16005=IFCSHAPEREPRESENTATION(#11,'Body','Curve3D',(#16004));
#16007=IFCCARTESIANPOINT((-1.1856942176818848,-0.049999892711639404,-0.14720804989337921));
#16008=IFCBOUNDINGBOX(#16007,1.4913625717163086,0.049999892711639404,1.8000000715255737);
#16009=IFCSHAPEREPRESENTATION(#13,'Box','BoundingBox',(#16008));
#16010=IFCCARTESIANPOINT((0.,0.,0.));
#16011=IFCDIRECTION((1.,0.,0.));
#16012=IFCDIRECTION((0.,0.,1.));
#16013=IFCAXIS2PLACEMENT3D(#16010,#16012,#16011);
#16014=IFCREPRESENTATIONMAP(#16013,#16009);
#16015=IFCCARTESIANPOINT((0.,0.,0.));
#16016=IFCDIRECTION((1.,0.,0.));
#16017=IFCDIRECTION((0.,1.,0.));
#16018=IFCDIRECTION((0.,0.,1.));
#16019=IFCCARTESIANTRANSFORMATIONOPERATOR3D(#16016,#16017,#16015,1.,#16018);
#16020=IFCMAPPEDITEM(#16014,#16019);
#16021=IFCSHAPEREPRESENTATION(#13,'Box','MappedRepresentation',(#16020));
#16022=IFCCARTESIANPOINT((0.,0.,0.));
#16023=IFCDIRECTION((1.,0.,0.));
#16024=IFCDIRECTION((0.,1.,0.));
#16025=IFCDIRECTION((0.,0.,1.));
#16026=IFCCARTESIANTRANSFORMATIONOPERATOR3D(#16023,#16024,#16022,1.,#16025);
#16027=IFCMAPPEDITEM(#16014,#16026);
#16028=IFCSHAPEREPRESENTATION(#13,'Box','MappedRepresentation',(#16027));
#16029=IFCCARTESIANPOINT((0.,0.,0.));
#16030=IFCDIRECTION((1.,0.,0.));
#16031=IFCDIRECTION((0.,1.,0.));
#16032=IFCDIRECTION((0.,0.,1.));
#16033=IFCCARTESIANTRANSFORMATIONOPERATOR3D(#16030,#16031,#16029,1.,#16032);
#16034=IFCMAPPEDITEM(#16014,#16033);
#16035=IFCSHAPEREPRESENTATION(#13,'Box','MappedRepresentation',(#16034));
#16036=IFCRAILING('1mnh$2ypLD6eR7lzpj7qIL',$,'Railing',$,$,#16062,#16045,$,$);
#16037=IFCRELDEFINESBYTYPE('2qQ$bySqTAl9wgmFXNVKuo',$,$,$,(#16036,#16063),#11356);
#16038=IFCCARTESIANPOINT((0.,0.,0.));
#16039=IFCDIRECTION((1.,0.,0.));
#16040=IFCDIRECTION((0.,1.,0.));
#16041=IFCDIRECTION((0.,0.,1.));
#16042=IFCCARTESIANTRANSFORMATIONOPERATOR3D(#16039,#16040,#16038,1.,#16041);
#16043=IFCMAPPEDITEM(#11388,#16042);
#16044=IFCSHAPEREPRESENTATION(#11,'Body','MappedRepresentation',(#16043));
#16045=IFCPRODUCTDEFINITIONSHAPE($,$,(#16044,#16052));
#16046=IFCCARTESIANPOINT((0.,0.,0.));
#16047=IFCDIRECTION((1.,0.,0.));
#16048=IFCDIRECTION((0.,1.,0.));
#16049=IFCDIRECTION((0.,0.,1.));
#16050=IFCCARTESIANTRANSFORMATIONOPERATOR3D(#16047,#16048,#16046,1.,#16049);
#16051=IFCMAPPEDITEM(#14761,#16050);
#16052=IFCSHAPEREPRESENTATION(#13,'Box','MappedRepresentation',(#16051));
#16058=IFCCARTESIANPOINT((2.7484810352325439,0.60221409797668457,-0.030156806111335754));
#16059=IFCDIRECTION((0.,0.,1.));
#16060=IFCDIRECTION((0.99935035448711051,0.036039825006322211,0.));
#16061=IFCAXIS2PLACEMENT3D(#16058,#16059,#16060);
#16062=IFCLOCALPLACEMENT(#79,#16061);
#16063=IFCRAILING('0NDW2kL8jAAeLdSM1gzza$',$,'Railing',$,$,#16467,#16076,$,$);
#16069=IFCCARTESIANPOINT((0.,0.,0.));
#16070=IFCDIRECTION((1.,0.,0.));
#16071=IFCDIRECTION((0.,1.,0.));
#16072=IFCDIRECTION((0.,0.,1.));
#16073=IFCCARTESIANTRANSFORMATIONOPERATOR3D(#16070,#16071,#16069,1.,#16072);
#16074=IFCMAPPEDITEM(#11388,#16073);
#16075=IFCSHAPEREPRESENTATION(#11,'Body','MappedRepresentation',(#16074));
#16076=IFCPRODUCTDEFINITIONSHAPE($,$,(#16075,#16083));
#16077=IFCCARTESIANPOINT((0.,0.,0.));
#16078=IFCDIRECTION((1.,0.,0.));
#16079=IFCDIRECTION((0.,1.,0.));
#16080=IFCDIRECTION((0.,0.,1.));
#16081=IFCCARTESIANTRANSFORMATIONOPERATOR3D(#16078,#16079,#16077,1.,#16080);
#16082=IFCMAPPEDITEM(#14761,#16081);
#16083=IFCSHAPEREPRESENTATION(#13,'Box','MappedRepresentation',(#16082));
#16084=IFCCARTESIANPOINT((4.2863459587097168,2.2642455101013184,1.8999999761581421));
#16085=IFCDIRECTION((0.,0.,1.));
#16086=IFCDIRECTION((1.,0.,0.));
#16087=IFCAXIS2PLACEMENT3D(#16084,#16085,#16086);
#16088=IFCLOCALPLACEMENT(#79,#16087);
#16089=IFCRAILING('1Dw6kETPfAnRwgvnAttU$x',$,'Railing',$,'FRAMELESS_PANEL',#16472,#16102,$,.USERDEFINED.);
#16095=IFCCARTESIANPOINT((0.,0.,0.));
#16096=IFCDIRECTION((1.,0.,0.));
#16097=IFCDIRECTION((0.,1.,0.));
#16098=IFCDIRECTION((0.,0.,1.));
#16099=IFCCARTESIANTRANSFORMATIONOPERATOR3D(#16096,#16097,#16095,1.,#16098);
#16100=IFCMAPPEDITEM(#11569,#16099);
#16101=IFCSHAPEREPRESENTATION(#11,'Body','MappedRepresentation',(#16100));
#16102=IFCPRODUCTDEFINITIONSHAPE($,$,(#16101,#16109));
#16103=IFCCARTESIANPOINT((0.,0.,0.));
#16104=IFCDIRECTION((1.,0.,0.));
#16105=IFCDIRECTION((0.,1.,0.));
#16106=IFCDIRECTION((0.,0.,1.));
#16107=IFCCARTESIANTRANSFORMATIONOPERATOR3D(#16104,#16105,#16103,1.,#16106);
#16108=IFCMAPPEDITEM(#11653,#16107);
#16109=IFCSHAPEREPRESENTATION(#13,'Box','MappedRepresentation',(#16108));
#16110=IFCRAILING('3falrng4L5mxWzcjWTzxY7',$,'Railing',$,$,#16130,#16118,$,$);
#16111=IFCCARTESIANPOINT((0.,0.,0.));
#16112=IFCDIRECTION((1.,0.,0.));
#16113=IFCDIRECTION((0.,1.,0.));
#16114=IFCDIRECTION((0.,0.,1.));
#16115=IFCCARTESIANTRANSFORMATIONOPERATOR3D(#16112,#16113,#16111,1.,#16114);
#16116=IFCMAPPEDITEM(#12221,#16115);
#16117=IFCSHAPEREPRESENTATION(#11,'Body','MappedRepresentation',(#16116));
#16118=IFCPRODUCTDEFINITIONSHAPE($,$,(#16117,#16125));
#16119=IFCCARTESIANPOINT((0.,0.,0.));
#16120=IFCDIRECTION((1.,0.,0.));
#16121=IFCDIRECTION((0.,1.,0.));
#16122=IFCDIRECTION((0.,0.,1.));
#16123=IFCCARTESIANTRANSFORMATIONOPERATOR3D(#16120,#16121,#16119,1.,#16122);
#16124=IFCMAPPEDITEM(#16014,#16123);
#16125=IFCSHAPEREPRESENTATION(#13,'Box','MappedRepresentation',(#16124));
#16126=IFCCARTESIANPOINT((3.8578767776489258,2.2892694473266602,-3.));
#16127=IFCDIRECTION((0.,0.,1.));
#16128=IFCDIRECTION((1.,0.,0.));
#16129=IFCAXIS2PLACEMENT3D(#16126,#16127,#16128);
#16130=IFCLOCALPLACEMENT(#4863,#16129);
#16132=IFCRAILINGTYPE('0EFfUwI_nDzR1hKs48zTI3',$,'STAIRS',$,$,(#16133,#16135),(#16164,#16208),$,$,.USERDEFINED.);
#16133=IFCPROPERTYSET('1f6tOiGpDDKuZV9Pg_e8Vc',$,'BBIM_Railing',$,(#16134));
#16134=IFCPROPERTYSINGLEVALUE('Data',$,IFCTEXT('{"railing_type": "FRAMELESS_PANEL", "height": 1.0, "thickness": 0.05000000074505806, "spacing": 0.05000000074505806, "path_data": {"edges": [[0, 1], [1, 2]], "verts": [[-1.0, 0.0, 0.0], [0.0, 0.0, 0.0], [1.0, 0.0, 0.0]]}}'),$);
#16135=IFCPROPERTYSET('2Unj$HxcfCsOvTJKLxVAzI',$,'Pset_RailingCommon',$,(#16136));
#16136=IFCPROPERTYSINGLEVALUE('Height',$,IFCPOSITIVELENGTHMEASURE(1.),$);
#16160=IFCCARTESIANPOINT((0.,0.,0.));
#16161=IFCDIRECTION((1.,0.,0.));
#16162=IFCDIRECTION((0.,0.,1.));
#16163=IFCAXIS2PLACEMENT3D(#16160,#16162,#16161);
#16164=IFCREPRESENTATIONMAP(#16163,#16199);
#16165=IFCINDEXEDPOLYGONALFACE((2,3,4));
#16166=IFCINDEXEDPOLYGONALFACE((2,4,1));
#16167=IFCINDEXEDPOLYGONALFACE((6,7,8));
#16168=IFCINDEXEDPOLYGONALFACE((6,8,5));
#16169=IFCINDEXEDPOLYGONALFACE((12,9,10));
#16170=IFCINDEXEDPOLYGONALFACE((12,10,11));
#16171=IFCINDEXEDPOLYGONALFACE((13,14,9));
#16172=IFCINDEXEDPOLYGONALFACE((13,9,12));
#16173=IFCINDEXEDPOLYGONALFACE((18,15,16));
#16174=IFCINDEXEDPOLYGONALFACE((18,16,17));
#16175=IFCINDEXEDPOLYGONALFACE((19,20,15));
#16176=IFCINDEXEDPOLYGONALFACE((19,15,18));
#16177=IFCINDEXEDPOLYGONALFACE((16,5,8));
#16178=IFCINDEXEDPOLYGONALFACE((16,8,17));
#16179=IFCINDEXEDPOLYGONALFACE((18,8,7));
#16180=IFCINDEXEDPOLYGONALFACE((18,7,19));
#16181=IFCINDEXEDPOLYGONALFACE((17,8,18));
#16182=IFCINDEXEDPOLYGONALFACE((2,9,14));
#16183=IFCINDEXEDPOLYGONALFACE((1,10,9));
#16184=IFCINDEXEDPOLYGONALFACE((1,9,2));
#16185=IFCINDEXEDPOLYGONALFACE((6,15,20));
#16186=IFCINDEXEDPOLYGONALFACE((5,16,15));
#16187=IFCINDEXEDPOLYGONALFACE((5,15,6));
#16188=IFCINDEXEDPOLYGONALFACE((10,1,4));
#16189=IFCINDEXEDPOLYGONALFACE((10,4,11));
#16190=IFCINDEXEDPOLYGONALFACE((2,13,3));
#16191=IFCINDEXEDPOLYGONALFACE((2,14,13));
#16192=IFCINDEXEDPOLYGONALFACE((6,19,7));
#16193=IFCINDEXEDPOLYGONALFACE((6,20,19));
#16194=IFCINDEXEDPOLYGONALFACE((12,4,3));
#16195=IFCINDEXEDPOLYGONALFACE((12,3,13));
#16196=IFCINDEXEDPOLYGONALFACE((11,4,12));
#16197=IFCCARTESIANPOINTLIST3D(((-0.02500000037252903,-0.02500000037252903,1.),(-0.02500000037252903,0.02500000037252903,1.),(-0.97500002384185791,0.02500000037252903,1.),(-0.97500002384185791,-0.02500000037252903,1.),(0.97500002384185791,-0.02500000037252903,1.),(0.97500002384185791,0.02500000037252903,1.),(0.02500000037252903,0.02500000037252903,1.),(0.02500000037252903,-0.02500000037252903,1.),(-0.02500000037252903,0.,0.),(-0.02500000037252903,-0.02500000037252903,0.),(-0.97500002384185791,-0.02500000037252903,0.),(-0.97500002384185791,0.,0.),(-0.97500002384185791,0.02500000037252903,0.),(-0.02500000037252903,0.02500000037252903,0.),(0.97500002384185791,0.,0.),(0.97500002384185791,-0.02500000037252903,0.),(0.02500000037252903,-0.02500000037252903,0.),(0.02500000037252903,0.,0.),(0.02500000037252903,0.02500000037252903,0.),(0.97500002384185791,0.02500000037252903,0.)));
#16198=IFCPOLYGONALFACESET(#16197,.T.,(#16165,#16166,#16167,#16168,#16169,#16170,#16171,#16172,#16173,#16174,#16175,#16176,#16177,#16178,#16179,#16180,#16181,#16182,#16183,#16184,#16185,#16186,#16187,#16188,#16189,#16190,#16191,#16192,#16193,#16194,#16195,#16196),$);
#16199=IFCSHAPEREPRESENTATION(#11,'Body','Tessellation',(#16198));
#16201=IFCCARTESIANPOINT((-0.97500002384185791,-0.02500000037252903,0.));
#16202=IFCBOUNDINGBOX(#16201,1.9500000476837158,0.05000000074505806,1.);
#16203=IFCSHAPEREPRESENTATION(#13,'Box','BoundingBox',(#16202));
#16204=IFCCARTESIANPOINT((0.,0.,0.));
#16205=IFCDIRECTION((1.,0.,0.));
#16206=IFCDIRECTION((0.,0.,1.));
#16207=IFCAXIS2PLACEMENT3D(#16204,#16206,#16205);
#16208=IFCREPRESENTATIONMAP(#16207,#16203);
#16209=IFCRAILING('2rsV_149n0AxC3NMhlok6d',$,'Railing',$,$,#16235,#16218,$,$);
#16210=IFCRELDEFINESBYTYPE('2STpA_VYj8OhH9XqmYFiqN',$,$,$,(#16209,#16236),#11661);
#16211=IFCCARTESIANPOINT((0.,0.,0.));
#16212=IFCDIRECTION((1.,0.,0.));
#16213=IFCDIRECTION((0.,1.,0.));
#16214=IFCDIRECTION((0.,0.,1.));
#16215=IFCCARTESIANTRANSFORMATIONOPERATOR3D(#16212,#16213,#16211,1.,#16214);
#16216=IFCMAPPEDITEM(#11693,#16215);
#16217=IFCSHAPEREPRESENTATION(#11,'Body','MappedRepresentation',(#16216));
#16218=IFCPRODUCTDEFINITIONSHAPE($,$,(#16217,#16225));
#16219=IFCCARTESIANPOINT((0.,0.,0.));
#16220=IFCDIRECTION((1.,0.,0.));
#16221=IFCDIRECTION((0.,1.,0.));
#16222=IFCDIRECTION((0.,0.,1.));
#16223=IFCCARTESIANTRANSFORMATIONOPERATOR3D(#16220,#16221,#16219,1.,#16222);
#16224=IFCMAPPEDITEM(#12690,#16223);
#16225=IFCSHAPEREPRESENTATION(#13,'Box','MappedRepresentation',(#16224));
#16231=IFCCARTESIANPOINT((2.2850849628448486,1.3303952217102051,1.8110759258270264));
#16232=IFCDIRECTION((0.,0.,1.));
#16233=IFCDIRECTION((1.,0.,0.));
#16234=IFCAXIS2PLACEMENT3D(#16231,#16232,#16233);
#16235=IFCLOCALPLACEMENT(#79,#16234);
#16236=IFCRAILING('2EMsW_mej0tB80Lj9K2CQi',$,'Railing',$,$,#16477,#16249,$,$);
#16242=IFCCARTESIANPOINT((0.,0.,0.));
#16243=IFCDIRECTION((1.,0.,0.));
#16244=IFCDIRECTION((0.,1.,0.));
#16245=IFCDIRECTION((0.,0.,1.));
#16246=IFCCARTESIANTRANSFORMATIONOPERATOR3D(#16243,#16244,#16242,1.,#16245);
#16247=IFCMAPPEDITEM(#11693,#16246);
#16248=IFCSHAPEREPRESENTATION(#11,'Body','MappedRepresentation',(#16247));
#16249=IFCPRODUCTDEFINITIONSHAPE($,$,(#16248,#16256));
#16250=IFCCARTESIANPOINT((0.,0.,0.));
#16251=IFCDIRECTION((1.,0.,0.));
#16252=IFCDIRECTION((0.,1.,0.));
#16253=IFCDIRECTION((0.,0.,1.));
#16254=IFCCARTESIANTRANSFORMATIONOPERATOR3D(#16251,#16252,#16250,1.,#16253);
#16255=IFCMAPPEDITEM(#12690,#16254);
#16256=IFCSHAPEREPRESENTATION(#13,'Box','MappedRepresentation',(#16255));
#16257=IFCRAILING('27x1_qKL51lPTgW$UWyDdr',$,'Railing',$,'FRAMELESS_PANEL',#16258,#16270,$,.USERDEFINED.);
#16258=IFCLOCALPLACEMENT(#79,#16259);
#16259=IFCAXIS2PLACEMENT3D(#16260,#16261,#16262);
#16260=IFCCARTESIANPOINT((4.2863459587097168,2.2642455101013184,1.8999999761581421));
#16261=IFCDIRECTION((0.,0.,1.));
#16262=IFCDIRECTION((1.,0.,0.));
#16263=IFCCARTESIANPOINT((0.,0.,0.));
#16264=IFCDIRECTION((1.,0.,0.));
#16265=IFCDIRECTION((0.,1.,0.));
#16266=IFCDIRECTION((0.,0.,1.));
#16267=IFCCARTESIANTRANSFORMATIONOPERATOR3D(#16264,#16265,#16263,1.,#16266);
#16268=IFCMAPPEDITEM(#11569,#16267);
#16269=IFCSHAPEREPRESENTATION(#11,'Body','MappedRepresentation',(#16268));
#16270=IFCPRODUCTDEFINITIONSHAPE($,$,(#16269,#16277));
#16271=IFCCARTESIANPOINT((0.,0.,0.));
#16272=IFCDIRECTION((1.,0.,0.));
#16273=IFCDIRECTION((0.,1.,0.));
#16274=IFCDIRECTION((0.,0.,1.));
#16275=IFCCARTESIANTRANSFORMATIONOPERATOR3D(#16272,#16273,#16271,1.,#16274);
#16276=IFCMAPPEDITEM(#11653,#16275);
#16277=IFCSHAPEREPRESENTATION(#13,'Box','MappedRepresentation',(#16276));
#16278=IFCRAILING('2xd1VS_Jz7RPZrDhr1WX0$',$,'Railing',$,'FRAMELESS_PANEL',#16279,#16291,$,.USERDEFINED.);
#16279=IFCLOCALPLACEMENT(#4863,#16280);
#16280=IFCAXIS2PLACEMENT3D(#16281,#16282,#16283);
#16281=IFCCARTESIANPOINT((1.8680515289306641,0.38235181570053101,0.));
#16282=IFCDIRECTION((0.,0.,1.));
#16283=IFCDIRECTION((-4.3711388286737889E-08,0.99999999999999911,0.));
#16284=IFCCARTESIANPOINT((0.,0.,0.));
#16285=IFCDIRECTION((1.,0.,0.));
#16286=IFCDIRECTION((0.,1.,0.));
#16287=IFCDIRECTION((0.,0.,1.));
#16288=IFCCARTESIANTRANSFORMATIONOPERATOR3D(#16285,#16286,#16284,1.,#16287);
#16289=IFCMAPPEDITEM(#12364,#16288);
#16290=IFCSHAPEREPRESENTATION(#11,'Body','MappedRepresentation',(#16289));
#16291=IFCPRODUCTDEFINITIONSHAPE($,$,(#16290,#16298));
#16292=IFCCARTESIANPOINT((0.,0.,0.));
#16293=IFCDIRECTION((1.,0.,0.));
#16294=IFCDIRECTION((0.,1.,0.));
#16295=IFCDIRECTION((0.,0.,1.));
#16296=IFCCARTESIANTRANSFORMATIONOPERATOR3D(#16293,#16294,#16292,1.,#16295);
#16297=IFCMAPPEDITEM(#12571,#16296);
#16298=IFCSHAPEREPRESENTATION(#13,'Box','MappedRepresentation',(#16297));
#16299=IFCRAILINGTYPE('2dXLxOG8n9mQRNQ0AGnB$c',$,' staris 2ff',$,$,(#16300,#16302),(#16331,#16375),$,$,.USERDEFINED.);
#16300=IFCPROPERTYSET('21LNSFzmz1$ukJqSZwhvy_',$,'BBIM_Railing',$,(#16301));
#16301=IFCPROPERTYSINGLEVALUE('Data',$,IFCTEXT('{"railing_type": "FRAMELESS_PANEL", "height": 1.0, "thickness": 0.05000000074505806, "spacing": 0.05000000074505806, "path_data": {"edges": [[0, 1], [1, 2]], "verts": [[-1.0, 0.0, 0.0], [0.0, 0.0, 0.0], [1.0, 0.0, 0.0]]}}'),$);
#16302=IFCPROPERTYSET('0EUYqyJP9DFgFX_vNUL2Bq',$,'Pset_RailingCommon',$,(#16303));
#16303=IFCPROPERTYSINGLEVALUE('Height',$,IFCPOSITIVELENGTHMEASURE(1.),$);
#16327=IFCCARTESIANPOINT((0.,0.,0.));
#16328=IFCDIRECTION((1.,0.,0.));
#16329=IFCDIRECTION((0.,0.,1.));
#16330=IFCAXIS2PLACEMENT3D(#16327,#16329,#16328);
#16331=IFCREPRESENTATIONMAP(#16330,#16366);
#16332=IFCINDEXEDPOLYGONALFACE((2,3,4));
#16333=IFCINDEXEDPOLYGONALFACE((2,4,1));
#16334=IFCINDEXEDPOLYGONALFACE((6,7,8));
#16335=IFCINDEXEDPOLYGONALFACE((6,8,5));
#16336=IFCINDEXEDPOLYGONALFACE((12,9,10));
#16337=IFCINDEXEDPOLYGONALFACE((12,10,11));
#16338=IFCINDEXEDPOLYGONALFACE((13,14,9));
#16339=IFCINDEXEDPOLYGONALFACE((13,9,12));
#16340=IFCINDEXEDPOLYGONALFACE((18,15,16));
#16341=IFCINDEXEDPOLYGONALFACE((18,16,17));
#16342=IFCINDEXEDPOLYGONALFACE((19,20,15));
#16343=IFCINDEXEDPOLYGONALFACE((19,15,18));
#16344=IFCINDEXEDPOLYGONALFACE((2,13,3));
#16345=IFCINDEXEDPOLYGONALFACE((2,14,13));
#16346=IFCINDEXEDPOLYGONALFACE((6,15,20));
#16347=IFCINDEXEDPOLYGONALFACE((5,16,15));
#16348=IFCINDEXEDPOLYGONALFACE((5,15,6));
#16349=IFCINDEXEDPOLYGONALFACE((2,9,14));
#16350=IFCINDEXEDPOLYGONALFACE((1,10,9));
#16351=IFCINDEXEDPOLYGONALFACE((1,9,2));
#16352=IFCINDEXEDPOLYGONALFACE((6,19,7));
#16353=IFCINDEXEDPOLYGONALFACE((6,20,19));
#16354=IFCINDEXEDPOLYGONALFACE((18,8,7));
#16355=IFCINDEXEDPOLYGONALFACE((18,7,19));
#16356=IFCINDEXEDPOLYGONALFACE((17,8,18));
#16357=IFCINDEXEDPOLYGONALFACE((16,5,8));
#16358=IFCINDEXEDPOLYGONALFACE((16,8,17));
#16359=IFCINDEXEDPOLYGONALFACE((10,1,4));
#16360=IFCINDEXEDPOLYGONALFACE((10,4,11));
#16361=IFCINDEXEDPOLYGONALFACE((12,4,3));
#16362=IFCINDEXEDPOLYGONALFACE((12,3,13));
#16363=IFCINDEXEDPOLYGONALFACE((11,4,12));
#16364=IFCCARTESIANPOINTLIST3D(((-0.02500000037252903,-0.02500000037252903,1.),(-0.02500000037252903,0.02500000037252903,1.),(-0.97500002384185791,0.02500000037252903,1.),(-0.97500002384185791,-0.02500000037252903,1.),(0.97500002384185791,-0.02500000037252903,1.),(0.97500002384185791,0.02500000037252903,1.),(0.02500000037252903,0.02500000037252903,1.),(0.02500000037252903,-0.02500000037252903,1.),(-0.02500000037252903,0.,0.),(-0.02500000037252903,-0.02500000037252903,0.),(-0.97500002384185791,-0.02500000037252903,0.),(-0.97500002384185791,0.,0.),(-0.97500002384185791,0.02500000037252903,0.),(-0.02500000037252903,0.02500000037252903,0.),(0.97500002384185791,0.,0.),(0.97500002384185791,-0.02500000037252903,0.),(0.02500000037252903,-0.02500000037252903,0.),(0.02500000037252903,0.,0.),(0.02500000037252903,0.02500000037252903,0.),(0.97500002384185791,0.02500000037252903,0.)));
#16365=IFCPOLYGONALFACESET(#16364,.T.,(#16332,#16333,#16334,#16335,#16336,#16337,#16338,#16339,#16340,#16341,#16342,#16343,#16344,#16345,#16346,#16347,#16348,#16349,#16350,#16351,#16352,#16353,#16354,#16355,#16356,#16357,#16358,#16359,#16360,#16361,#16362,#16363),$);
#16366=IFCSHAPEREPRESENTATION(#11,'Body','Tessellation',(#16365));
#16368=IFCCARTESIANPOINT((-0.97500002384185791,-0.02500000037252903,0.));
#16369=IFCBOUNDINGBOX(#16368,1.9500000476837158,0.05000000074505806,1.);
#16370=IFCSHAPEREPRESENTATION(#13,'Box','BoundingBox',(#16369));
#16371=IFCCARTESIANPOINT((0.,0.,0.));
#16372=IFCDIRECTION((1.,0.,0.));
#16373=IFCDIRECTION((0.,0.,1.));
#16374=IFCAXIS2PLACEMENT3D(#16371,#16373,#16372);
#16375=IFCREPRESENTATIONMAP(#16374,#16370);
#16376=IFCRAILING('3eJYl8RCT5nxz4_an9rz3u',$,'Railing',$,$,#16482,#16385,$,$);
#16377=IFCRELDEFINESBYTYPE('1rlla5e8X1_8B7px_Gjc57',$,$,$,(#16376),#16299);
#16378=IFCCARTESIANPOINT((0.,0.,0.));
#16379=IFCDIRECTION((1.,0.,0.));
#16380=IFCDIRECTION((0.,1.,0.));
#16381=IFCDIRECTION((0.,0.,1.));
#16382=IFCCARTESIANTRANSFORMATIONOPERATOR3D(#16379,#16380,#16378,1.,#16381);
#16383=IFCMAPPEDITEM(#16331,#16382);
#16384=IFCSHAPEREPRESENTATION(#11,'Body','MappedRepresentation',(#16383));
#16385=IFCPRODUCTDEFINITIONSHAPE($,$,(#16384,#16392));
#16386=IFCCARTESIANPOINT((0.,0.,0.));
#16387=IFCDIRECTION((1.,0.,0.));
#16388=IFCDIRECTION((0.,1.,0.));
#16389=IFCDIRECTION((0.,0.,1.));
#16390=IFCCARTESIANTRANSFORMATIONOPERATOR3D(#16387,#16388,#16386,1.,#16389);
#16391=IFCMAPPEDITEM(#16375,#16390);
#16392=IFCSHAPEREPRESENTATION(#13,'Box','MappedRepresentation',(#16391));
#16398=IFCCARTESIANPOINT((0.46747815608978271,6.7499322891235352,3.));
#16399=IFCDIRECTION((0.,-0.99999999999999711,7.5497901264043109E-08));
#16400=IFCDIRECTION((1.,0.,0.));
#16401=IFCAXIS2PLACEMENT3D(#16398,#16399,#16400);
#16402=IFCLOCALPLACEMENT(#79,#16401);
#16403=IFCCARTESIANPOINT((-2.5325222015380859,5.2999329566955566,3.));
#16404=IFCDIRECTION((1.6879188535767464E-07,-0.9999999999999829,7.5497901264042024E-08));
#16405=IFCDIRECTION((0.99999999999998579,1.6879188535767512E-07,1.0048591563601694E-14));
#16406=IFCAXIS2PLACEMENT3D(#16403,#16404,#16405);
#16407=IFCLOCALPLACEMENT(#79,#16406);
#16408=IFCCARTESIANPOINT((4.4674773216247559,-0.3500666618347168,2.9999985694885254));
#16409=IFCDIRECTION((-0.99999999999996203,-1.9470716949853511E-07,1.9470718370938983E-07));
#16410=IFCDIRECTION((1.9470718370939216E-07,-0.99999999999997402,1.1920928955077815E-07));
#16411=IFCAXIS2PLACEMENT3D(#16408,#16409,#16410);
#16412=IFCLOCALPLACEMENT(#79,#16411);
#16413=IFCCARTESIANPOINT((4.4674773216247559,-2.850067138671875,3.));
#16414=IFCDIRECTION((-0.99999999999996203,-1.9470716949853511E-07,1.9470718370938983E-07));
#16415=IFCDIRECTION((1.9470718370939216E-07,-0.99999999999997402,1.1920928955077815E-07));
#16416=IFCAXIS2PLACEMENT3D(#16413,#16414,#16415);
#16417=IFCLOCALPLACEMENT(#79,#16416);
#16418=IFCCARTESIANPOINT((4.4674773216247559,2.3999314308166504,2.9999985694885254));
#16419=IFCDIRECTION((-0.99999999999996203,-1.9470716949853511E-07,1.9470718370938983E-07));
#16420=IFCDIRECTION((1.9470718370939216E-07,-0.99999999999997402,1.1920928955077815E-07));
#16421=IFCAXIS2PLACEMENT3D(#16418,#16419,#16420);
#16422=IFCLOCALPLACEMENT(#79,#16421);
#16423=IFCCARTESIANPOINT((4.4674773216247559,6.7499322891235352,3.));
#16424=IFCDIRECTION((-0.99999999999999423,-7.5497901264042884E-08,7.5497901264042884E-08));
#16425=IFCDIRECTION((7.5497901264043109E-08,-0.99999999999999711,-7.1609385088322392E-15));
#16426=IFCAXIS2PLACEMENT3D(#16423,#16424,#16425);
#16427=IFCLOCALPLACEMENT(#4863,#16426);
#16428=IFCCARTESIANPOINT((4.4674777984619141,0.1499323844909668,2.9999995231628418));
#16429=IFCDIRECTION((-0.99999999999999423,-7.5497901264042884E-08,7.5497901264042884E-08));
#16430=IFCDIRECTION((7.5497901264043109E-08,-0.99999999999999711,-7.1609385088322392E-15));
#16431=IFCAXIS2PLACEMENT3D(#16428,#16429,#16430);
#16432=IFCLOCALPLACEMENT(#4863,#16431);
#16433=IFCCARTESIANPOINT((-0.032521724700927734,5.299931526184082,0.));
#16434=IFCDIRECTION((0.,0.,1.));
#16435=IFCDIRECTION((1.,0.,0.));
#16436=IFCAXIS2PLACEMENT3D(#16433,#16434,#16435);
#16437=IFCLOCALPLACEMENT(#4863,#16436);
#16438=IFCCARTESIANPOINT((-0.032521724700927734,2.8999300003051758,0.));
#16439=IFCDIRECTION((0.,0.,1.));
#16440=IFCDIRECTION((1.,0.,0.));
#16441=IFCAXIS2PLACEMENT3D(#16438,#16439,#16440);
#16442=IFCLOCALPLACEMENT(#4863,#16441);
#16443=IFCCARTESIANPOINT((-0.032521724700927734,0.14993190765380859,0.));
#16444=IFCDIRECTION((0.,0.,1.));
#16445=IFCDIRECTION((1.,0.,0.));
#16446=IFCAXIS2PLACEMENT3D(#16443,#16444,#16445);
#16447=IFCLOCALPLACEMENT(#4863,#16446);
#16448=IFCCARTESIANPOINT((-3.03253173828125,-2.3500680923461914,-3.));
#16449=IFCDIRECTION((0.,0.,1.));
#16450=IFCDIRECTION((1.,0.,0.));
#16451=IFCAXIS2PLACEMENT3D(#16448,#16449,#16450);
#16452=IFCLOCALPLACEMENT(#4863,#16451);
#16453=IFCCARTESIANPOINT((3.3113460540771484,0.52227902412414551,1.8999999761581421));
#16454=IFCDIRECTION((0.,0.,1.));
#16455=IFCDIRECTION((1.,0.,0.));
#16456=IFCAXIS2PLACEMENT3D(#16453,#16454,#16455);
#16457=IFCLOCALPLACEMENT(#79,#16456);
#16458=IFCCARTESIANPOINT((3.305908203125,2.28924560546875,1.7244205474853516));
#16459=IFCDIRECTION((0.,0.,1.));
#16460=IFCDIRECTION((-0.99999999999992428,-3.8941436741876494E-07,0.));
#16461=IFCAXIS2PLACEMENT3D(#16458,#16459,#16460);
#16462=IFCLOCALPLACEMENT(#79,#16461);
#16463=IFCCARTESIANPOINT((2.7484810352325439,1.3147296905517578,-0.030156806111335754));
#16464=IFCDIRECTION((0.,0.,1.));
#16465=IFCDIRECTION((0.99935035448711051,0.036039825006322211,0.));
#16466=IFCAXIS2PLACEMENT3D(#16463,#16464,#16465);
#16467=IFCLOCALPLACEMENT(#79,#16466);
#16468=IFCCARTESIANPOINT((4.286346435546875,0.56678283214569092,1.8999999761581421));
#16469=IFCDIRECTION((0.,0.,1.));
#16470=IFCDIRECTION((1.,0.,0.));
#16471=IFCAXIS2PLACEMENT3D(#16468,#16469,#16470);
#16472=IFCLOCALPLACEMENT(#79,#16471);
#16473=IFCCARTESIANPOINT((2.2850849628448486,2.1502885818481445,1.8110759258270264));
#16474=IFCDIRECTION((0.,0.,1.));
#16475=IFCDIRECTION((1.,0.,0.));
#16476=IFCAXIS2PLACEMENT3D(#16473,#16474,#16475);
#16477=IFCLOCALPLACEMENT(#79,#16476);
#16478=IFCCARTESIANPOINT((2.9883344173431396,2.336860179901123,0.));
#16479=IFCDIRECTION((0.,0.,1.));
#16480=IFCDIRECTION((1.,0.,0.));
#16481=IFCAXIS2PLACEMENT3D(#16478,#16479,#16480);
#16482=IFCLOCALPLACEMENT(#4863,#16481);
ENDSEC;
END-ISO-10303-21;
