ISO-10303-21;
HEADER;
FILE_DESCRIPTION(('ViewDefinition[DesignTransferView]'),'2;1');
FILE_NAME('s03-discussion.ifc','2026-10-05T13:51:23+08:00',(''),(''),'IfcOpenShell 0.8.5-post1','Bonsai 0.8.5-post1','Nobody');
FILE_SCHEMA(('IFC4'));
ENDSEC;
DATA;
#1=IFCPROJECT('3uJdCW629D1w7qDJEOnNc4',$,'My Project',$,$,$,$,(#10,#22),#5);
#2=IFCSIUNIT(*,.LENGTHUNIT.,$,.METRE.);
#3=IFCSIUNIT(*,.AREAUNIT.,$,.SQUARE_METRE.);
#4=IFCSIUNIT(*,.VOLUMEUNIT.,$,.CUBIC_METRE.);
#5=IFCUNITASSIGNMENT((#4,#2,#3));
#6=IFCCARTESIANPOINT((0.,0.,0.));
#7=IFCDIRECTION((0.,0.,1.));
#8=IFCDIRECTION((1.,0.,0.));
#9=IFCAXIS2PLACEMENT3D(#6,#7,#8);
#10=IFCGEOMETRICREPRESENTATIONCONTEXT($,'Model',3,1.0000000000000001E-05,#9,$);
#11=IFCGEOMETRICREPRESENTATIONSUBCONTEXT('Body','Model',*,*,*,*,#10,$,.MODEL_VIEW.,$);
#12=IFCGEOMETRICREPRESENTATIONSUBCONTEXT('Axis','Model',*,*,*,*,#10,$,.GRAPH_VIEW.,$);
#13=IFCGEOMETRICREPRESENTATIONSUBCONTEXT('Box','Model',*,*,*,*,#10,$,.MODEL_VIEW.,$);
#14=IFCGEOMETRICREPRESENTATIONSUBCONTEXT('Annotation','Model',*,*,*,*,#10,$,.SECTION_VIEW.,$);
#15=IFCGEOMETRICREPRESENTATIONSUBCONTEXT('Annotation','Model',*,*,*,*,#10,$,.ELEVATION_VIEW.,$);
#16=IFCGEOMETRICREPRESENTATIONSUBCONTEXT('Annotation','Model',*,*,*,*,#10,$,.MODEL_VIEW.,$);
#17=IFCGEOMETRICREPRESENTATIONSUBCONTEXT('Annotation','Model',*,*,*,*,#10,$,.PLAN_VIEW.,$);
#18=IFCGEOMETRICREPRESENTATIONSUBCONTEXT('Profile','Model',*,*,*,*,#10,$,.ELEVATION_VIEW.,$);
#19=IFCCARTESIANPOINT((0.,0.));
#20=IFCDIRECTION((1.,0.));
#21=IFCAXIS2PLACEMENT2D(#19,#20);
#22=IFCGEOMETRICREPRESENTATIONCONTEXT($,'Plan',2,1.0000000000000001E-05,#21,$);
#23=IFCGEOMETRICREPRESENTATIONSUBCONTEXT('Axis','Plan',*,*,*,*,#22,$,.GRAPH_VIEW.,$);
#24=IFCGEOMETRICREPRESENTATIONSUBCONTEXT('Body','Plan',*,*,*,*,#22,$,.PLAN_VIEW.,$);
#25=IFCGEOMETRICREPRESENTATIONSUBCONTEXT('Annotation','Plan',*,*,*,*,#22,$,.PLAN_VIEW.,$);
#26=IFCGEOMETRICREPRESENTATIONSUBCONTEXT('Annotation','Plan',*,*,*,*,#22,$,.REFLECTED_PLAN_VIEW.,$);
#27=IFCSITE('3ooKMAxiT9MwaEARmfSf6h',$,'My Site',$,$,#50,$,$,$,$,$,$,$,$);
#33=IFCBUILDING('23_9Im$WLCJfvD$pxSBfZb',$,'My Building',$,$,#56,$,$,$,$,$,$);
#39=IFCBUILDINGSTOREY('2uQ0pjgLL7ifWR8_LpbAB_',$,'2F',$,$,#5542,$,$,$,$);
#45=IFCRELAGGREGATES('1l_pN94CH5oeuXL41hy1vY',$,$,$,#1,(#27));
#46=IFCCARTESIANPOINT((0.,0.,0.));
#47=IFCDIRECTION((0.,0.,1.));
#48=IFCDIRECTION((1.,0.,0.));
#49=IFCAXIS2PLACEMENT3D(#46,#47,#48);
#50=IFCLOCALPLACEMENT($,#49);
#51=IFCRELAGGREGATES('3KFgZiVqH9UR2LYcwy7mRl',$,$,$,#27,(#33));
#52=IFCCARTESIANPOINT((0.,0.,0.));
#53=IFCDIRECTION((0.,0.,1.));
#54=IFCDIRECTION((1.,0.,0.));
#55=IFCAXIS2PLACEMENT3D(#52,#53,#54);
#56=IFCLOCALPLACEMENT(#50,#55);
#57=IFCRELAGGREGATES('1Gmo$2mhr9zOwHeSwVdbmB',$,$,$,#33,(#39,#63,#5687));
#63=IFCBUILDINGSTOREY('3y0uRNbz510x4ByWKtDi$w',$,'GF',$,$,#79,$,$,$,$);
#75=IFCCARTESIANPOINT((0.,0.,0.));
#76=IFCDIRECTION((0.,0.,1.));
#77=IFCDIRECTION((1.,0.,0.));
#78=IFCAXIS2PLACEMENT3D(#75,#76,#77);
#79=IFCLOCALPLACEMENT(#56,#78);
#80=IFCWALLTYPE('3o9jpZwy19gP$3S$OqjSAg',$,'Wall',$,$,(#85),$,$,$,.SOLIDWALL.);
#81=IFCMATERIAL('Unknown',$,$);
#82=IFCMATERIALLAYERSET((#84),$,$);
#83=IFCRELASSOCIATESMATERIAL('0bL$Lfzen7PwHtERU3hstq',$,$,$,(#80),#82);
#84=IFCMATERIALLAYER(#81,0.10000000000000001,$,$,$,$,$);
#85=IFCPROPERTYSET('26Oof2RIL9ZPdTsDVDdvc3',$,'EPset_Parametric',$,(#86));
#86=IFCPROPERTYSINGLEVALUE('LayerSetDirection',$,IFCLABEL('AXIS2'),$);
#87=IFCWALL('0HfyX1Z_nCTeiTaqt4zuzR',$,'Wall',$,$,#1750,#95,$,$);
#88=IFCRELCONTAINEDINSPATIALSTRUCTURE('3Xx_T6CH96G9DU5$TG2LRM',$,$,$,(#736,#253,#1076,#278,#178,#2619,#3706,#5240,#2096,#606,#3426,#1101,#631,#203,#303,#4222,#1851,#228,#2418,#3396,#4984,#87,#153),#63);
#89=IFCRELDEFINESBYTYPE('3puSuetXrC7Q9OsEmUqnaK',$,$,$,(#736,#253,#1076,#6256,#278,#6706,#178,#5874,#5766,#6905,#606,#6598,#6181,#1101,#6623,#203,#5899,#631,#6281,#6022,#6867,#303,#6206,#228,#5849,#87,#6231,#153,#6047,#6156,#5741),#80);
#90=IFCMATERIALLAYERSETUSAGE(#82,.AXIS2.,.POSITIVE.,0.,$);
#91=IFCRELASSOCIATESMATERIAL('0DTUVcBHL68x8nAZs34_4u',$,$,$,(#87),#90);
#95=IFCPRODUCTDEFINITIONSHAPE($,$,(#1790,#1787));
#111=IFCPROPERTYSET('1Tci6ID1D6XeHhHvvoIwwS',$,'EPset_Parametric',$,(#113));
#112=IFCRELDEFINESBYPROPERTIES('1eSBkGXOn4zPW90cQekJRt',$,$,$,(#87),#111);
#113=IFCPROPERTYSINGLEVALUE('Engine',$,IFCLABEL('Bonsai.DumbLayer2'),$);
#153=IFCWALL('08q_C7v$PBmBum$VrOW8Rh',$,'Wall',$,$,#164,#159,$,$);
#154=IFCMATERIALLAYERSETUSAGE(#82,.AXIS2.,.POSITIVE.,0.,$);
#155=IFCRELASSOCIATESMATERIAL('0LzrTRpEb5iwjtAWk0Ck5$',$,$,$,(#153),#154);
#159=IFCPRODUCTDEFINITIONSHAPE($,$,(#1817,#1814));
#160=IFCCARTESIANPOINT((4.2309627532958984,-2.6399161815643311,0.));
#161=IFCDIRECTION((0.,0.,1.));
#162=IFCDIRECTION((7.5497901264043109E-08,0.99999999999999711,0.));
#163=IFCAXIS2PLACEMENT3D(#160,#161,#162);
#164=IFCLOCALPLACEMENT(#79,#163);
#175=IFCPROPERTYSET('1RMbijxQ91IfnclYlCQi7P',$,'EPset_Parametric',$,(#177));
#176=IFCRELDEFINESBYPROPERTIES('2JEtdmT4L1iPyQuEr$Fgsd',$,$,$,(#153),#175);
#177=IFCPROPERTYSINGLEVALUE('Engine',$,IFCLABEL('Bonsai.DumbLayer2'),$);
#178=IFCWALL('0VfdMwY$LFIRbHs6BPRsu4',$,'Wall',$,$,#437,#184,$,$);
#179=IFCMATERIALLAYERSETUSAGE(#82,.AXIS2.,.POSITIVE.,0.,$);
#180=IFCRELASSOCIATESMATERIAL('0lT$WMDt19wOsTOp0V_Tlo',$,$,$,(#178),#179);
#184=IFCPRODUCTDEFINITIONSHAPE($,$,(#1844,#1841));
#200=IFCPROPERTYSET('1x4a9Ro4j7WgpWavWiWZdP',$,'EPset_Parametric',$,(#202));
#201=IFCRELDEFINESBYPROPERTIES('2_nLp7aHb5b9pfPbgiLAYq',$,$,$,(#178),#200);
#202=IFCPROPERTYSINGLEVALUE('Engine',$,IFCLABEL('Bonsai.DumbLayer2'),$);
#203=IFCWALL('1iKclvIq5EwujAcNPMxsXM',$,'Wall',$,$,#469,#209,$,$);
#204=IFCMATERIALLAYERSETUSAGE(#82,.AXIS2.,.POSITIVE.,0.,$);
#205=IFCRELASSOCIATESMATERIAL('2gXxXAwzjBtOQbMe7XIYG5',$,$,$,(#203),#204);
#209=IFCPRODUCTDEFINITIONSHAPE($,$,(#1831,#1828));
#225=IFCPROPERTYSET('3qtPC415f5uAeQIZ6n9l9I',$,'EPset_Parametric',$,(#227));
#226=IFCRELDEFINESBYPROPERTIES('0ZsV0oebT9BeeBGZFpniiE',$,$,$,(#203),#225);
#227=IFCPROPERTYSINGLEVALUE('Engine',$,IFCLABEL('Bonsai.DumbLayer2'),$);
#228=IFCWALL('3Ztb2zDBX4aRfZAy6HFRTf',$,'Wall',$,$,#239,#234,$,$);
#229=IFCMATERIALLAYERSETUSAGE(#82,.AXIS2.,.POSITIVE.,0.,$);
#230=IFCRELASSOCIATESMATERIAL('1u78Ox68fFggSTzz1gj9Tz',$,$,$,(#228),#229);
#234=IFCPRODUCTDEFINITIONSHAPE($,$,(#1681,#1678));
#235=IFCCARTESIANPOINT((0.73096334934234619,5.0600829124450684,0.));
#236=IFCDIRECTION((0.,0.,1.));
#237=IFCDIRECTION((-0.99999999999992428,3.8941436741876494E-07,0.));
#238=IFCAXIS2PLACEMENT3D(#235,#236,#237);
#239=IFCLOCALPLACEMENT(#79,#238);
#250=IFCPROPERTYSET('2f50kiK7H90BgRgGTh$x2X',$,'EPset_Parametric',$,(#252));
#251=IFCRELDEFINESBYPROPERTIES('18Ov$Koxb3nOzVHAg9XH3X',$,$,$,(#228),#250);
#252=IFCPROPERTYSINGLEVALUE('Engine',$,IFCLABEL('Bonsai.DumbLayer2'),$);
#253=IFCWALL('2WQKKYB$zF6Oxyb$asLtDX',$,'Wall',$,$,#528,#259,$,$);
#254=IFCMATERIALLAYERSETUSAGE(#82,.AXIS2.,.POSITIVE.,0.,$);
#255=IFCRELASSOCIATESMATERIAL('221bNt75zEauBaFrVPJW8S',$,$,$,(#253),#254);
#259=IFCPRODUCTDEFINITIONSHAPE($,$,(#735,#732));
#275=IFCPROPERTYSET('332PMnP9vETwhHiGiPbf_1',$,'EPset_Parametric',$,(#277));
#276=IFCRELDEFINESBYPROPERTIES('1qZFH7zHj7xxPHWZ_w7T8M',$,$,$,(#253),#275);
#277=IFCPROPERTYSINGLEVALUE('Engine',$,IFCLABEL('Bonsai.DumbLayer2'),$);
#278=IFCWALL('2k8va1Z8zCIPXoI0cqoIfS',$,'Wall',$,$,#560,#284,$,$);
#279=IFCMATERIALLAYERSETUSAGE(#82,.AXIS2.,.POSITIVE.,0.,$);
#280=IFCRELASSOCIATESMATERIAL('3VZ1X9oc56GQaMOKDhVjVF',$,$,$,(#278),#279);
#284=IFCPRODUCTDEFINITIONSHAPE($,$,(#605,#602));
#300=IFCPROPERTYSET('3iZA93w09AZ9sCNP_sUilM',$,'EPset_Parametric',$,(#302));
#301=IFCRELDEFINESBYPROPERTIES('0kG_u6cP5CuueYyodoATyG',$,$,$,(#278),#300);
#302=IFCPROPERTYSINGLEVALUE('Engine',$,IFCLABEL('Bonsai.DumbLayer2'),$);
#303=IFCWALL('2mneJ8eLH9Qh8hJebhUsDk',$,'Wall',$,$,#592,#309,$,$);
#304=IFCMATERIALLAYERSETUSAGE(#82,.AXIS2.,.POSITIVE.,0.,$);
#305=IFCRELASSOCIATESMATERIAL('0p_cOJ9jHDLhga5$jPmgCv',$,$,$,(#303),#304);
#309=IFCPRODUCTDEFINITIONSHAPE($,$,(#1763,#1760));
#325=IFCPROPERTYSET('003YVe8iH2Y8UAFKYg_ej7',$,'EPset_Parametric',$,(#327));
#326=IFCRELDEFINESBYPROPERTIES('28rbywaNHBNf_c$yM4u$Hr',$,$,$,(#303),#325);
#327=IFCPROPERTYSINGLEVALUE('Engine',$,IFCLABEL('Bonsai.DumbLayer2'),$);
#433=IFCCARTESIANPOINT((4.2309634478765581,6.5600833892822594,0.));
#434=IFCDIRECTION((0.,0.,1.));
#435=IFCDIRECTION((-0.99999999999998868,-1.5099580252808492E-07,0.));
#436=IFCAXIS2PLACEMENT3D(#433,#434,#435);
#437=IFCLOCALPLACEMENT(#79,#436);
#465=IFCCARTESIANPOINT((0.73096323013306053,6.5600828607969177,0.));
#466=IFCDIRECTION((0.,0.,1.));
#467=IFCDIRECTION((7.5497901264043123E-08,-0.99999999999999722,0.));
#468=IFCAXIS2PLACEMENT3D(#465,#466,#467);
#469=IFCLOCALPLACEMENT(#79,#468);
#510=IFCRELCONNECTSPATHELEMENTS('0zUXy8W1L6EObXVp_NQlPB',$,$,$,$,#253,#228,(),(),.ATEND.,.ATSTART.);
#524=IFCCARTESIANPOINT((-2.7690367698670104,5.0600842753954005,0.));
#525=IFCDIRECTION((0.,0.,1.));
#526=IFCDIRECTION((7.5497901264043123E-08,-0.99999999999999722,0.));
#527=IFCAXIS2PLACEMENT3D(#524,#525,#526);
#528=IFCLOCALPLACEMENT(#79,#527);
#542=IFCRELCONNECTSPATHELEMENTS('3CDGRTe0HBaBzrpheU6Csz',$,$,$,$,#278,#253,(),(),.ATEND.,.ATSTART.);
#556=IFCCARTESIANPOINT((-2.7690363772778714,-0.13991641998291016,0.));
#557=IFCDIRECTION((0.,0.,1.));
#558=IFCDIRECTION((1.,0.,0.));
#559=IFCAXIS2PLACEMENT3D(#556,#557,#558);
#560=IFCLOCALPLACEMENT(#79,#559);
#574=IFCRELCONNECTSPATHELEMENTS('1olSWjkTrA88Kkh7lPFz21',$,$,$,$,#303,#278,(),(),.ATEND.,.ATSTART.);
#588=IFCCARTESIANPOINT((0.23096370697015178,-0.13991641998291018,0.));
#589=IFCDIRECTION((0.,0.,1.));
#590=IFCDIRECTION((-2.8212997449371656E-07,-0.99999999999996025,0.));
#591=IFCAXIS2PLACEMENT3D(#588,#589,#590);
#592=IFCLOCALPLACEMENT(#79,#591);
#593=IFCCARTESIANPOINTLIST2D(((0.,0.),(0.099999992450210171,0.10000000000000001),(3.1000001124610246,0.10000000000000001),(3.0000000842480232,0.)));
#594=IFCINDEXEDPOLYCURVE(#593,(IFCLINEINDEX((1,2,3,4,1))),$);
#595=IFCARBITRARYCLOSEDPROFILEDEF(.AREA.,$,#594);
#596=IFCCARTESIANPOINT((0.,0.,0.));
#597=IFCDIRECTION((0.,0.,1.));
#598=IFCDIRECTION((1.,0.,0.));
#599=IFCAXIS2PLACEMENT3D(#596,#597,#598);
#600=IFCDIRECTION((0.,0.,1.));
#601=IFCEXTRUDEDAREASOLID(#595,#599,#600,3.);
#602=IFCSHAPEREPRESENTATION(#11,'Body','SweptSolid',(#601));
#603=IFCCARTESIANPOINTLIST2D(((0.,0.),(3.0000000842480232,0.)));
#604=IFCINDEXEDPOLYCURVE(#603,$,$);
#605=IFCSHAPEREPRESENTATION(#23,'Axis','Curve2D',(#604));
#606=IFCWALL('0Rn59XXJzBcPn69MIO2X_Y',$,'Wall',$,$,#617,#612,$,$);
#607=IFCMATERIALLAYERSETUSAGE(#82,.AXIS2.,.POSITIVE.,0.,$);
#608=IFCRELASSOCIATESMATERIAL('3_zBJ43q99NxrrDwa5sFgQ',$,$,$,(#606),#607);
#612=IFCPRODUCTDEFINITIONSHAPE($,$,(#708,#705));
#613=IFCCARTESIANPOINT((0.33096373081207275,-0.039916418492794037,0.));
#614=IFCDIRECTION((0.,0.,1.));
#615=IFCDIRECTION((7.5497901264043109E-08,0.99999999999999711,0.));
#616=IFCAXIS2PLACEMENT3D(#613,#614,#615);
#617=IFCLOCALPLACEMENT(#79,#616);
#628=IFCPROPERTYSET('0l8JXs5_zCe8mw_FXigE7a',$,'EPset_Parametric',$,(#630));
#629=IFCRELDEFINESBYPROPERTIES('3u_aHmOAf1LPYB$HAhqzKt',$,$,$,(#606),#628);
#630=IFCPROPERTYSINGLEVALUE('Engine',$,IFCLABEL('Bonsai.DumbLayer2'),$);
#631=IFCWALL('0OAJx4avH7chsa3jNngwDK',$,'Wall',$,$,#642,#637,$,$);
#632=IFCMATERIALLAYERSETUSAGE(#82,.AXIS2.,.POSITIVE.,0.,$);
#633=IFCRELASSOCIATESMATERIAL('2Bf0PF81T8YhS$6yXzEajU',$,$,$,(#631),#632);
#637=IFCPRODUCTDEFINITIONSHAPE($,$,(#722,#719));
#638=IFCCARTESIANPOINT((0.33096393942832947,2.6400835514068604,0.));
#639=IFCDIRECTION((0.,0.,1.));
#640=IFCDIRECTION((-0.99999999999998868,-1.5099580252808492E-07,0.));
#641=IFCAXIS2PLACEMENT3D(#638,#639,#640);
#642=IFCLOCALPLACEMENT(#79,#641);
#653=IFCPROPERTYSET('0duYfGoGLBBeRLWfQPsVnf',$,'EPset_Parametric',$,(#655));
#654=IFCRELDEFINESBYPROPERTIES('2$EExCdXD1uwZ8XI5OvYBa',$,$,$,(#631),#653);
#655=IFCPROPERTYSINGLEVALUE('Engine',$,IFCLABEL('Bonsai.DumbLayer2'),$);
#682=IFCRELCONNECTSPATHELEMENTS('0UCygwP094chPNwSKOuteG',$,$,$,$,#631,#606,(),(),.ATEND.,.ATSTART.);
#696=IFCCARTESIANPOINTLIST2D(((0.,0.),(0.,0.10000000000000001),(2.5799999472502879,0.10000000000000001),(2.679999969899661,0.)));
#697=IFCINDEXEDPOLYCURVE(#696,(IFCLINEINDEX((1,2,3,4,1))),$);
#698=IFCARBITRARYCLOSEDPROFILEDEF(.AREA.,$,#697);
#699=IFCCARTESIANPOINT((0.,0.,0.));
#700=IFCDIRECTION((0.,0.,1.));
#701=IFCDIRECTION((1.,0.,0.));
#702=IFCAXIS2PLACEMENT3D(#699,#700,#701);
#703=IFCDIRECTION((0.,0.,1.));
#704=IFCEXTRUDEDAREASOLID(#698,#702,#703,3.);
#705=IFCSHAPEREPRESENTATION(#11,'Body','SweptSolid',(#704));
#706=IFCCARTESIANPOINTLIST2D(((0.,0.),(2.679999969899661,0.)));
#707=IFCINDEXEDPOLYCURVE(#706,$,$);
#708=IFCSHAPEREPRESENTATION(#23,'Axis','Curve2D',(#707));
#709=IFCRELCONNECTSPATHELEMENTS('18FmHbN0v84etJ0587aUGM',$,$,$,$,#631,#253,(),(),.ATPATH.,.ATEND.);
#710=IFCCARTESIANPOINTLIST2D(((0.,0.),(0.10000002264937295,0.10000000000000001),(3.0000005278582704,0.10000000000000001),(3.0000005203084803,0.)));
#711=IFCINDEXEDPOLYCURVE(#710,(IFCLINEINDEX((1,2,3,4,1))),$);
#712=IFCARBITRARYCLOSEDPROFILEDEF(.AREA.,$,#711);
#713=IFCCARTESIANPOINT((0.,0.,0.));
#714=IFCDIRECTION((0.,0.,1.));
#715=IFCDIRECTION((1.,0.,0.));
#716=IFCAXIS2PLACEMENT3D(#713,#714,#715);
#717=IFCDIRECTION((0.,0.,1.));
#718=IFCEXTRUDEDAREASOLID(#712,#716,#717,3.);
#719=IFCSHAPEREPRESENTATION(#11,'Body','SweptSolid',(#718));
#720=IFCCARTESIANPOINTLIST2D(((0.,0.),(3.1000005203084808,0.)));
#721=IFCINDEXEDPOLYCURVE(#720,$,$);
#722=IFCSHAPEREPRESENTATION(#23,'Axis','Curve2D',(#721));
#723=IFCCARTESIANPOINTLIST2D(((0.,0.),(0.1000000464912377,0.10000000000000001),(5.1000007029281154,0.10000000000000001),(5.2000006953783258,0.)));
#724=IFCINDEXEDPOLYCURVE(#723,(IFCLINEINDEX((1,2,3,4,1))),$);
#725=IFCARBITRARYCLOSEDPROFILEDEF(.AREA.,$,#724);
#726=IFCCARTESIANPOINT((0.,0.,0.));
#727=IFCDIRECTION((0.,0.,1.));
#728=IFCDIRECTION((1.,0.,0.));
#729=IFCAXIS2PLACEMENT3D(#726,#727,#728);
#730=IFCDIRECTION((0.,0.,1.));
#731=IFCEXTRUDEDAREASOLID(#725,#729,#730,3.);
#732=IFCSHAPEREPRESENTATION(#11,'Body','SweptSolid',(#731));
#733=IFCCARTESIANPOINTLIST2D(((0.,0.),(5.2000006953783258,0.)));
#734=IFCINDEXEDPOLYCURVE(#733,$,$);
#735=IFCSHAPEREPRESENTATION(#23,'Axis','Curve2D',(#734));
#736=IFCWALL('11Ad3$ejz9OgaOVUE2cdEN',$,'Wall',$,$,#810,#742,$,$);
#737=IFCMATERIALLAYERSETUSAGE(#82,.AXIS2.,.POSITIVE.,0.,$);
#738=IFCRELASSOCIATESMATERIAL('0dDshwoiH7_x3axdy9Vp70',$,$,$,(#736),#737);
#742=IFCPRODUCTDEFINITIONSHAPE($,$,(#824,#821));
#758=IFCPROPERTYSET('3$1nz5VKTDq9Sg4bzNUNXR',$,'EPset_Parametric',$,(#760));
#759=IFCRELDEFINESBYPROPERTIES('2bXltn9snFLeoqoNS2uRsc',$,$,$,(#736),#758);
#760=IFCPROPERTYSINGLEVALUE('Engine',$,IFCLABEL('Bonsai.DumbLayer2'),$);
#806=IFCCARTESIANPOINT((-1.1793962717056274,2.6400835514068604,0.));
#807=IFCDIRECTION((0.,0.,1.));
#808=IFCDIRECTION((1.9470718370939353E-07,0.99999999999998113,0.));
#809=IFCAXIS2PLACEMENT3D(#806,#807,#808);
#810=IFCLOCALPLACEMENT(#79,#809);
#811=IFCRELCONNECTSPATHELEMENTS('2cWq$aMHzFpBUiSGMk2PNx',$,$,$,$,#736,#228,(),(),.ATPATH.,.ATEND.);
#812=IFCCARTESIANPOINTLIST2D(((0.,0.),(0.,0.10000000000000001),(2.3200001244302704,0.10000000000000001),(2.320000104959552,0.)));
#813=IFCINDEXEDPOLYCURVE(#812,(IFCLINEINDEX((1,2,3,4,1))),$);
#814=IFCARBITRARYCLOSEDPROFILEDEF(.AREA.,$,#813);
#815=IFCCARTESIANPOINT((0.,0.,0.));
#816=IFCDIRECTION((0.,0.,1.));
#817=IFCDIRECTION((1.,0.,0.));
#818=IFCAXIS2PLACEMENT3D(#815,#816,#817);
#819=IFCDIRECTION((0.,0.,1.));
#820=IFCEXTRUDEDAREASOLID(#814,#818,#819,3.);
#821=IFCSHAPEREPRESENTATION(#11,'Body','SweptSolid',(#820));
#822=IFCCARTESIANPOINTLIST2D(((0.,0.),(2.4200001049595539,0.)));
#823=IFCINDEXEDPOLYCURVE(#822,$,$);
#824=IFCSHAPEREPRESENTATION(#23,'Axis','Curve2D',(#823));
#1076=IFCWALL('0D5JyERU57iRM693mqhjAD',$,'Wall',$,$,#1183,#1082,$,$);
#1077=IFCMATERIALLAYERSETUSAGE(#82,.AXIS2.,.POSITIVE.,0.,$);
#1078=IFCRELASSOCIATESMATERIAL('1Pekbjzv1ESx0pBOzKpm67',$,$,$,(#1076),#1077);
#1082=IFCPRODUCTDEFINITIONSHAPE($,$,(#1731,#1728));
#1098=IFCPROPERTYSET('3s6yyjsyv9hwYNyxRh0l0o',$,'EPset_Parametric',$,(#1100));
#1099=IFCRELDEFINESBYPROPERTIES('3cFOr1wu9FZufijuZ_eKFq',$,$,$,(#1076),#1098);
#1100=IFCPROPERTYSINGLEVALUE('Engine',$,IFCLABEL('Bonsai.DumbLayer2'),$);
#1101=IFCWALL('3plcA8SxD9SPcRNACUvKqI',$,'Wall',$,$,#1718,#1107,$,$);
#1102=IFCMATERIALLAYERSETUSAGE(#82,.AXIS2.,.POSITIVE.,0.,$);
#1103=IFCRELASSOCIATESMATERIAL('1E8HizE6L30u0w1JS71fPq',$,$,$,(#1101),#1102);
#1107=IFCPRODUCTDEFINITIONSHAPE($,$,(#1713,#1710));
#1123=IFCPROPERTYSET('2l2dtrUfnDw9HCVc4w7qtO',$,'EPset_Parametric',$,(#1125));
#1124=IFCRELDEFINESBYPROPERTIES('0bq_WmaPj6uBbTyuNYuyEa',$,$,$,(#1101),#1123);
#1125=IFCPROPERTYSINGLEVALUE('Engine',$,IFCLABEL('Bonsai.DumbLayer2'),$);
#1179=IFCCARTESIANPOINT((0.73096334934234619,5.0600829124450684,0.));
#1180=IFCDIRECTION((0.,0.,1.));
#1181=IFCDIRECTION((1.9470718370939353E-07,-0.99999999999998113,0.));
#1182=IFCAXIS2PLACEMENT3D(#1179,#1180,#1181);
#1183=IFCLOCALPLACEMENT(#79,#1182);
#1668=IFCRELCONNECTSPATHELEMENTS('0CdgWB7Mr4NuCOjUs$Lfwr',$,$,$,$,#228,#203,(),(),.ATEND.,.ATSTART.);
#1669=IFCCARTESIANPOINTLIST2D(((0.,0.),(-0.10000004649123767,0.10000000000000001),(3.4000000667559465,0.10000000000000001),(3.5000001132471841,0.)));
#1670=IFCINDEXEDPOLYCURVE(#1669,(IFCLINEINDEX((1,2,3,4,1))),$);
#1671=IFCARBITRARYCLOSEDPROFILEDEF(.AREA.,$,#1670);
#1672=IFCCARTESIANPOINT((0.,0.,0.));
#1673=IFCDIRECTION((0.,0.,1.));
#1674=IFCDIRECTION((1.,0.,0.));
#1675=IFCAXIS2PLACEMENT3D(#1672,#1673,#1674);
#1676=IFCDIRECTION((0.,0.,1.));
#1677=IFCEXTRUDEDAREASOLID(#1671,#1675,#1676,3.);
#1678=IFCSHAPEREPRESENTATION(#11,'Body','SweptSolid',(#1677));
#1679=IFCCARTESIANPOINTLIST2D(((0.,0.),(3.5000001132471841,0.)));
#1680=IFCINDEXEDPOLYCURVE(#1679,$,$);
#1681=IFCSHAPEREPRESENTATION(#23,'Axis','Curve2D',(#1680));
#1700=IFCRELCONNECTSPATHELEMENTS('2rthLJAaD1qAOwUr4U92Km',$,$,$,$,#1101,#1076,(),(),.ATEND.,.ATSTART.);
#1701=IFCCARTESIANPOINTLIST2D(((0.,0.),(-0.10000005841217217,0.10000000000000001),(1.9700002035837392,0.10000000000000001),(1.9700002035837392,0.)));
#1702=IFCINDEXEDPOLYCURVE(#1701,(IFCLINEINDEX((1,2,3,4,1))),$);
#1703=IFCARBITRARYCLOSEDPROFILEDEF(.AREA.,$,#1702);
#1704=IFCCARTESIANPOINT((0.,0.,0.));
#1705=IFCDIRECTION((0.,0.,1.));
#1706=IFCDIRECTION((1.,0.,0.));
#1707=IFCAXIS2PLACEMENT3D(#1704,#1705,#1706);
#1708=IFCDIRECTION((0.,0.,1.));
#1709=IFCEXTRUDEDAREASOLID(#1703,#1707,#1708,3.);
#1710=IFCSHAPEREPRESENTATION(#11,'Body','SweptSolid',(#1709));
#1711=IFCCARTESIANPOINTLIST2D(((0.,0.),(1.9700002035837392,0.)));
#1712=IFCINDEXEDPOLYCURVE(#1711,$,$);
#1713=IFCSHAPEREPRESENTATION(#23,'Axis','Curve2D',(#1712));
#1714=IFCCARTESIANPOINT((0.73096364140312176,3.5600829124450009,0.));
#1715=IFCDIRECTION((0.,0.,1.));
#1716=IFCDIRECTION((-0.99999999999992428,3.8941436741876494E-07,0.));
#1717=IFCAXIS2PLACEMENT3D(#1714,#1715,#1716);
#1718=IFCLOCALPLACEMENT(#79,#1717);
#1719=IFCCARTESIANPOINTLIST2D(((0.,0.),(0.,0.10000000000000001),(1.6000000584122682,0.10000000000000001),(1.5000000000000959,0.)));
#1720=IFCINDEXEDPOLYCURVE(#1719,(IFCLINEINDEX((1,2,3,4,1))),$);
#1721=IFCARBITRARYCLOSEDPROFILEDEF(.AREA.,$,#1720);
#1722=IFCCARTESIANPOINT((0.,0.,0.));
#1723=IFCDIRECTION((0.,0.,1.));
#1724=IFCDIRECTION((1.,0.,0.));
#1725=IFCAXIS2PLACEMENT3D(#1722,#1723,#1724);
#1726=IFCDIRECTION((0.,0.,1.));
#1727=IFCEXTRUDEDAREASOLID(#1721,#1725,#1726,3.);
#1728=IFCSHAPEREPRESENTATION(#11,'Body','SweptSolid',(#1727));
#1729=IFCCARTESIANPOINTLIST2D(((0.,0.),(1.5000000000000959,0.)));
#1730=IFCINDEXEDPOLYCURVE(#1729,$,$);
#1731=IFCSHAPEREPRESENTATION(#23,'Axis','Curve2D',(#1730));
#1732=IFCRELCONNECTSPATHELEMENTS('1L07RWOxD4gRD_87zas3nJ',$,$,$,$,#87,#303,(),(),.ATEND.,.ATSTART.);
#1746=IFCCARTESIANPOINT((0.2309630016452828,-2.6399161815643311,0.));
#1747=IFCDIRECTION((0.,0.,1.));
#1748=IFCDIRECTION((1.,0.,0.));
#1749=IFCAXIS2PLACEMENT3D(#1746,#1747,#1748);
#1750=IFCLOCALPLACEMENT(#79,#1749);
#1751=IFCCARTESIANPOINTLIST2D(((0.,0.),(-0.10000002821300143,0.10000000000000001),(2.3999997333685186,0.10000000000000001),(2.4999997615815199,0.)));
#1752=IFCINDEXEDPOLYCURVE(#1751,(IFCLINEINDEX((1,2,3,4,1))),$);
#1753=IFCARBITRARYCLOSEDPROFILEDEF(.AREA.,$,#1752);
#1754=IFCCARTESIANPOINT((0.,0.,0.));
#1755=IFCDIRECTION((0.,0.,1.));
#1756=IFCDIRECTION((1.,0.,0.));
#1757=IFCAXIS2PLACEMENT3D(#1754,#1755,#1756);
#1758=IFCDIRECTION((0.,0.,1.));
#1759=IFCEXTRUDEDAREASOLID(#1753,#1757,#1758,3.);
#1760=IFCSHAPEREPRESENTATION(#11,'Body','SweptSolid',(#1759));
#1761=IFCCARTESIANPOINTLIST2D(((0.,0.),(2.4999997615815199,0.)));
#1762=IFCINDEXEDPOLYCURVE(#1761,$,$);
#1763=IFCSHAPEREPRESENTATION(#23,'Axis','Curve2D',(#1762));
#1764=IFCRELCONNECTSPATHELEMENTS('1rDwcllrX4G8ywOYpgEaLu',$,$,$,$,#153,#87,(),(),.ATEND.,.ATSTART.);
#1778=IFCCARTESIANPOINTLIST2D(((0.,0.),(0.10000002821300144,0.10000000000000001),(3.8999997592004059,0.10000000000000001),(3.9999997516506158,0.)));
#1779=IFCINDEXEDPOLYCURVE(#1778,(IFCLINEINDEX((1,2,3,4,1))),$);
#1780=IFCARBITRARYCLOSEDPROFILEDEF(.AREA.,$,#1779);
#1781=IFCCARTESIANPOINT((0.,0.,0.));
#1782=IFCDIRECTION((0.,0.,1.));
#1783=IFCDIRECTION((1.,0.,0.));
#1784=IFCAXIS2PLACEMENT3D(#1781,#1782,#1783);
#1785=IFCDIRECTION((0.,0.,1.));
#1786=IFCEXTRUDEDAREASOLID(#1780,#1784,#1785,3.);
#1787=IFCSHAPEREPRESENTATION(#11,'Body','SweptSolid',(#1786));
#1788=IFCCARTESIANPOINTLIST2D(((0.,0.),(3.9999997516506158,0.)));
#1789=IFCINDEXEDPOLYCURVE(#1788,$,$);
#1790=IFCSHAPEREPRESENTATION(#23,'Axis','Curve2D',(#1789));
#1791=IFCRELCONNECTSPATHELEMENTS('35ANKCjKnD29AEXn7MghYH',$,$,$,$,#178,#153,(),(),.ATEND.,.ATSTART.);
#1805=IFCCARTESIANPOINTLIST2D(((0.,0.),(0.099999992450210157,0.10000000000000001),(9.0999995481972427,0.10000000000000001),(9.1999995708466162,0.)));
#1806=IFCINDEXEDPOLYCURVE(#1805,(IFCLINEINDEX((1,2,3,4,1))),$);
#1807=IFCARBITRARYCLOSEDPROFILEDEF(.AREA.,$,#1806);
#1808=IFCCARTESIANPOINT((0.,0.,0.));
#1809=IFCDIRECTION((0.,0.,1.));
#1810=IFCDIRECTION((1.,0.,0.));
#1811=IFCAXIS2PLACEMENT3D(#1808,#1809,#1810);
#1812=IFCDIRECTION((0.,0.,1.));
#1813=IFCEXTRUDEDAREASOLID(#1807,#1811,#1812,3.);
#1814=IFCSHAPEREPRESENTATION(#11,'Body','SweptSolid',(#1813));
#1815=IFCCARTESIANPOINTLIST2D(((0.,0.),(9.1999995708466162,0.)));
#1816=IFCINDEXEDPOLYCURVE(#1815,$,$);
#1817=IFCSHAPEREPRESENTATION(#23,'Axis','Curve2D',(#1816));
#1818=IFCRELCONNECTSPATHELEMENTS('167O77hzz1dACyT0Oc5IcC',$,$,$,$,#203,#178,(),(),.ATEND.,.ATSTART.);
#1819=IFCCARTESIANPOINTLIST2D(((0.,0.),(0.099999992450210171,0.10000000000000001),(1.5999999948430892,0.10000000000000001),(1.4999999483518516,0.)));
#1820=IFCINDEXEDPOLYCURVE(#1819,(IFCLINEINDEX((1,2,3,4,1))),$);
#1821=IFCARBITRARYCLOSEDPROFILEDEF(.AREA.,$,#1820);
#1822=IFCCARTESIANPOINT((0.,0.,0.));
#1823=IFCDIRECTION((0.,0.,1.));
#1824=IFCDIRECTION((1.,0.,0.));
#1825=IFCAXIS2PLACEMENT3D(#1822,#1823,#1824);
#1826=IFCDIRECTION((0.,0.,1.));
#1827=IFCEXTRUDEDAREASOLID(#1821,#1825,#1826,3.);
#1828=IFCSHAPEREPRESENTATION(#11,'Body','SweptSolid',(#1827));
#1829=IFCCARTESIANPOINTLIST2D(((0.,0.),(1.4999999483518516,0.)));
#1830=IFCINDEXEDPOLYCURVE(#1829,$,$);
#1831=IFCSHAPEREPRESENTATION(#23,'Axis','Curve2D',(#1830));
#1832=IFCCARTESIANPOINTLIST2D(((0.,0.),(0.10000002264937295,0.10000000000000001),(3.400000225293327,0.10000000000000001),(3.500000217743537,0.)));
#1833=IFCINDEXEDPOLYCURVE(#1832,(IFCLINEINDEX((1,2,3,4,1))),$);
#1834=IFCARBITRARYCLOSEDPROFILEDEF(.AREA.,$,#1833);
#1835=IFCCARTESIANPOINT((0.,0.,0.));
#1836=IFCDIRECTION((0.,0.,1.));
#1837=IFCDIRECTION((1.,0.,0.));
#1838=IFCAXIS2PLACEMENT3D(#1835,#1836,#1837);
#1839=IFCDIRECTION((0.,0.,1.));
#1840=IFCEXTRUDEDAREASOLID(#1834,#1838,#1839,3.);
#1841=IFCSHAPEREPRESENTATION(#11,'Body','SweptSolid',(#1840));
#1842=IFCCARTESIANPOINTLIST2D(((0.,0.),(3.500000217743537,0.)));
#1843=IFCINDEXEDPOLYCURVE(#1842,$,$);
#1844=IFCSHAPEREPRESENTATION(#23,'Axis','Curve2D',(#1843));
#1845=IFCSLABTYPE('28CSOJuzbBIu94fPmnwqjU',$,'Slab',$,$,(#1849),$,$,$,.FLOOR.);
#1846=IFCMATERIALLAYERSET((#1848),$,$);
#1847=IFCRELASSOCIATESMATERIAL('08JLTwrtL7DAEXCQeEpHR_',$,$,$,(#1845),#1846);
#1848=IFCMATERIALLAYER(#81,0.10000000000000001,$,$,$,$,$);
#1849=IFCPROPERTYSET('25Co2GyPf7_fy3_9OQZcOd',$,'EPset_Parametric',$,(#1850));
#1850=IFCPROPERTYSINGLEVALUE('LayerSetDirection',$,IFCLABEL('AXIS3'),$);
#1851=IFCSLAB('1HDTETWOjE2vcy5rKJwGuW',$,'Slab',$,$,#1859,#1866,$,$);
#1852=IFCRELDEFINESBYTYPE('13yP36slv9cvZB8pIpax$W',$,$,$,(#7029,#7007,#5543,#1851),#1845);
#1853=IFCMATERIALLAYERSETUSAGE(#1846,.AXIS3.,.POSITIVE.,-0.10000000149011612,$);
#1854=IFCRELASSOCIATESMATERIAL('3yyTPzQfv3GPNrxdq3j_q4',$,$,$,(#1851),#1853);
#1855=IFCCARTESIANPOINT((4.2309646606445312,6.5600833892822266,0.));
#1856=IFCDIRECTION((0.,0.,1.));
#1857=IFCDIRECTION((1.,0.,0.));
#1858=IFCAXIS2PLACEMENT3D(#1855,#1856,#1857);
#1859=IFCLOCALPLACEMENT(#79,#1858);
#1860=IFCCARTESIANPOINTLIST2D(((0.,0.),(-3.5000016689300537,-4.76837158203125E-07),(-3.5000014305114746,-1.5000004768371582),(-7.0000014305114746,-1.4999990463256836),(-7.0000004768371582,-6.6999998092651367),(-4.0000009536743164,-6.6999998092651367),(-4.0000014305114746,-9.1999998092651367),(-1.9073486328125E-06,-9.1999998092651367),(0.,0.)));
#1861=IFCINDEXEDPOLYCURVE(#1860,$,$);
#1862=IFCDIRECTION((0.,0.,1.));
#1863=IFCARBITRARYCLOSEDPROFILEDEF(.AREA.,$,#1861);
#1864=IFCEXTRUDEDAREASOLID(#1863,#1873,#1862,0.10000000000000001);
#1865=IFCSHAPEREPRESENTATION(#11,'Body','SweptSolid',(#1864));
#1866=IFCPRODUCTDEFINITIONSHAPE($,$,(#1865));
#1867=IFCPROPERTYSET('2384Su92D44O88JGB0tVZC',$,'EPset_Parametric',$,(#1869));
#1868=IFCRELDEFINESBYPROPERTIES('2gRWyzJ1r2agFNnu7NWhXo',$,$,$,(#1851),#1867);
#1869=IFCPROPERTYSINGLEVALUE('Engine',$,IFCLABEL('Bonsai.DumbLayer3'),$);
#1870=IFCCARTESIANPOINT((-0.,-0.,-0.10000000149011612));
#1871=IFCDIRECTION((0.,0.,1.));
#1872=IFCDIRECTION((1.,0.,0.));
#1873=IFCAXIS2PLACEMENT3D(#1870,#1871,#1872);
#1874=IFCDOORTYPE('0Fj0_qqUz418rx3sRXmXRN',$,'Main-GF',$,$,(#1875),(#1884,#1962,#1981),$,$,.DOOR.,.SINGLE_SWING_LEFT.,$,$);
#1875=IFCPROPERTYSET('2UG2jsqLX2kfdMByEbleDm',$,'BBIM_Door',$,(#1876));
#1876=IFCPROPERTYSINGLEVALUE('Data',$,IFCTEXT('{"door_type": "SINGLE_SWING_LEFT", "overall_height": 2.0, "overall_width": 0.8999999761581421, "lining_properties": {"lining_depth": 0.05000000074505806, "lining_thickness": 0.05000000074505806, "lining_offset": 0.0, "lining_to_panel_offset_x": 0.02500000037252903, "lining_to_panel_offset_y": 0.02500000037252903, "transom_thickness": 0.0, "casing_thickness": 0.07500000298023224, "casing_depth": 0.004999999888241291, "threshold_thickness": 0.02500000037252903, "threshold_depth": 0.10000000149011612, "threshold_offset": 0.0}, "panel_properties": {"panel_depth": 0.03500000014901161, "panel_width_ratio": 1.0}}'),$);
#1880=IFCCARTESIANPOINT((0.,0.,0.));
#1881=IFCDIRECTION((1.,0.,0.));
#1882=IFCDIRECTION((0.,0.,1.));
#1883=IFCAXIS2PLACEMENT3D(#1880,#1882,#1881);
#1884=IFCREPRESENTATIONMAP(#1883,#2193);
#1958=IFCCARTESIANPOINT((0.,0.,0.));
#1959=IFCDIRECTION((1.,0.,0.));
#1960=IFCDIRECTION((0.,0.,1.));
#1961=IFCAXIS2PLACEMENT3D(#1958,#1960,#1959);
#1962=IFCREPRESENTATIONMAP(#1961,#2266);
#1977=IFCCARTESIANPOINT((0.,0.,0.));
#1978=IFCDIRECTION((1.,0.,0.));
#1979=IFCDIRECTION((0.,0.,1.));
#1980=IFCAXIS2PLACEMENT3D(#1977,#1979,#1978);
#1981=IFCREPRESENTATIONMAP(#1980,#2284);
#2096=IFCDOOR('2olmvtElD58uzr7$HefbuI',$,'Door',$,$,#2309,#2105,$,2.,0.89999997615814209,$,.SINGLE_SWING_LEFT.,$);
#2097=IFCRELDEFINESBYTYPE('2A7IhuOn94cQgAEd6syLMQ',$,$,$,(#2096),#1874);
#2098=IFCCARTESIANPOINT((0.,0.,0.));
#2099=IFCDIRECTION((1.,0.,0.));
#2100=IFCDIRECTION((0.,1.,0.));
#2101=IFCDIRECTION((0.,0.,1.));
#2102=IFCCARTESIANTRANSFORMATIONOPERATOR3D(#2099,#2100,#2098,1.,#2101);
#2103=IFCMAPPEDITEM(#1884,#2102);
#2104=IFCSHAPEREPRESENTATION(#18,'Profile','MappedRepresentation',(#2103));
#2105=IFCPRODUCTDEFINITIONSHAPE($,$,(#2104,#2112,#2119));
#2106=IFCCARTESIANPOINT((0.,0.,0.));
#2107=IFCDIRECTION((1.,0.,0.));
#2108=IFCDIRECTION((0.,1.,0.));
#2109=IFCDIRECTION((0.,0.,1.));
#2110=IFCCARTESIANTRANSFORMATIONOPERATOR3D(#2107,#2108,#2106,1.,#2109);
#2111=IFCMAPPEDITEM(#1962,#2110);
#2112=IFCSHAPEREPRESENTATION(#11,'Body','MappedRepresentation',(#2111));
#2113=IFCCARTESIANPOINT((0.,0.,0.));
#2114=IFCDIRECTION((1.,0.,0.));
#2115=IFCDIRECTION((0.,1.,0.));
#2116=IFCDIRECTION((0.,0.,1.));
#2117=IFCCARTESIANTRANSFORMATIONOPERATOR3D(#2114,#2115,#2113,1.,#2116);
#2118=IFCMAPPEDITEM(#1981,#2117);
#2119=IFCSHAPEREPRESENTATION(#24,'Body','MappedRepresentation',(#2118));
#2120=IFCOPENINGELEMENT('0CwPjUrXH7_eOW3FrTbzgq',$,'Opening',$,$,#2304,#2148,$,.OPENING.);
#2136=IFCCARTESIANPOINT((0.,0.,0.));
#2137=IFCDIRECTION((1.,0.,0.));
#2138=IFCDIRECTION((0.,0.,1.));
#2139=IFCAXIS2PLACEMENT3D(#2136,#2138,#2137);
#2140=IFCREPRESENTATIONMAP(#2139,#2294);
#2141=IFCCARTESIANPOINT((0.,0.,0.));
#2142=IFCDIRECTION((1.,0.,0.));
#2143=IFCDIRECTION((0.,1.,0.));
#2144=IFCDIRECTION((0.,0.,1.));
#2145=IFCCARTESIANTRANSFORMATIONOPERATOR3D(#2142,#2143,#2141,1.,#2144);
#2146=IFCMAPPEDITEM(#2140,#2145);
#2147=IFCSHAPEREPRESENTATION(#11,'Body','MappedRepresentation',(#2146));
#2148=IFCPRODUCTDEFINITIONSHAPE($,$,(#2147));
#2149=IFCRELVOIDSELEMENT('3OVjVJldP3VOEFiQ16sBEI',$,$,$,#87,#2120);
#2155=IFCRELFILLSELEMENT('1nlBYyQn50ZADty9gsg3zQ',$,$,$,#2120,#2096);
#2191=IFCCARTESIANPOINTLIST3D(((0.,0.,0.),(0.89999997615814209,0.,0.),(0.89999997615814209,0.,2.),(0.,0.,2.)));
#2192=IFCINDEXEDPOLYCURVE(#2191,(IFCLINEINDEX((1,2,3,4,1))),$);
#2193=IFCSHAPEREPRESENTATION(#18,'Profile','Curve3D',(#2192));
#2194=IFCCARTESIANPOINTLIST2D(((0.,0.),(0.,2.),(0.89999997615814209,2.),(0.89999997615814209,0.),(0.87499997578561306,0.),(0.87499997578561306,1.974999999627471),(0.02500000037252903,1.974999999627471),(0.02500000037252903,0.)));
#2195=IFCINDEXEDPOLYCURVE(#2194,(IFCLINEINDEX((1,2,3,4,5,6,7,8,1))),$);
#2196=IFCARBITRARYCLOSEDPROFILEDEF(.AREA.,$,#2195);
#2197=IFCCARTESIANPOINT((0.,0.02500000037252903,0.));
#2198=IFCDIRECTION((0.,-1.,0.));
#2199=IFCDIRECTION((1.,0.,0.));
#2200=IFCAXIS2PLACEMENT3D(#2197,#2198,#2199);
#2201=IFCDIRECTION((0.,0.,-1.));
#2202=IFCEXTRUDEDAREASOLID(#2196,#2200,#2201,0.02500000037252903);
#2203=IFCCARTESIANPOINTLIST2D(((0.,0.),(0.,2.),(0.89999997615814209,2.),(0.89999997615814209,0.),(0.84999997541308403,0.),(0.84999997541308403,1.9499999992549419),(0.05000000074505806,1.9499999992549419),(0.05000000074505806,0.)));
#2204=IFCINDEXEDPOLYCURVE(#2203,(IFCLINEINDEX((1,2,3,4,5,6,7,8,1))),$);
#2205=IFCARBITRARYCLOSEDPROFILEDEF(.AREA.,$,#2204);
#2206=IFCCARTESIANPOINT((0.,0.,0.));
#2207=IFCDIRECTION((0.,-1.,0.));
#2208=IFCDIRECTION((1.,0.,0.));
#2209=IFCAXIS2PLACEMENT3D(#2206,#2207,#2208);
#2210=IFCDIRECTION((0.,0.,-1.));
#2211=IFCEXTRUDEDAREASOLID(#2205,#2209,#2210,0.02500000037252903);
#2212=IFCCARTESIANPOINTLIST2D(((0.,0.),(0.79999997466802597,0.),(0.79999997466802597,0.10000000149011612),(0.,0.10000000149011612)));
#2213=IFCINDEXEDPOLYCURVE(#2212,(IFCLINEINDEX((1,2,3,4,1))),$);
#2214=IFCARBITRARYCLOSEDPROFILEDEF(.AREA.,$,#2213);
#2215=IFCCARTESIANPOINT((0.05000000074505806,0.,0.));
#2216=IFCDIRECTION((0.,0.,1.));
#2217=IFCDIRECTION((1.,0.,0.));
#2218=IFCAXIS2PLACEMENT3D(#2215,#2216,#2217);
#2219=IFCDIRECTION((0.,0.,1.));
#2220=IFCEXTRUDEDAREASOLID(#2214,#2218,#2219,0.02500000037252903);
#2221=IFCCARTESIANPOINTLIST2D(((0.,0.),(0.,2.0250000022351742),(0.94999998062849045,2.0250000022351742),(0.94999998062849045,0.),(0.87499997764825821,0.),(0.87499997764825821,1.9499999992549419),(0.075000002980232239,1.9499999992549419),(0.075000002980232239,0.)));
#2222=IFCINDEXEDPOLYCURVE(#2221,(IFCLINEINDEX((1,2,3,4,5,6,7,8,1))),$);
#2223=IFCARBITRARYCLOSEDPROFILEDEF(.AREA.,$,#2222);
#2224=IFCCARTESIANPOINT((-0.025000002235174179,-0.004999999888241291,0.));
#2225=IFCDIRECTION((0.,-1.,0.));
#2226=IFCDIRECTION((1.,0.,0.));
#2227=IFCAXIS2PLACEMENT3D(#2224,#2225,#2226);
#2228=IFCDIRECTION((0.,0.,-1.));
#2229=IFCEXTRUDEDAREASOLID(#2223,#2227,#2228,0.004999999888241291);
#2230=IFCCARTESIANPOINTLIST2D(((0.,0.),(0.,2.0250000022351742),(0.94999998062849045,2.0250000022351742),(0.94999998062849045,0.),(0.89999997802078724,0.),(0.89999997802078724,1.974999999627471),(0.050000002607703209,1.974999999627471),(0.050000002607703209,0.)));
#2231=IFCINDEXEDPOLYCURVE(#2230,(IFCLINEINDEX((1,2,3,4,5,6,7,8,1))),$);
#2232=IFCARBITRARYCLOSEDPROFILEDEF(.AREA.,$,#2231);
#2233=IFCCARTESIANPOINT((-0.025000002235174179,0.05000000074505806,0.));
#2234=IFCDIRECTION((0.,-1.,0.));
#2235=IFCDIRECTION((1.,0.,0.));
#2236=IFCAXIS2PLACEMENT3D(#2233,#2234,#2235);
#2237=IFCDIRECTION((0.,0.,-1.));
#2238=IFCEXTRUDEDAREASOLID(#2232,#2236,#2237,0.004999999888241291);
#2239=IFCCARTESIANPOINTLIST2D(((0.,0.),(0.84999997541308403,0.),(0.84999997541308403,0.035000000149011612),(0.,0.035000000149011612)));
#2240=IFCINDEXEDPOLYCURVE(#2239,(IFCLINEINDEX((1,2,3,4,1))),$);
#2241=IFCARBITRARYCLOSEDPROFILEDEF(.AREA.,$,#2240);
#2242=IFCCARTESIANPOINT((0.02500000037252903,0.02500000037252903,0.02500000037252903));
#2243=IFCDIRECTION((0.,0.,1.));
#2244=IFCDIRECTION((1.,0.,0.));
#2245=IFCAXIS2PLACEMENT3D(#2242,#2243,#2244);
#2246=IFCDIRECTION((0.,0.,1.));
#2247=IFCEXTRUDEDAREASOLID(#2241,#2245,#2246,1.9499999992549419);
#2248=IFCCARTESIANPOINTLIST2D(((0.,0.),(0.,-0.040000000000000001),(-0.11999999999999988,-0.040000000000000001),(-0.11999999999999988,-0.02),(-0.020000000000000018,-0.02),(-0.020000000000000018,0.)));
#2249=IFCINDEXEDPOLYCURVE(#2248,(IFCLINEINDEX((1,2,3,4,5,6,1))),$);
#2250=IFCARBITRARYCLOSEDPROFILEDEF(.AREA.,$,#2249);
#2251=IFCCARTESIANPOINT((0.82499997578561302,0.02500000037252903,1.015000000372529));
#2252=IFCDIRECTION((0.,0.,1.));
#2253=IFCDIRECTION((1.,0.,0.));
#2254=IFCAXIS2PLACEMENT3D(#2251,#2252,#2253);
#2255=IFCDIRECTION((0.,0.,1.));
#2256=IFCEXTRUDEDAREASOLID(#2250,#2254,#2255,0.02);
#2257=IFCEXTRUDEDAREASOLID(#2258,#2261,#2265,0.02);
#2258=IFCARBITRARYCLOSEDPROFILEDEF(.AREA.,$,#2259);
#2259=IFCINDEXEDPOLYCURVE(#2260,(IFCLINEINDEX((1,2,3,4,5,6,1))),$);
#2260=IFCCARTESIANPOINTLIST2D(((0.,0.),(0.,0.040000000000000008),(-0.11999999999999988,0.040000000000000008),(-0.11999999999999988,0.020000000000000004),(-0.020000000000000018,0.020000000000000004),(-0.020000000000000018,0.)));
#2261=IFCAXIS2PLACEMENT3D(#2262,#2263,#2264);
#2262=IFCCARTESIANPOINT((0.82499997578561302,0.060000000521540642,1.015000000372529));
#2263=IFCDIRECTION((0.,0.,1.));
#2264=IFCDIRECTION((1.,0.,0.));
#2265=IFCDIRECTION((0.,0.,1.));
#2266=IFCSHAPEREPRESENTATION(#11,'Body','SweptSolid',(#2202,#2211,#2247,#2256,#2257,#2220,#2229,#2238));
#2267=IFCSHAPEREPRESENTATION(#11,'Body','SweptSolid',(#2202,#2211,#2220,#2229,#2238));
#2268=IFCSHAPEASPECT((#2267),'Lining',$,.T.,#2105);
#2269=IFCSHAPEREPRESENTATION(#11,'Body','SweptSolid',(#2247,#2256,#2257));
#2270=IFCSHAPEASPECT((#2269),'Framing',$,.T.,#2105);
#2271=IFCCARTESIANPOINTLIST2D(((0.,0.),(0.,0.05000000074505806),(0.02500000037252903,0.05000000074505806),(0.02500000037252903,0.02500000037252903),(0.05000000074505806,0.02500000037252903),(0.05000000074505806,0.)));
#2272=IFCINDEXEDPOLYCURVE(#2271,(IFCLINEINDEX((1,2,3,4,5,6,1))),$);
#2273=IFCINDEXEDPOLYCURVE(#2274,(IFCLINEINDEX((1,2,3,4,5,6,1))),$);
#2274=IFCCARTESIANPOINTLIST2D(((0.89999997615814209,0.),(0.89999997615814209,0.05000000074505806),(0.87499997578561306,0.05000000074505806),(0.87499997578561306,0.02500000037252903),(0.84999997541308403,0.02500000037252903),(0.84999997541308403,0.)));
#2275=IFCDIRECTION((1.,0.));
#2276=IFCCARTESIANPOINT((0.060000000521540642,0.05000000074505806));
#2277=IFCAXIS2PLACEMENT2D(#2276,#2275);
#2278=IFCELLIPSE(#2277,0.81499997526407242,0.84999997541308403);
#2279=IFCCARTESIANPOINT((0.87499997578561306,0.05000000074505806));
#2280=IFCCARTESIANPOINT((0.060000000521540642,0.89999997615814209));
#2281=IFCTRIMMEDCURVE(#2278,(#2279),(#2280),.T.,.CARTESIAN.);
#2282=IFCCARTESIANPOINTLIST2D(((0.02500000037252903,0.05000000074505806),(0.060000000521540642,0.05000000074505806),(0.060000000521540642,0.89999997615814209),(0.02500000037252903,0.89999997615814209)));
#2283=IFCINDEXEDPOLYCURVE(#2282,(IFCLINEINDEX((1,2,3,4,1))),$);
#2284=IFCSHAPEREPRESENTATION(#24,'Body','Curve2D',(#2272,#2273,#2281,#2283));
#2285=IFCCARTESIANPOINTLIST2D(((0.,0.),(0.89999997615814209,0.),(0.89999997615814209,2.),(0.,2.)));
#2286=IFCINDEXEDPOLYCURVE(#2285,(IFCLINEINDEX((1,2,3,4,1))),$);
#2287=IFCARBITRARYCLOSEDPROFILEDEF(.AREA.,$,#2286);
#2288=IFCCARTESIANPOINT((0.,-0.60000002384185791,0.));
#2289=IFCDIRECTION((0.,-1.,0.));
#2290=IFCDIRECTION((1.,0.,0.));
#2291=IFCAXIS2PLACEMENT3D(#2288,#2289,#2290);
#2292=IFCDIRECTION((0.,0.,-1.));
#2293=IFCEXTRUDEDAREASOLID(#2287,#2291,#2292,1.2);
#2294=IFCSHAPEREPRESENTATION(#11,'Body','SweptSolid',(#2293));
#2300=IFCCARTESIANPOINT((0.32355462511710731,4.76837158203125E-07,0.));
#2301=IFCDIRECTION((0.,0.,1.));
#2302=IFCDIRECTION((0.99999999999997158,-2.3841857910155572E-07,0.));
#2303=IFCAXIS2PLACEMENT3D(#2300,#2301,#2302);
#2304=IFCLOCALPLACEMENT(#1750,#2303);
#2305=IFCCARTESIANPOINT((0.,0.,0.));
#2306=IFCDIRECTION((0.,0.,1.));
#2307=IFCDIRECTION((1.,0.,0.));
#2308=IFCAXIS2PLACEMENT3D(#2305,#2306,#2307);
#2309=IFCLOCALPLACEMENT(#2304,#2308);
#2310=IFCDOORTYPE('3A1HNoLDv2fe4fzlsPfPmz',$,'Guest-GF',$,$,(#2311),(#2313,#2321,#2399),$,$,.DOOR.,.SINGLE_SWING_LEFT.,$,$);
#2311=IFCPROPERTYSET('2v3kd9W25DX8GC09MgWoVo',$,'BBIM_Door',$,(#2312));
#2312=IFCPROPERTYSINGLEVALUE('Data',$,IFCTEXT('{"door_type": "SINGLE_SWING_LEFT", "overall_height": 2.0, "overall_width": 0.8999999761581421, "lining_properties": {"lining_depth": 0.05000000074505806, "lining_thickness": 0.05000000074505806, "lining_offset": 0.0, "lining_to_panel_offset_x": 0.02500000037252903, "lining_to_panel_offset_y": 0.02500000037252903, "transom_thickness": 0.0, "casing_thickness": 0.07500000298023224, "casing_depth": 0.004999999888241291, "threshold_thickness": 0.02500000037252903, "threshold_depth": 0.10000000149011612, "threshold_offset": 0.0}, "panel_properties": {"panel_depth": 0.03500000014901161, "panel_width_ratio": 1.0}}'),$);
#2313=IFCREPRESENTATIONMAP(#2314,#2318);
#2314=IFCAXIS2PLACEMENT3D(#2315,#2316,#2317);
#2315=IFCCARTESIANPOINT((0.,0.,0.));
#2316=IFCDIRECTION((0.,0.,1.));
#2317=IFCDIRECTION((1.,0.,0.));
#2318=IFCSHAPEREPRESENTATION(#18,'Profile','Curve3D',(#2319));
#2319=IFCINDEXEDPOLYCURVE(#2320,(IFCLINEINDEX((1,2,3,4,1))),$);
#2320=IFCCARTESIANPOINTLIST3D(((0.,0.,0.),(0.89999997615814209,0.,0.),(0.89999997615814209,0.,2.),(0.,0.,2.)));
#2321=IFCREPRESENTATIONMAP(#2322,#2326);
#2322=IFCAXIS2PLACEMENT3D(#2323,#2324,#2325);
#2323=IFCCARTESIANPOINT((0.,0.,0.));
#2324=IFCDIRECTION((0.,0.,1.));
#2325=IFCDIRECTION((1.,0.,0.));
#2326=IFCSHAPEREPRESENTATION(#11,'Body','SweptSolid',(#2327,#2336,#2345,#2354,#2363,#2372,#2381,#2390));
#2327=IFCEXTRUDEDAREASOLID(#2328,#2331,#2335,0.02500000037252903);
#2328=IFCARBITRARYCLOSEDPROFILEDEF(.AREA.,$,#2329);
#2329=IFCINDEXEDPOLYCURVE(#2330,(IFCLINEINDEX((1,2,3,4,5,6,7,8,1))),$);
#2330=IFCCARTESIANPOINTLIST2D(((0.,0.),(0.,2.),(0.89999997615814209,2.),(0.89999997615814209,0.),(0.87499997578561306,0.),(0.87499997578561306,1.974999999627471),(0.02500000037252903,1.974999999627471),(0.02500000037252903,0.)));
#2331=IFCAXIS2PLACEMENT3D(#2332,#2333,#2334);
#2332=IFCCARTESIANPOINT((0.,0.02500000037252903,0.));
#2333=IFCDIRECTION((0.,-1.,0.));
#2334=IFCDIRECTION((1.,0.,0.));
#2335=IFCDIRECTION((0.,0.,-1.));
#2336=IFCEXTRUDEDAREASOLID(#2337,#2340,#2344,0.02500000037252903);
#2337=IFCARBITRARYCLOSEDPROFILEDEF(.AREA.,$,#2338);
#2338=IFCINDEXEDPOLYCURVE(#2339,(IFCLINEINDEX((1,2,3,4,5,6,7,8,1))),$);
#2339=IFCCARTESIANPOINTLIST2D(((0.,0.),(0.,2.),(0.89999997615814209,2.),(0.89999997615814209,0.),(0.84999997541308403,0.),(0.84999997541308403,1.9499999992549419),(0.05000000074505806,1.9499999992549419),(0.05000000074505806,0.)));
#2340=IFCAXIS2PLACEMENT3D(#2341,#2342,#2343);
#2341=IFCCARTESIANPOINT((0.,0.,0.));
#2342=IFCDIRECTION((0.,-1.,0.));
#2343=IFCDIRECTION((1.,0.,0.));
#2344=IFCDIRECTION((0.,0.,-1.));
#2345=IFCEXTRUDEDAREASOLID(#2346,#2349,#2353,1.9499999992549419);
#2346=IFCARBITRARYCLOSEDPROFILEDEF(.AREA.,$,#2347);
#2347=IFCINDEXEDPOLYCURVE(#2348,(IFCLINEINDEX((1,2,3,4,1))),$);
#2348=IFCCARTESIANPOINTLIST2D(((0.,0.),(0.84999997541308403,0.),(0.84999997541308403,0.035000000149011612),(0.,0.035000000149011612)));
#2349=IFCAXIS2PLACEMENT3D(#2350,#2351,#2352);
#2350=IFCCARTESIANPOINT((0.02500000037252903,0.02500000037252903,0.02500000037252903));
#2351=IFCDIRECTION((0.,0.,1.));
#2352=IFCDIRECTION((1.,0.,0.));
#2353=IFCDIRECTION((0.,0.,1.));
#2354=IFCEXTRUDEDAREASOLID(#2355,#2358,#2362,0.02);
#2355=IFCARBITRARYCLOSEDPROFILEDEF(.AREA.,$,#2356);
#2356=IFCINDEXEDPOLYCURVE(#2357,(IFCLINEINDEX((1,2,3,4,5,6,1))),$);
#2357=IFCCARTESIANPOINTLIST2D(((0.,0.),(0.,-0.040000000000000001),(-0.11999999999999988,-0.040000000000000001),(-0.11999999999999988,-0.02),(-0.020000000000000018,-0.02),(-0.020000000000000018,0.)));
#2358=IFCAXIS2PLACEMENT3D(#2359,#2360,#2361);
#2359=IFCCARTESIANPOINT((0.82499997578561302,0.02500000037252903,1.015000000372529));
#2360=IFCDIRECTION((0.,0.,1.));
#2361=IFCDIRECTION((1.,0.,0.));
#2362=IFCDIRECTION((0.,0.,1.));
#2363=IFCEXTRUDEDAREASOLID(#2364,#2367,#2371,0.02);
#2364=IFCARBITRARYCLOSEDPROFILEDEF(.AREA.,$,#2365);
#2365=IFCINDEXEDPOLYCURVE(#2366,(IFCLINEINDEX((1,2,3,4,5,6,1))),$);
#2366=IFCCARTESIANPOINTLIST2D(((0.,0.),(0.,0.040000000000000008),(-0.11999999999999988,0.040000000000000008),(-0.11999999999999988,0.020000000000000004),(-0.020000000000000018,0.020000000000000004),(-0.020000000000000018,0.)));
#2367=IFCAXIS2PLACEMENT3D(#2368,#2369,#2370);
#2368=IFCCARTESIANPOINT((0.82499997578561302,0.060000000521540642,1.015000000372529));
#2369=IFCDIRECTION((0.,0.,1.));
#2370=IFCDIRECTION((1.,0.,0.));
#2371=IFCDIRECTION((0.,0.,1.));
#2372=IFCEXTRUDEDAREASOLID(#2373,#2376,#2380,0.02500000037252903);
#2373=IFCARBITRARYCLOSEDPROFILEDEF(.AREA.,$,#2374);
#2374=IFCINDEXEDPOLYCURVE(#2375,(IFCLINEINDEX((1,2,3,4,1))),$);
#2375=IFCCARTESIANPOINTLIST2D(((0.,0.),(0.79999997466802597,0.),(0.79999997466802597,0.10000000149011612),(0.,0.10000000149011612)));
#2376=IFCAXIS2PLACEMENT3D(#2377,#2378,#2379);
#2377=IFCCARTESIANPOINT((0.05000000074505806,0.,0.));
#2378=IFCDIRECTION((0.,0.,1.));
#2379=IFCDIRECTION((1.,0.,0.));
#2380=IFCDIRECTION((0.,0.,1.));
#2381=IFCEXTRUDEDAREASOLID(#2382,#2385,#2389,0.004999999888241291);
#2382=IFCARBITRARYCLOSEDPROFILEDEF(.AREA.,$,#2383);
#2383=IFCINDEXEDPOLYCURVE(#2384,(IFCLINEINDEX((1,2,3,4,5,6,7,8,1))),$);
#2384=IFCCARTESIANPOINTLIST2D(((0.,0.),(0.,2.0250000022351742),(0.94999998062849045,2.0250000022351742),(0.94999998062849045,0.),(0.87499997764825821,0.),(0.87499997764825821,1.9499999992549419),(0.075000002980232239,1.9499999992549419),(0.075000002980232239,0.)));
#2385=IFCAXIS2PLACEMENT3D(#2386,#2387,#2388);
#2386=IFCCARTESIANPOINT((-0.025000002235174179,-0.004999999888241291,0.));
#2387=IFCDIRECTION((0.,-1.,0.));
#2388=IFCDIRECTION((1.,0.,0.));
#2389=IFCDIRECTION((0.,0.,-1.));
#2390=IFCEXTRUDEDAREASOLID(#2391,#2394,#2398,0.004999999888241291);
#2391=IFCARBITRARYCLOSEDPROFILEDEF(.AREA.,$,#2392);
#2392=IFCINDEXEDPOLYCURVE(#2393,(IFCLINEINDEX((1,2,3,4,5,6,7,8,1))),$);
#2393=IFCCARTESIANPOINTLIST2D(((0.,0.),(0.,2.0250000022351742),(0.94999998062849045,2.0250000022351742),(0.94999998062849045,0.),(0.89999997802078724,0.),(0.89999997802078724,1.974999999627471),(0.050000002607703209,1.974999999627471),(0.050000002607703209,0.)));
#2394=IFCAXIS2PLACEMENT3D(#2395,#2396,#2397);
#2395=IFCCARTESIANPOINT((-0.025000002235174179,0.05000000074505806,0.));
#2396=IFCDIRECTION((0.,-1.,0.));
#2397=IFCDIRECTION((1.,0.,0.));
#2398=IFCDIRECTION((0.,0.,-1.));
#2399=IFCREPRESENTATIONMAP(#2400,#2404);
#2400=IFCAXIS2PLACEMENT3D(#2401,#2402,#2403);
#2401=IFCCARTESIANPOINT((0.,0.,0.));
#2402=IFCDIRECTION((0.,0.,1.));
#2403=IFCDIRECTION((1.,0.,0.));
#2404=IFCSHAPEREPRESENTATION(#24,'Body','Curve2D',(#2405,#2407,#2409,#2416));
#2405=IFCINDEXEDPOLYCURVE(#2406,(IFCLINEINDEX((1,2,3,4,5,6,1))),$);
#2406=IFCCARTESIANPOINTLIST2D(((0.,0.),(0.,0.05000000074505806),(0.02500000037252903,0.05000000074505806),(0.02500000037252903,0.02500000037252903),(0.05000000074505806,0.02500000037252903),(0.05000000074505806,0.)));
#2407=IFCINDEXEDPOLYCURVE(#2408,(IFCLINEINDEX((1,2,3,4,5,6,1))),$);
#2408=IFCCARTESIANPOINTLIST2D(((0.89999997615814209,0.),(0.89999997615814209,0.05000000074505806),(0.87499997578561306,0.05000000074505806),(0.87499997578561306,0.02500000037252903),(0.84999997541308403,0.02500000037252903),(0.84999997541308403,0.)));
#2409=IFCTRIMMEDCURVE(#2410,(#2414),(#2415),.T.,.CARTESIAN.);
#2410=IFCELLIPSE(#2411,0.81499997526407242,0.84999997541308403);
#2411=IFCAXIS2PLACEMENT2D(#2412,#2413);
#2412=IFCCARTESIANPOINT((0.060000000521540642,0.05000000074505806));
#2413=IFCDIRECTION((1.,0.));
#2414=IFCCARTESIANPOINT((0.87499997578561306,0.05000000074505806));
#2415=IFCCARTESIANPOINT((0.060000000521540642,0.89999997615814209));
#2416=IFCINDEXEDPOLYCURVE(#2417,(IFCLINEINDEX((1,2,3,4,1))),$);
#2417=IFCCARTESIANPOINTLIST2D(((0.02500000037252903,0.05000000074505806),(0.060000000521540642,0.05000000074505806),(0.060000000521540642,0.89999997615814209),(0.02500000037252903,0.89999997615814209)));
#2418=IFCDOOR('2WbDywTM1CC866lwxmNm_x',$,'Door',$,$,#2618,#2427,$,2.,0.89999997615814209,$,$,$);
#2419=IFCRELDEFINESBYTYPE('2FRiwV2i5EVuMVyA2vGYGA',$,$,$,(#2418),#2310);
#2420=IFCCARTESIANPOINT((0.,0.,0.));
#2421=IFCDIRECTION((1.,0.,0.));
#2422=IFCDIRECTION((0.,1.,0.));
#2423=IFCDIRECTION((0.,0.,1.));
#2424=IFCCARTESIANTRANSFORMATIONOPERATOR3D(#2421,#2422,#2420,1.,#2423);
#2425=IFCMAPPEDITEM(#2313,#2424);
#2426=IFCSHAPEREPRESENTATION(#18,'Profile','MappedRepresentation',(#2425));
#2427=IFCPRODUCTDEFINITIONSHAPE($,$,(#2426,#2434,#2441));
#2428=IFCCARTESIANPOINT((0.,0.,0.));
#2429=IFCDIRECTION((1.,0.,0.));
#2430=IFCDIRECTION((0.,1.,0.));
#2431=IFCDIRECTION((0.,0.,1.));
#2432=IFCCARTESIANTRANSFORMATIONOPERATOR3D(#2429,#2430,#2428,1.,#2431);
#2433=IFCMAPPEDITEM(#2321,#2432);
#2434=IFCSHAPEREPRESENTATION(#11,'Body','MappedRepresentation',(#2433));
#2435=IFCCARTESIANPOINT((0.,0.,0.));
#2436=IFCDIRECTION((1.,0.,0.));
#2437=IFCDIRECTION((0.,1.,0.));
#2438=IFCDIRECTION((0.,0.,1.));
#2439=IFCCARTESIANTRANSFORMATIONOPERATOR3D(#2436,#2437,#2435,1.,#2438);
#2440=IFCMAPPEDITEM(#2399,#2439);
#2441=IFCSHAPEREPRESENTATION(#24,'Body','MappedRepresentation',(#2440));
#2442=IFCOPENINGELEMENT('2JqE41EGn2cwCKl3e94Itc',$,'Opening',$,$,#2492,#2470,$,.OPENING.);
#2448=IFCCARTESIANPOINTLIST2D(((0.,0.),(0.89999997615814209,0.),(0.89999997615814209,2.),(0.,2.)));
#2449=IFCINDEXEDPOLYCURVE(#2448,(IFCLINEINDEX((1,2,3,4,1))),$);
#2450=IFCARBITRARYCLOSEDPROFILEDEF(.AREA.,$,#2449);
#2451=IFCCARTESIANPOINT((0.,-0.60000002384185791,0.));
#2452=IFCDIRECTION((0.,-1.,0.));
#2453=IFCDIRECTION((1.,0.,0.));
#2454=IFCAXIS2PLACEMENT3D(#2451,#2452,#2453);
#2455=IFCDIRECTION((0.,0.,-1.));
#2456=IFCEXTRUDEDAREASOLID(#2450,#2454,#2455,1.2);
#2457=IFCSHAPEREPRESENTATION(#11,'Body','SweptSolid',(#2456));
#2458=IFCCARTESIANPOINT((0.,0.,0.));
#2459=IFCDIRECTION((1.,0.,0.));
#2460=IFCDIRECTION((0.,0.,1.));
#2461=IFCAXIS2PLACEMENT3D(#2458,#2460,#2459);
#2462=IFCREPRESENTATIONMAP(#2461,#2457);
#2463=IFCCARTESIANPOINT((0.,0.,0.));
#2464=IFCDIRECTION((1.,0.,0.));
#2465=IFCDIRECTION((0.,1.,0.));
#2466=IFCDIRECTION((0.,0.,1.));
#2467=IFCCARTESIANTRANSFORMATIONOPERATOR3D(#2464,#2465,#2463,1.,#2466);
#2468=IFCMAPPEDITEM(#2462,#2467);
#2469=IFCSHAPEREPRESENTATION(#11,'Body','MappedRepresentation',(#2468));
#2470=IFCPRODUCTDEFINITIONSHAPE($,$,(#2469));
#2471=IFCRELVOIDSELEMENT('2FvldDFSr3wxJsHfeUDwQA',$,$,$,#606,#2442);
#2477=IFCRELFILLSELEMENT('2Y9rIhUH1BtujhDCjzxLrM',$,$,$,#2442,#2418);
#2488=IFCCARTESIANPOINT((1.497151516377933,-3.597981457215127E-08,0.));
#2489=IFCDIRECTION((0.,0.,1.));
#2490=IFCDIRECTION((0.99999999999997147,-2.384185719961227E-07,0.));
#2491=IFCAXIS2PLACEMENT3D(#2488,#2489,#2490);
#2492=IFCLOCALPLACEMENT(#617,#2491);
#2503=IFCDOORTYPE('30jsJ9iyP0wu3$i6te2$ck',$,'Bathroom - GF',$,$,(#2504),(#2506,#2514,#2592),$,$,.DOOR.,.SINGLE_SWING_LEFT.,$,$);
#2504=IFCPROPERTYSET('12hKrYt0T2AA27SXHYSAeP',$,'BBIM_Door',$,(#2505));
#2505=IFCPROPERTYSINGLEVALUE('Data',$,IFCTEXT('{"door_type": "DOUBLE_SWING_LEFT", "overall_height": 2.0, "overall_width": 0.763583779335022, "lining_properties": {"lining_depth": 0.10000026226043701, "lining_thickness": 0.05000000074505806, "lining_offset": 0.0, "lining_to_panel_offset_x": 0.02500000037252903, "lining_to_panel_offset_y": 0.02500000037252903, "transom_thickness": 0.0, "casing_thickness": 0.07500000298023224, "casing_depth": 0.004999999888241291, "threshold_thickness": 0.02500000037252903, "threshold_depth": 0.10000000149011612, "threshold_offset": 0.0}, "panel_properties": {"panel_depth": 0.03500000014901161, "panel_width_ratio": 1.0}}'),$);
#2506=IFCREPRESENTATIONMAP(#2507,#3123);
#2507=IFCAXIS2PLACEMENT3D(#2508,#2509,#2510);
#2508=IFCCARTESIANPOINT((0.,0.,0.));
#2509=IFCDIRECTION((0.,0.,1.));
#2510=IFCDIRECTION((1.,0.,0.));
#2514=IFCREPRESENTATIONMAP(#2515,#3187);
#2515=IFCAXIS2PLACEMENT3D(#2516,#2517,#2518);
#2516=IFCCARTESIANPOINT((0.,0.,0.));
#2517=IFCDIRECTION((0.,0.,1.));
#2518=IFCDIRECTION((1.,0.,0.));
#2592=IFCREPRESENTATIONMAP(#2593,#3203);
#2593=IFCAXIS2PLACEMENT3D(#2594,#2595,#2596);
#2594=IFCCARTESIANPOINT((0.,0.,0.));
#2595=IFCDIRECTION((0.,0.,1.));
#2596=IFCDIRECTION((1.,0.,0.));
#2614=IFCCARTESIANPOINT((0.025000090658734209,0.01499984453121439,0.));
#2615=IFCDIRECTION((0.,0.,1.));
#2616=IFCDIRECTION((0.99999999999999989,5.2939559203393771E-23,0.));
#2617=IFCAXIS2PLACEMENT3D(#2614,#2615,#2616);
#2618=IFCLOCALPLACEMENT(#2492,#2617);
#2619=IFCDOOR('2KJXT1WODEE8cCCcreGshS',$,'Door',$,$,#3228,#2629,$,2.,0.76358377933502197,$,.DOUBLE_SWING_LEFT.,$);
#2621=IFCRELDEFINESBYTYPE('1_eRdjFfL3hRZ_W_KZzs4m',$,$,$,(#2619),#2503);
#2622=IFCCARTESIANPOINT((0.,0.,0.));
#2623=IFCDIRECTION((1.,0.,0.));
#2624=IFCDIRECTION((0.,1.,0.));
#2625=IFCDIRECTION((0.,0.,1.));
#2626=IFCCARTESIANTRANSFORMATIONOPERATOR3D(#2623,#2624,#2622,1.,#2625);
#2627=IFCMAPPEDITEM(#2506,#2626);
#2628=IFCSHAPEREPRESENTATION(#18,'Profile','MappedRepresentation',(#2627));
#2629=IFCPRODUCTDEFINITIONSHAPE($,$,(#2628,#2636,#2643));
#2630=IFCCARTESIANPOINT((0.,0.,0.));
#2631=IFCDIRECTION((1.,0.,0.));
#2632=IFCDIRECTION((0.,1.,0.));
#2633=IFCDIRECTION((0.,0.,1.));
#2634=IFCCARTESIANTRANSFORMATIONOPERATOR3D(#2631,#2632,#2630,1.,#2633);
#2635=IFCMAPPEDITEM(#2514,#2634);
#2636=IFCSHAPEREPRESENTATION(#11,'Body','MappedRepresentation',(#2635));
#2637=IFCCARTESIANPOINT((0.,0.,0.));
#2638=IFCDIRECTION((1.,0.,0.));
#2639=IFCDIRECTION((0.,1.,0.));
#2640=IFCDIRECTION((0.,0.,1.));
#2641=IFCCARTESIANTRANSFORMATIONOPERATOR3D(#2638,#2639,#2637,1.,#2640);
#2642=IFCMAPPEDITEM(#2592,#2641);
#2643=IFCSHAPEREPRESENTATION(#24,'Body','MappedRepresentation',(#2642));
#2644=IFCOPENINGELEMENT('3s$lmUFnLF2QEwzfFRfmgF',$,'Opening',$,$,#3223,#2672,$,.OPENING.);
#2660=IFCCARTESIANPOINT((0.,0.,0.));
#2661=IFCDIRECTION((1.,0.,0.));
#2662=IFCDIRECTION((0.,0.,1.));
#2663=IFCAXIS2PLACEMENT3D(#2660,#2662,#2661);
#2664=IFCREPRESENTATIONMAP(#2663,#3213);
#2665=IFCCARTESIANPOINT((0.,0.,0.));
#2666=IFCDIRECTION((1.,0.,0.));
#2667=IFCDIRECTION((0.,1.,0.));
#2668=IFCDIRECTION((0.,0.,1.));
#2669=IFCCARTESIANTRANSFORMATIONOPERATOR3D(#2666,#2667,#2665,1.,#2668);
#2670=IFCMAPPEDITEM(#2664,#2669);
#2671=IFCSHAPEREPRESENTATION(#11,'Body','MappedRepresentation',(#2670));
#2672=IFCPRODUCTDEFINITIONSHAPE($,$,(#2671));
#2673=IFCRELVOIDSELEMENT('3wqoIe_rPD6P85cApo6ojf',$,$,$,#736,#2644);
#2679=IFCRELFILLSELEMENT('3kPaoLFGj50OWUBXbeI1r5',$,$,$,#2644,#2619);
#2688=IFCCARTESIANPOINTLIST2D(((0.,0.),(0.,2.),(0.76358377933502197,2.),(0.76358377933502197,0.),(0.73858377896249294,0.),(0.73858377896249294,1.974999999627471),(0.02500000037252903,1.974999999627471),(0.02500000037252903,0.)));
#2689=IFCINDEXEDPOLYCURVE(#2688,(IFCLINEINDEX((1,2,3,4,5,6,7,8,1))),$);
#2690=IFCARBITRARYCLOSEDPROFILEDEF(.AREA.,$,#2689);
#2691=IFCCARTESIANPOINT((0.,0.,0.));
#2692=IFCDIRECTION((0.,-1.,0.));
#2693=IFCDIRECTION((1.,0.,0.));
#2694=IFCAXIS2PLACEMENT3D(#2691,#2692,#2693);
#2695=IFCDIRECTION((0.,0.,-1.));
#2696=IFCEXTRUDEDAREASOLID(#2690,#2694,#2695,0.10357479751110077);
#2697=IFCCARTESIANPOINTLIST2D(((0.,0.),(0.71358377858996391,0.),(0.71358377858996391,0.10000000149011612),(0.,0.10000000149011612)));
#2698=IFCINDEXEDPOLYCURVE(#2697,(IFCLINEINDEX((1,2,3,4,1))),$);
#2699=IFCARBITRARYCLOSEDPROFILEDEF(.AREA.,$,#2698);
#2700=IFCCARTESIANPOINT((0.02500000037252903,0.,0.));
#2701=IFCDIRECTION((0.,0.,1.));
#2702=IFCDIRECTION((1.,0.,0.));
#2703=IFCAXIS2PLACEMENT3D(#2700,#2701,#2702);
#2704=IFCDIRECTION((0.,0.,1.));
#2705=IFCEXTRUDEDAREASOLID(#2699,#2703,#2704,0.02500000037252903);
#2706=IFCCARTESIANPOINTLIST2D(((0.,0.),(0.,2.0250000022351742),(0.81358378380537033,2.0250000022351742),(0.81358378380537033,0.),(0.76358378119766712,0.),(0.76358378119766712,1.974999999627471),(0.050000002607703209,1.974999999627471),(0.050000002607703209,0.)));
#2707=IFCINDEXEDPOLYCURVE(#2706,(IFCLINEINDEX((1,2,3,4,5,6,7,8,1))),$);
#2708=IFCARBITRARYCLOSEDPROFILEDEF(.AREA.,$,#2707);
#2709=IFCCARTESIANPOINT((-0.025000002235174179,-0.004999999888241291,0.));
#2710=IFCDIRECTION((0.,-1.,0.));
#2711=IFCDIRECTION((1.,0.,0.));
#2712=IFCAXIS2PLACEMENT3D(#2709,#2710,#2711);
#2713=IFCDIRECTION((0.,0.,-1.));
#2714=IFCEXTRUDEDAREASOLID(#2708,#2712,#2713,0.004999999888241291);
#2715=IFCCARTESIANPOINTLIST2D(((0.,0.),(0.,2.0250000022351742),(0.81358378380537033,2.0250000022351742),(0.81358378380537033,0.),(0.76358378119766712,0.),(0.76358378119766712,1.974999999627471),(0.050000002607703209,1.974999999627471),(0.050000002607703209,0.)));
#2716=IFCINDEXEDPOLYCURVE(#2715,(IFCLINEINDEX((1,2,3,4,5,6,7,8,1))),$);
#2717=IFCARBITRARYCLOSEDPROFILEDEF(.AREA.,$,#2716);
#2718=IFCCARTESIANPOINT((-0.025000002235174179,0.10357479751110077,0.));
#2719=IFCDIRECTION((0.,-1.,0.));
#2720=IFCDIRECTION((1.,0.,0.));
#2721=IFCAXIS2PLACEMENT3D(#2718,#2719,#2720);
#2722=IFCDIRECTION((0.,0.,-1.));
#2723=IFCEXTRUDEDAREASOLID(#2717,#2721,#2722,0.004999999888241291);
#2724=IFCCARTESIANPOINTLIST2D(((0.,0.),(0.71358377858996391,0.),(0.71358377858996391,0.035000000149011612),(0.,0.035000000149011612)));
#2725=IFCINDEXEDPOLYCURVE(#2724,(IFCLINEINDEX((1,2,3,4,1))),$);
#2726=IFCARBITRARYCLOSEDPROFILEDEF(.AREA.,$,#2725);
#2727=IFCCARTESIANPOINT((0.02500000037252903,0.02500000037252903,0.02500000037252903));
#2728=IFCDIRECTION((0.,0.,1.));
#2729=IFCDIRECTION((1.,0.,0.));
#2730=IFCAXIS2PLACEMENT3D(#2727,#2728,#2729);
#2731=IFCDIRECTION((0.,0.,1.));
#2732=IFCEXTRUDEDAREASOLID(#2726,#2730,#2731,1.9499999992549419);
#2733=IFCCARTESIANPOINTLIST2D(((0.,0.),(0.,-0.040000000000000001),(0.12,-0.040000000000000001),(0.12,-0.02),(0.02,-0.02),(0.02,0.)));
#2734=IFCINDEXEDPOLYCURVE(#2733,(IFCLINEINDEX((1,2,3,4,5,6,1))),$);
#2735=IFCARBITRARYCLOSEDPROFILEDEF(.AREA.,$,#2734);
#2736=IFCCARTESIANPOINT((0.075000000372529033,0.02500000037252903,1.015000000372529));
#2737=IFCDIRECTION((0.,0.,1.));
#2738=IFCDIRECTION((1.,0.,0.));
#2739=IFCAXIS2PLACEMENT3D(#2736,#2737,#2738);
#2740=IFCDIRECTION((0.,0.,1.));
#2741=IFCEXTRUDEDAREASOLID(#2735,#2739,#2740,0.02);
#2742=IFCEXTRUDEDAREASOLID(#2743,#2746,#2750,0.02);
#2743=IFCARBITRARYCLOSEDPROFILEDEF(.AREA.,$,#2744);
#2744=IFCINDEXEDPOLYCURVE(#2745,(IFCLINEINDEX((1,2,3,4,5,6,1))),$);
#2745=IFCCARTESIANPOINTLIST2D(((0.,0.),(0.,0.040000000000000008),(0.11999999999999998,0.040000000000000008),(0.11999999999999998,0.020000000000000004),(0.020000000000000004,0.020000000000000004),(0.020000000000000004,0.)));
#2746=IFCAXIS2PLACEMENT3D(#2747,#2748,#2749);
#2747=IFCCARTESIANPOINT((0.075000000372529033,0.060000000521540642,1.015000000372529));
#2748=IFCDIRECTION((0.,0.,1.));
#2749=IFCDIRECTION((1.,0.,0.));
#2750=IFCDIRECTION((0.,0.,1.));
#2752=IFCSHAPEREPRESENTATION(#11,'Body','SweptSolid',(#2696,#3024,#3159,#2808,#3150,#3051,#3042,#2943,#2723,#2934,#2714,#3141,#3033,#2835,#2705,#2925,#2817,#3132,#2826,#2916));
#2753=IFCSHAPEASPECT((#2752),'Lining',$,.T.,#2629);
#2754=IFCSHAPEREPRESENTATION(#11,'Body','SweptSolid',(#2732,#3178,#3069,#2844,#2961,#2853,#2742,#2962,#2854,#2952,#3070,#3060,#3177,#3168,#2741));
#2755=IFCSHAPEASPECT((#2754),'Framing',$,.T.,#2629);
#2800=IFCCARTESIANPOINTLIST2D(((0.,0.),(0.,2.),(0.76358377933502197,2.),(0.76358377933502197,0.),(0.73858377896249294,0.),(0.73858377896249294,1.974999999627471),(0.02500000037252903,1.974999999627471),(0.02500000037252903,0.)));
#2801=IFCINDEXEDPOLYCURVE(#2800,(IFCLINEINDEX((1,2,3,4,5,6,7,8,1))),$);
#2802=IFCARBITRARYCLOSEDPROFILEDEF(.AREA.,$,#2801);
#2803=IFCCARTESIANPOINT((0.,0.,0.));
#2804=IFCDIRECTION((0.,-1.,0.));
#2805=IFCDIRECTION((1.,0.,0.));
#2806=IFCAXIS2PLACEMENT3D(#2803,#2804,#2805);
#2807=IFCDIRECTION((0.,0.,-1.));
#2808=IFCEXTRUDEDAREASOLID(#2802,#2806,#2807,0.10000026226043701);
#2809=IFCCARTESIANPOINTLIST2D(((0.,0.),(0.71358377858996391,0.),(0.71358377858996391,0.10000000149011612),(0.,0.10000000149011612)));
#2810=IFCINDEXEDPOLYCURVE(#2809,(IFCLINEINDEX((1,2,3,4,1))),$);
#2811=IFCARBITRARYCLOSEDPROFILEDEF(.AREA.,$,#2810);
#2812=IFCCARTESIANPOINT((0.02500000037252903,0.,0.));
#2813=IFCDIRECTION((0.,0.,1.));
#2814=IFCDIRECTION((1.,0.,0.));
#2815=IFCAXIS2PLACEMENT3D(#2812,#2813,#2814);
#2816=IFCDIRECTION((0.,0.,1.));
#2817=IFCEXTRUDEDAREASOLID(#2811,#2815,#2816,0.02500000037252903);
#2818=IFCCARTESIANPOINTLIST2D(((0.,0.),(0.,2.0250000022351742),(0.81358378380537033,2.0250000022351742),(0.81358378380537033,0.),(0.76358378119766712,0.),(0.76358378119766712,1.974999999627471),(0.050000002607703209,1.974999999627471),(0.050000002607703209,0.)));
#2819=IFCINDEXEDPOLYCURVE(#2818,(IFCLINEINDEX((1,2,3,4,5,6,7,8,1))),$);
#2820=IFCARBITRARYCLOSEDPROFILEDEF(.AREA.,$,#2819);
#2821=IFCCARTESIANPOINT((-0.025000002235174179,-0.004999999888241291,0.));
#2822=IFCDIRECTION((0.,-1.,0.));
#2823=IFCDIRECTION((1.,0.,0.));
#2824=IFCAXIS2PLACEMENT3D(#2821,#2822,#2823);
#2825=IFCDIRECTION((0.,0.,-1.));
#2826=IFCEXTRUDEDAREASOLID(#2820,#2824,#2825,0.004999999888241291);
#2827=IFCCARTESIANPOINTLIST2D(((0.,0.),(0.,2.0250000022351742),(0.81358378380537033,2.0250000022351742),(0.81358378380537033,0.),(0.76358378119766712,0.),(0.76358378119766712,1.974999999627471),(0.050000002607703209,1.974999999627471),(0.050000002607703209,0.)));
#2828=IFCINDEXEDPOLYCURVE(#2827,(IFCLINEINDEX((1,2,3,4,5,6,7,8,1))),$);
#2829=IFCARBITRARYCLOSEDPROFILEDEF(.AREA.,$,#2828);
#2830=IFCCARTESIANPOINT((-0.025000002235174179,0.10000026226043701,0.));
#2831=IFCDIRECTION((0.,-1.,0.));
#2832=IFCDIRECTION((1.,0.,0.));
#2833=IFCAXIS2PLACEMENT3D(#2830,#2831,#2832);
#2834=IFCDIRECTION((0.,0.,-1.));
#2835=IFCEXTRUDEDAREASOLID(#2829,#2833,#2834,0.004999999888241291);
#2836=IFCCARTESIANPOINTLIST2D(((0.,0.),(0.71358377858996391,0.),(0.71358377858996391,0.035000000149011612),(0.,0.035000000149011612)));
#2837=IFCINDEXEDPOLYCURVE(#2836,(IFCLINEINDEX((1,2,3,4,1))),$);
#2838=IFCARBITRARYCLOSEDPROFILEDEF(.AREA.,$,#2837);
#2839=IFCCARTESIANPOINT((0.02500000037252903,0.02500000037252903,0.02500000037252903));
#2840=IFCDIRECTION((0.,0.,1.));
#2841=IFCDIRECTION((1.,0.,0.));
#2842=IFCAXIS2PLACEMENT3D(#2839,#2840,#2841);
#2843=IFCDIRECTION((0.,0.,1.));
#2844=IFCEXTRUDEDAREASOLID(#2838,#2842,#2843,1.9499999992549419);
#2845=IFCCARTESIANPOINTLIST2D(((0.,0.),(0.,-0.040000000000000001),(0.12,-0.040000000000000001),(0.12,-0.02),(0.02,-0.02),(0.02,0.)));
#2846=IFCINDEXEDPOLYCURVE(#2845,(IFCLINEINDEX((1,2,3,4,5,6,1))),$);
#2847=IFCARBITRARYCLOSEDPROFILEDEF(.AREA.,$,#2846);
#2848=IFCCARTESIANPOINT((0.075000000372529033,0.02500000037252903,1.015000000372529));
#2849=IFCDIRECTION((0.,0.,1.));
#2850=IFCDIRECTION((1.,0.,0.));
#2851=IFCAXIS2PLACEMENT3D(#2848,#2849,#2850);
#2852=IFCDIRECTION((0.,0.,1.));
#2853=IFCEXTRUDEDAREASOLID(#2847,#2851,#2852,0.02);
#2854=IFCEXTRUDEDAREASOLID(#2855,#2858,#2862,0.02);
#2855=IFCARBITRARYCLOSEDPROFILEDEF(.AREA.,$,#2856);
#2856=IFCINDEXEDPOLYCURVE(#2857,(IFCLINEINDEX((1,2,3,4,5,6,1))),$);
#2857=IFCCARTESIANPOINTLIST2D(((0.,0.),(0.,0.040000000000000008),(0.11999999999999998,0.040000000000000008),(0.11999999999999998,0.020000000000000004),(0.020000000000000004,0.020000000000000004),(0.020000000000000004,0.)));
#2858=IFCAXIS2PLACEMENT3D(#2859,#2860,#2861);
#2859=IFCCARTESIANPOINT((0.075000000372529033,0.060000000521540642,1.015000000372529));
#2860=IFCDIRECTION((0.,0.,1.));
#2861=IFCDIRECTION((1.,0.,0.));
#2862=IFCDIRECTION((0.,0.,1.));
#2908=IFCCARTESIANPOINTLIST2D(((0.,0.),(0.,2.),(0.76358377933502197,2.),(0.76358377933502197,0.),(0.73858377896249294,0.),(0.73858377896249294,1.974999999627471),(0.02500000037252903,1.974999999627471),(0.02500000037252903,0.)));
#2909=IFCINDEXEDPOLYCURVE(#2908,(IFCLINEINDEX((1,2,3,4,5,6,7,8,1))),$);
#2910=IFCARBITRARYCLOSEDPROFILEDEF(.AREA.,$,#2909);
#2911=IFCCARTESIANPOINT((0.,0.,0.));
#2912=IFCDIRECTION((0.,-1.,0.));
#2913=IFCDIRECTION((1.,0.,0.));
#2914=IFCAXIS2PLACEMENT3D(#2911,#2912,#2913);
#2915=IFCDIRECTION((0.,0.,-1.));
#2916=IFCEXTRUDEDAREASOLID(#2910,#2914,#2915,0.10000026226043701);
#2917=IFCCARTESIANPOINTLIST2D(((0.,0.),(0.71358377858996391,0.),(0.71358377858996391,0.10000000149011612),(0.,0.10000000149011612)));
#2918=IFCINDEXEDPOLYCURVE(#2917,(IFCLINEINDEX((1,2,3,4,1))),$);
#2919=IFCARBITRARYCLOSEDPROFILEDEF(.AREA.,$,#2918);
#2920=IFCCARTESIANPOINT((0.02500000037252903,0.,0.));
#2921=IFCDIRECTION((0.,0.,1.));
#2922=IFCDIRECTION((1.,0.,0.));
#2923=IFCAXIS2PLACEMENT3D(#2920,#2921,#2922);
#2924=IFCDIRECTION((0.,0.,1.));
#2925=IFCEXTRUDEDAREASOLID(#2919,#2923,#2924,0.02500000037252903);
#2926=IFCCARTESIANPOINTLIST2D(((0.,0.),(0.,2.0250000022351742),(0.81358378380537033,2.0250000022351742),(0.81358378380537033,0.),(0.76358378119766712,0.),(0.76358378119766712,1.974999999627471),(0.050000002607703209,1.974999999627471),(0.050000002607703209,0.)));
#2927=IFCINDEXEDPOLYCURVE(#2926,(IFCLINEINDEX((1,2,3,4,5,6,7,8,1))),$);
#2928=IFCARBITRARYCLOSEDPROFILEDEF(.AREA.,$,#2927);
#2929=IFCCARTESIANPOINT((-0.025000002235174179,-0.004999999888241291,0.));
#2930=IFCDIRECTION((0.,-1.,0.));
#2931=IFCDIRECTION((1.,0.,0.));
#2932=IFCAXIS2PLACEMENT3D(#2929,#2930,#2931);
#2933=IFCDIRECTION((0.,0.,-1.));
#2934=IFCEXTRUDEDAREASOLID(#2928,#2932,#2933,0.004999999888241291);
#2935=IFCCARTESIANPOINTLIST2D(((0.,0.),(0.,2.0250000022351742),(0.81358378380537033,2.0250000022351742),(0.81358378380537033,0.),(0.76358378119766712,0.),(0.76358378119766712,1.974999999627471),(0.050000002607703209,1.974999999627471),(0.050000002607703209,0.)));
#2936=IFCINDEXEDPOLYCURVE(#2935,(IFCLINEINDEX((1,2,3,4,5,6,7,8,1))),$);
#2937=IFCARBITRARYCLOSEDPROFILEDEF(.AREA.,$,#2936);
#2938=IFCCARTESIANPOINT((-0.025000002235174179,0.10000026226043701,0.));
#2939=IFCDIRECTION((0.,-1.,0.));
#2940=IFCDIRECTION((1.,0.,0.));
#2941=IFCAXIS2PLACEMENT3D(#2938,#2939,#2940);
#2942=IFCDIRECTION((0.,0.,-1.));
#2943=IFCEXTRUDEDAREASOLID(#2937,#2941,#2942,0.004999999888241291);
#2944=IFCCARTESIANPOINTLIST2D(((0.,0.),(0.71358377858996391,0.),(0.71358377858996391,0.035000000149011612),(0.,0.035000000149011612)));
#2945=IFCINDEXEDPOLYCURVE(#2944,(IFCLINEINDEX((1,2,3,4,1))),$);
#2946=IFCARBITRARYCLOSEDPROFILEDEF(.AREA.,$,#2945);
#2947=IFCCARTESIANPOINT((0.02500000037252903,0.02500000037252903,0.02500000037252903));
#2948=IFCDIRECTION((0.,0.,1.));
#2949=IFCDIRECTION((1.,0.,0.));
#2950=IFCAXIS2PLACEMENT3D(#2947,#2948,#2949);
#2951=IFCDIRECTION((0.,0.,1.));
#2952=IFCEXTRUDEDAREASOLID(#2946,#2950,#2951,1.9499999992549419);
#2953=IFCCARTESIANPOINTLIST2D(((0.,0.),(0.,-0.040000000000000001),(0.12,-0.040000000000000001),(0.12,-0.02),(0.02,-0.02),(0.02,0.)));
#2954=IFCINDEXEDPOLYCURVE(#2953,(IFCLINEINDEX((1,2,3,4,5,6,1))),$);
#2955=IFCARBITRARYCLOSEDPROFILEDEF(.AREA.,$,#2954);
#2956=IFCCARTESIANPOINT((0.075000000372529033,0.02500000037252903,1.015000000372529));
#2957=IFCDIRECTION((0.,0.,1.));
#2958=IFCDIRECTION((1.,0.,0.));
#2959=IFCAXIS2PLACEMENT3D(#2956,#2957,#2958);
#2960=IFCDIRECTION((0.,0.,1.));
#2961=IFCEXTRUDEDAREASOLID(#2955,#2959,#2960,0.02);
#2962=IFCEXTRUDEDAREASOLID(#2963,#2966,#2970,0.02);
#2963=IFCARBITRARYCLOSEDPROFILEDEF(.AREA.,$,#2964);
#2964=IFCINDEXEDPOLYCURVE(#2965,(IFCLINEINDEX((1,2,3,4,5,6,1))),$);
#2965=IFCCARTESIANPOINTLIST2D(((0.,0.),(0.,0.040000000000000008),(0.11999999999999998,0.040000000000000008),(0.11999999999999998,0.020000000000000004),(0.020000000000000004,0.020000000000000004),(0.020000000000000004,0.)));
#2966=IFCAXIS2PLACEMENT3D(#2967,#2968,#2969);
#2967=IFCCARTESIANPOINT((0.075000000372529033,0.060000000521540642,1.015000000372529));
#2968=IFCDIRECTION((0.,0.,1.));
#2969=IFCDIRECTION((1.,0.,0.));
#2970=IFCDIRECTION((0.,0.,1.));
#3016=IFCCARTESIANPOINTLIST2D(((0.,0.),(0.,2.),(0.76358377933502197,2.),(0.76358377933502197,0.),(0.73858377896249294,0.),(0.73858377896249294,1.974999999627471),(0.02500000037252903,1.974999999627471),(0.02500000037252903,0.)));
#3017=IFCINDEXEDPOLYCURVE(#3016,(IFCLINEINDEX((1,2,3,4,5,6,7,8,1))),$);
#3018=IFCARBITRARYCLOSEDPROFILEDEF(.AREA.,$,#3017);
#3019=IFCCARTESIANPOINT((0.,0.,0.));
#3020=IFCDIRECTION((0.,-1.,0.));
#3021=IFCDIRECTION((1.,0.,0.));
#3022=IFCAXIS2PLACEMENT3D(#3019,#3020,#3021);
#3023=IFCDIRECTION((0.,0.,-1.));
#3024=IFCEXTRUDEDAREASOLID(#3018,#3022,#3023,0.10000026226043701);
#3025=IFCCARTESIANPOINTLIST2D(((0.,0.),(0.71358377858996391,0.),(0.71358377858996391,0.10000000149011612),(0.,0.10000000149011612)));
#3026=IFCINDEXEDPOLYCURVE(#3025,(IFCLINEINDEX((1,2,3,4,1))),$);
#3027=IFCARBITRARYCLOSEDPROFILEDEF(.AREA.,$,#3026);
#3028=IFCCARTESIANPOINT((0.02500000037252903,0.,0.));
#3029=IFCDIRECTION((0.,0.,1.));
#3030=IFCDIRECTION((1.,0.,0.));
#3031=IFCAXIS2PLACEMENT3D(#3028,#3029,#3030);
#3032=IFCDIRECTION((0.,0.,1.));
#3033=IFCEXTRUDEDAREASOLID(#3027,#3031,#3032,0.02500000037252903);
#3034=IFCCARTESIANPOINTLIST2D(((0.,0.),(0.,2.0250000022351742),(0.81358378380537033,2.0250000022351742),(0.81358378380537033,0.),(0.76358378119766712,0.),(0.76358378119766712,1.974999999627471),(0.050000002607703209,1.974999999627471),(0.050000002607703209,0.)));
#3035=IFCINDEXEDPOLYCURVE(#3034,(IFCLINEINDEX((1,2,3,4,5,6,7,8,1))),$);
#3036=IFCARBITRARYCLOSEDPROFILEDEF(.AREA.,$,#3035);
#3037=IFCCARTESIANPOINT((-0.025000002235174179,-0.004999999888241291,0.));
#3038=IFCDIRECTION((0.,-1.,0.));
#3039=IFCDIRECTION((1.,0.,0.));
#3040=IFCAXIS2PLACEMENT3D(#3037,#3038,#3039);
#3041=IFCDIRECTION((0.,0.,-1.));
#3042=IFCEXTRUDEDAREASOLID(#3036,#3040,#3041,0.004999999888241291);
#3043=IFCCARTESIANPOINTLIST2D(((0.,0.),(0.,2.0250000022351742),(0.81358378380537033,2.0250000022351742),(0.81358378380537033,0.),(0.76358378119766712,0.),(0.76358378119766712,1.974999999627471),(0.050000002607703209,1.974999999627471),(0.050000002607703209,0.)));
#3044=IFCINDEXEDPOLYCURVE(#3043,(IFCLINEINDEX((1,2,3,4,5,6,7,8,1))),$);
#3045=IFCARBITRARYCLOSEDPROFILEDEF(.AREA.,$,#3044);
#3046=IFCCARTESIANPOINT((-0.025000002235174179,0.10000026226043701,0.));
#3047=IFCDIRECTION((0.,-1.,0.));
#3048=IFCDIRECTION((1.,0.,0.));
#3049=IFCAXIS2PLACEMENT3D(#3046,#3047,#3048);
#3050=IFCDIRECTION((0.,0.,-1.));
#3051=IFCEXTRUDEDAREASOLID(#3045,#3049,#3050,0.004999999888241291);
#3052=IFCCARTESIANPOINTLIST2D(((0.,0.),(0.71358377858996391,0.),(0.71358377858996391,0.035000000149011612),(0.,0.035000000149011612)));
#3053=IFCINDEXEDPOLYCURVE(#3052,(IFCLINEINDEX((1,2,3,4,1))),$);
#3054=IFCARBITRARYCLOSEDPROFILEDEF(.AREA.,$,#3053);
#3055=IFCCARTESIANPOINT((0.02500000037252903,0.02500000037252903,0.02500000037252903));
#3056=IFCDIRECTION((0.,0.,1.));
#3057=IFCDIRECTION((1.,0.,0.));
#3058=IFCAXIS2PLACEMENT3D(#3055,#3056,#3057);
#3059=IFCDIRECTION((0.,0.,1.));
#3060=IFCEXTRUDEDAREASOLID(#3054,#3058,#3059,1.9499999992549419);
#3061=IFCCARTESIANPOINTLIST2D(((0.,0.),(0.,-0.040000000000000001),(0.12,-0.040000000000000001),(0.12,-0.02),(0.02,-0.02),(0.02,0.)));
#3062=IFCINDEXEDPOLYCURVE(#3061,(IFCLINEINDEX((1,2,3,4,5,6,1))),$);
#3063=IFCARBITRARYCLOSEDPROFILEDEF(.AREA.,$,#3062);
#3064=IFCCARTESIANPOINT((0.075000000372529033,0.02500000037252903,1.015000000372529));
#3065=IFCDIRECTION((0.,0.,1.));
#3066=IFCDIRECTION((1.,0.,0.));
#3067=IFCAXIS2PLACEMENT3D(#3064,#3065,#3066);
#3068=IFCDIRECTION((0.,0.,1.));
#3069=IFCEXTRUDEDAREASOLID(#3063,#3067,#3068,0.02);
#3070=IFCEXTRUDEDAREASOLID(#3071,#3074,#3078,0.02);
#3071=IFCARBITRARYCLOSEDPROFILEDEF(.AREA.,$,#3072);
#3072=IFCINDEXEDPOLYCURVE(#3073,(IFCLINEINDEX((1,2,3,4,5,6,1))),$);
#3073=IFCCARTESIANPOINTLIST2D(((0.,0.),(0.,0.040000000000000008),(0.11999999999999998,0.040000000000000008),(0.11999999999999998,0.020000000000000004),(0.020000000000000004,0.020000000000000004),(0.020000000000000004,0.)));
#3074=IFCAXIS2PLACEMENT3D(#3075,#3076,#3077);
#3075=IFCCARTESIANPOINT((0.075000000372529033,0.060000000521540642,1.015000000372529));
#3076=IFCDIRECTION((0.,0.,1.));
#3077=IFCDIRECTION((1.,0.,0.));
#3078=IFCDIRECTION((0.,0.,1.));
#3121=IFCCARTESIANPOINTLIST3D(((0.,0.,0.),(0.76358377933502197,0.,0.),(0.76358377933502197,0.,2.),(0.,0.,2.)));
#3122=IFCINDEXEDPOLYCURVE(#3121,(IFCLINEINDEX((1,2,3,4,1))),$);
#3123=IFCSHAPEREPRESENTATION(#18,'Profile','Curve3D',(#3122));
#3124=IFCCARTESIANPOINTLIST2D(((0.,0.),(0.,2.),(0.76358377933502197,2.),(0.76358377933502197,0.),(0.73858377896249294,0.),(0.73858377896249294,1.974999999627471),(0.02500000037252903,1.974999999627471),(0.02500000037252903,0.)));
#3125=IFCINDEXEDPOLYCURVE(#3124,(IFCLINEINDEX((1,2,3,4,5,6,7,8,1))),$);
#3126=IFCARBITRARYCLOSEDPROFILEDEF(.AREA.,$,#3125);
#3127=IFCCARTESIANPOINT((0.,0.,0.));
#3128=IFCDIRECTION((0.,-1.,0.));
#3129=IFCDIRECTION((1.,0.,0.));
#3130=IFCAXIS2PLACEMENT3D(#3127,#3128,#3129);
#3131=IFCDIRECTION((0.,0.,-1.));
#3132=IFCEXTRUDEDAREASOLID(#3126,#3130,#3131,0.10000026226043701);
#3133=IFCCARTESIANPOINTLIST2D(((0.,0.),(0.71358377858996391,0.),(0.71358377858996391,0.10000000149011612),(0.,0.10000000149011612)));
#3134=IFCINDEXEDPOLYCURVE(#3133,(IFCLINEINDEX((1,2,3,4,1))),$);
#3135=IFCARBITRARYCLOSEDPROFILEDEF(.AREA.,$,#3134);
#3136=IFCCARTESIANPOINT((0.02500000037252903,0.,0.));
#3137=IFCDIRECTION((0.,0.,1.));
#3138=IFCDIRECTION((1.,0.,0.));
#3139=IFCAXIS2PLACEMENT3D(#3136,#3137,#3138);
#3140=IFCDIRECTION((0.,0.,1.));
#3141=IFCEXTRUDEDAREASOLID(#3135,#3139,#3140,0.02500000037252903);
#3142=IFCCARTESIANPOINTLIST2D(((0.,0.),(0.,2.0250000022351742),(0.81358378380537033,2.0250000022351742),(0.81358378380537033,0.),(0.76358378119766712,0.),(0.76358378119766712,1.974999999627471),(0.050000002607703209,1.974999999627471),(0.050000002607703209,0.)));
#3143=IFCINDEXEDPOLYCURVE(#3142,(IFCLINEINDEX((1,2,3,4,5,6,7,8,1))),$);
#3144=IFCARBITRARYCLOSEDPROFILEDEF(.AREA.,$,#3143);
#3145=IFCCARTESIANPOINT((-0.025000002235174179,-0.004999999888241291,0.));
#3146=IFCDIRECTION((0.,-1.,0.));
#3147=IFCDIRECTION((1.,0.,0.));
#3148=IFCAXIS2PLACEMENT3D(#3145,#3146,#3147);
#3149=IFCDIRECTION((0.,0.,-1.));
#3150=IFCEXTRUDEDAREASOLID(#3144,#3148,#3149,0.004999999888241291);
#3151=IFCCARTESIANPOINTLIST2D(((0.,0.),(0.,2.0250000022351742),(0.81358378380537033,2.0250000022351742),(0.81358378380537033,0.),(0.76358378119766712,0.),(0.76358378119766712,1.974999999627471),(0.050000002607703209,1.974999999627471),(0.050000002607703209,0.)));
#3152=IFCINDEXEDPOLYCURVE(#3151,(IFCLINEINDEX((1,2,3,4,5,6,7,8,1))),$);
#3153=IFCARBITRARYCLOSEDPROFILEDEF(.AREA.,$,#3152);
#3154=IFCCARTESIANPOINT((-0.025000002235174179,0.10000026226043701,0.));
#3155=IFCDIRECTION((0.,-1.,0.));
#3156=IFCDIRECTION((1.,0.,0.));
#3157=IFCAXIS2PLACEMENT3D(#3154,#3155,#3156);
#3158=IFCDIRECTION((0.,0.,-1.));
#3159=IFCEXTRUDEDAREASOLID(#3153,#3157,#3158,0.004999999888241291);
#3160=IFCCARTESIANPOINTLIST2D(((0.,0.),(0.71358377858996391,0.),(0.71358377858996391,0.035000000149011612),(0.,0.035000000149011612)));
#3161=IFCINDEXEDPOLYCURVE(#3160,(IFCLINEINDEX((1,2,3,4,1))),$);
#3162=IFCARBITRARYCLOSEDPROFILEDEF(.AREA.,$,#3161);
#3163=IFCCARTESIANPOINT((0.02500000037252903,0.02500000037252903,0.02500000037252903));
#3164=IFCDIRECTION((0.,0.,1.));
#3165=IFCDIRECTION((1.,0.,0.));
#3166=IFCAXIS2PLACEMENT3D(#3163,#3164,#3165);
#3167=IFCDIRECTION((0.,0.,1.));
#3168=IFCEXTRUDEDAREASOLID(#3162,#3166,#3167,1.9499999992549419);
#3169=IFCCARTESIANPOINTLIST2D(((0.,0.),(0.,-0.040000000000000001),(-0.11999999999999988,-0.040000000000000001),(-0.11999999999999988,-0.02),(-0.020000000000000018,-0.02),(-0.020000000000000018,0.)));
#3170=IFCINDEXEDPOLYCURVE(#3169,(IFCLINEINDEX((1,2,3,4,5,6,1))),$);
#3171=IFCARBITRARYCLOSEDPROFILEDEF(.AREA.,$,#3170);
#3172=IFCCARTESIANPOINT((0.6885837789624929,0.02500000037252903,1.015000000372529));
#3173=IFCDIRECTION((0.,0.,1.));
#3174=IFCDIRECTION((1.,0.,0.));
#3175=IFCAXIS2PLACEMENT3D(#3172,#3173,#3174);
#3176=IFCDIRECTION((0.,0.,1.));
#3177=IFCEXTRUDEDAREASOLID(#3171,#3175,#3176,0.02);
#3178=IFCEXTRUDEDAREASOLID(#3179,#3182,#3186,0.02);
#3179=IFCARBITRARYCLOSEDPROFILEDEF(.AREA.,$,#3180);
#3180=IFCINDEXEDPOLYCURVE(#3181,(IFCLINEINDEX((1,2,3,4,5,6,1))),$);
#3181=IFCCARTESIANPOINTLIST2D(((0.,0.),(0.,0.040000000000000008),(-0.11999999999999988,0.040000000000000008),(-0.11999999999999988,0.020000000000000004),(-0.020000000000000018,0.020000000000000004),(-0.020000000000000018,0.)));
#3182=IFCAXIS2PLACEMENT3D(#3183,#3184,#3185);
#3183=IFCCARTESIANPOINT((0.6885837789624929,0.060000000521540642,1.015000000372529));
#3184=IFCDIRECTION((0.,0.,1.));
#3185=IFCDIRECTION((1.,0.,0.));
#3186=IFCDIRECTION((0.,0.,1.));
#3187=IFCSHAPEREPRESENTATION(#11,'Body','SweptSolid',(#3132,#3168,#3177,#3178,#3141,#3150,#3159));
#3188=IFCCARTESIANPOINTLIST2D(((0.,0.),(0.02500000037252903,0.),(0.02500000037252903,0.10000026226043701),(0.,0.10000026226043701)));
#3189=IFCINDEXEDPOLYCURVE(#3188,(IFCLINEINDEX((1,2,3,4,1))),$);
#3190=IFCINDEXEDPOLYCURVE(#3191,(IFCLINEINDEX((1,2,3,4,1))),$);
#3191=IFCCARTESIANPOINTLIST2D(((0.76358377933502197,0.),(0.73858377896249294,0.),(0.73858377896249294,0.10000026226043701),(0.76358377933502197,0.10000026226043701)));
#3192=IFCCARTESIANPOINTLIST2D(((0.02500000037252903,0.10000026226043701),(0.02500000037252903,-0.6135835163295269),(0.060000000521540642,-0.6135835163295269)));
#3193=IFCINDEXEDPOLYCURVE(#3192,$,$);
#3194=IFCDIRECTION((1.,0.));
#3195=IFCCARTESIANPOINT((0.060000000521540642,0.10000026226043701));
#3196=IFCAXIS2PLACEMENT2D(#3195,#3194);
#3197=IFCELLIPSE(#3196,0.6785837784409523,0.71358377858996391);
#3198=IFCCARTESIANPOINT((0.060000000521540642,-0.6135835163295269));
#3199=IFCCARTESIANPOINT((0.060000000521540642,0.81358404085040092));
#3200=IFCTRIMMEDCURVE(#3197,(#3198),(#3199),.T.,.CARTESIAN.);
#3201=IFCCARTESIANPOINTLIST2D(((0.02500000037252903,0.10000026226043701),(0.060000000521540642,0.10000026226043701),(0.060000000521540642,0.81358404085040092),(0.02500000037252903,0.81358404085040092)));
#3202=IFCINDEXEDPOLYCURVE(#3201,(IFCLINEINDEX((1,2,3,4,1))),$);
#3203=IFCSHAPEREPRESENTATION(#24,'Body','Curve2D',(#3189,#3190,#3193,#3200,#3202));
#3204=IFCCARTESIANPOINTLIST2D(((0.,0.),(0.76358377933502197,0.),(0.76358377933502197,2.),(0.,2.)));
#3205=IFCINDEXEDPOLYCURVE(#3204,(IFCLINEINDEX((1,2,3,4,1))),$);
#3206=IFCARBITRARYCLOSEDPROFILEDEF(.AREA.,$,#3205);
#3207=IFCCARTESIANPOINT((0.,-0.60000002384185791,0.));
#3208=IFCDIRECTION((0.,-1.,0.));
#3209=IFCDIRECTION((1.,0.,0.));
#3210=IFCAXIS2PLACEMENT3D(#3207,#3208,#3209);
#3211=IFCDIRECTION((0.,0.,-1.));
#3212=IFCEXTRUDEDAREASOLID(#3206,#3210,#3211,1.2);
#3213=IFCSHAPEREPRESENTATION(#11,'Body','SweptSolid',(#3212));
#3219=IFCCARTESIANPOINT((0.034443614919995369,0.0099999971696762557,0.));
#3220=IFCDIRECTION((0.,0.,1.));
#3221=IFCDIRECTION((0.99999999999999289,-1.1920928955077312E-07,0.));
#3222=IFCAXIS2PLACEMENT3D(#3219,#3220,#3221);
#3223=IFCLOCALPLACEMENT(#810,#3222);
#3224=IFCCARTESIANPOINT((-8.8817841970012523E-16,-2.2204460492503131E-16,0.));
#3225=IFCDIRECTION((0.,0.,1.));
#3226=IFCDIRECTION((0.99999999999999989,0.,0.));
#3227=IFCAXIS2PLACEMENT3D(#3224,#3225,#3226);
#3228=IFCLOCALPLACEMENT(#3223,#3227);
#3229=IFCDOORTYPE('1FGRGQVujAkgQChrlPxbLt',$,'Maid''s - GF',$,$,(#3230),(#3232,#3240,#3309,#3542),$,$,.DOOR.,.SINGLE_SWING_LEFT.,$,$);
#3230=IFCPROPERTYSET('1pv_WalU91EQJadwLCQX4o',$,'BBIM_Door',$,(#3231));
#3231=IFCPROPERTYSINGLEVALUE('Data',$,IFCTEXT('{"door_type": "SLIDING_TO_LEFT", "overall_height": 2.0, "overall_width": 1.3403090238571167, "lining_properties": {"lining_depth": 0.16123616695404053, "lining_thickness": 0.05000000074505806, "lining_offset": 0.0, "transom_thickness": 0.0, "casing_thickness": 0.07500000298023224, "casing_depth": 0.004999999888241291, "threshold_thickness": 0.02500000037252903, "threshold_depth": 0.10000000149011612, "threshold_offset": 0.0}, "panel_properties": {"panel_depth": 0.03500000014901161, "panel_width_ratio": 1.0}}'),$);
#3232=IFCREPRESENTATIONMAP(#3233,#3457);
#3233=IFCAXIS2PLACEMENT3D(#3234,#3235,#3236);
#3234=IFCCARTESIANPOINT((0.,0.,0.));
#3235=IFCDIRECTION((0.,0.,1.));
#3236=IFCDIRECTION((1.,0.,0.));
#3240=IFCREPRESENTATIONMAP(#3241,#3521);
#3241=IFCAXIS2PLACEMENT3D(#3242,#3243,#3244);
#3242=IFCCARTESIANPOINT((0.,0.,0.));
#3243=IFCDIRECTION((0.,0.,1.));
#3244=IFCDIRECTION((1.,0.,0.));
#3309=IFCREPRESENTATIONMAP(#3310,#3532);
#3310=IFCAXIS2PLACEMENT3D(#3311,#3312,#3313);
#3311=IFCCARTESIANPOINT((0.,0.,0.));
#3312=IFCDIRECTION((0.,0.,1.));
#3313=IFCDIRECTION((1.,0.,0.));
#3396=IFCDOOR('1gWw38ucTAbvZ5GzRRqHUP',$,'Door',$,$,#4221,#3406,$,2.,1.3403090238571167,$,.SLIDING_TO_LEFT.,$);
#3398=IFCRELDEFINESBYTYPE('0EtX9tUWHBagggoIke4$ZG',$,$,$,(#3396,#3426),#3229);
#3399=IFCCARTESIANPOINT((0.,0.,0.));
#3400=IFCDIRECTION((1.,0.,0.));
#3401=IFCDIRECTION((0.,1.,0.));
#3402=IFCDIRECTION((0.,0.,1.));
#3403=IFCCARTESIANTRANSFORMATIONOPERATOR3D(#3400,#3401,#3399,1.,#3402);
#3404=IFCMAPPEDITEM(#3232,#3403);
#3405=IFCSHAPEREPRESENTATION(#18,'Profile','MappedRepresentation',(#3404));
#3406=IFCPRODUCTDEFINITIONSHAPE($,$,(#3405,#3413,#3420,#3549));
#3407=IFCCARTESIANPOINT((0.,0.,0.));
#3408=IFCDIRECTION((1.,0.,0.));
#3409=IFCDIRECTION((0.,1.,0.));
#3410=IFCDIRECTION((0.,0.,1.));
#3411=IFCCARTESIANTRANSFORMATIONOPERATOR3D(#3408,#3409,#3407,1.,#3410);
#3412=IFCMAPPEDITEM(#3240,#3411);
#3413=IFCSHAPEREPRESENTATION(#11,'Body','MappedRepresentation',(#3412));
#3414=IFCCARTESIANPOINT((0.,0.,0.));
#3415=IFCDIRECTION((1.,0.,0.));
#3416=IFCDIRECTION((0.,1.,0.));
#3417=IFCDIRECTION((0.,0.,1.));
#3418=IFCCARTESIANTRANSFORMATIONOPERATOR3D(#3415,#3416,#3414,1.,#3417);
#3419=IFCMAPPEDITEM(#3309,#3418);
#3420=IFCSHAPEREPRESENTATION(#24,'Body','MappedRepresentation',(#3419));
#3426=IFCDOOR('2vBVI_5E57NQRZWxtgB804',$,'Door',$,$,#3454,#3435,$,2.,1.3403090238571167,$,$,$);
#3428=IFCCARTESIANPOINT((0.,0.,0.));
#3429=IFCDIRECTION((1.,0.,0.));
#3430=IFCDIRECTION((0.,1.,0.));
#3431=IFCDIRECTION((0.,0.,1.));
#3432=IFCCARTESIANTRANSFORMATIONOPERATOR3D(#3429,#3430,#3428,1.,#3431);
#3433=IFCMAPPEDITEM(#3232,#3432);
#3434=IFCSHAPEREPRESENTATION(#18,'Profile','MappedRepresentation',(#3433));
#3435=IFCPRODUCTDEFINITIONSHAPE($,$,(#3434,#3442,#3449,#3556));
#3436=IFCCARTESIANPOINT((0.,0.,0.));
#3437=IFCDIRECTION((1.,0.,0.));
#3438=IFCDIRECTION((0.,1.,0.));
#3439=IFCDIRECTION((0.,0.,1.));
#3440=IFCCARTESIANTRANSFORMATIONOPERATOR3D(#3437,#3438,#3436,1.,#3439);
#3441=IFCMAPPEDITEM(#3240,#3440);
#3442=IFCSHAPEREPRESENTATION(#11,'Body','MappedRepresentation',(#3441));
#3443=IFCCARTESIANPOINT((0.,0.,0.));
#3444=IFCDIRECTION((1.,0.,0.));
#3445=IFCDIRECTION((0.,1.,0.));
#3446=IFCDIRECTION((0.,0.,1.));
#3447=IFCCARTESIANTRANSFORMATIONOPERATOR3D(#3444,#3445,#3443,1.,#3446);
#3448=IFCMAPPEDITEM(#3309,#3447);
#3449=IFCSHAPEREPRESENTATION(#24,'Body','MappedRepresentation',(#3448));
#3450=IFCCARTESIANPOINT((-0.46986246109008789,3.1350164413452148,0.));
#3451=IFCDIRECTION((0.,0.,1.));
#3452=IFCDIRECTION((1.,0.,0.));
#3453=IFCAXIS2PLACEMENT3D(#3450,#3451,#3452);
#3454=IFCLOCALPLACEMENT(#79,#3453);
#3455=IFCCARTESIANPOINTLIST3D(((0.,0.,0.),(1.3403090238571167,0.,0.),(1.3403090238571167,0.,2.),(0.,0.,2.)));
#3456=IFCINDEXEDPOLYCURVE(#3455,(IFCLINEINDEX((1,2,3,4,1))),$);
#3457=IFCSHAPEREPRESENTATION(#18,'Profile','Curve3D',(#3456));
#3458=IFCCARTESIANPOINTLIST2D(((0.,0.),(0.,2.),(1.3403090238571167,2.),(1.3403090238571167,0.),(1.2903090231120586,0.),(1.2903090231120586,1.9499999992549419),(0.05000000074505806,1.9499999992549419),(0.05000000074505806,0.)));
#3459=IFCINDEXEDPOLYCURVE(#3458,(IFCLINEINDEX((1,2,3,4,5,6,7,8,1))),$);
#3460=IFCARBITRARYCLOSEDPROFILEDEF(.AREA.,$,#3459);
#3461=IFCCARTESIANPOINT((0.,0.,0.));
#3462=IFCDIRECTION((0.,-1.,0.));
#3463=IFCDIRECTION((1.,0.,0.));
#3464=IFCAXIS2PLACEMENT3D(#3461,#3462,#3463);
#3465=IFCDIRECTION((0.,0.,-1.));
#3466=IFCEXTRUDEDAREASOLID(#3460,#3464,#3465,0.16123616695404053);
#3467=IFCCARTESIANPOINTLIST2D(((0.,0.),(1.2403090223670006,0.),(1.2403090223670006,0.10000000149011612),(0.,0.10000000149011612)));
#3468=IFCINDEXEDPOLYCURVE(#3467,(IFCLINEINDEX((1,2,3,4,1))),$);
#3469=IFCARBITRARYCLOSEDPROFILEDEF(.AREA.,$,#3468);
#3470=IFCCARTESIANPOINT((0.05000000074505806,0.,0.));
#3471=IFCDIRECTION((0.,0.,1.));
#3472=IFCDIRECTION((1.,0.,0.));
#3473=IFCAXIS2PLACEMENT3D(#3470,#3471,#3472);
#3474=IFCDIRECTION((0.,0.,1.));
#3475=IFCEXTRUDEDAREASOLID(#3469,#3473,#3474,0.02500000037252903);
#3476=IFCCARTESIANPOINTLIST2D(((0.,0.),(0.,2.0250000022351742),(1.3903090283274651,2.0250000022351742),(1.3903090283274651,0.),(1.3153090253472328,0.),(1.3153090253472328,1.9499999992549419),(0.075000002980232239,1.9499999992549419),(0.075000002980232239,0.)));
#3477=IFCINDEXEDPOLYCURVE(#3476,(IFCLINEINDEX((1,2,3,4,5,6,7,8,1))),$);
#3478=IFCARBITRARYCLOSEDPROFILEDEF(.AREA.,$,#3477);
#3479=IFCCARTESIANPOINT((-0.025000002235174179,-0.004999999888241291,0.));
#3480=IFCDIRECTION((0.,-1.,0.));
#3481=IFCDIRECTION((1.,0.,0.));
#3482=IFCAXIS2PLACEMENT3D(#3479,#3480,#3481);
#3483=IFCDIRECTION((0.,0.,-1.));
#3484=IFCEXTRUDEDAREASOLID(#3478,#3482,#3483,0.004999999888241291);
#3485=IFCCARTESIANPOINTLIST2D(((0.,0.),(0.,2.0250000022351742),(1.3903090283274651,2.0250000022351742),(1.3903090283274651,0.),(1.3153090253472328,0.),(1.3153090253472328,1.9499999992549419),(0.075000002980232239,1.9499999992549419),(0.075000002980232239,0.)));
#3486=IFCINDEXEDPOLYCURVE(#3485,(IFCLINEINDEX((1,2,3,4,5,6,7,8,1))),$);
#3487=IFCARBITRARYCLOSEDPROFILEDEF(.AREA.,$,#3486);
#3488=IFCCARTESIANPOINT((-0.025000002235174179,0.16123616695404053,0.));
#3489=IFCDIRECTION((0.,-1.,0.));
#3490=IFCDIRECTION((1.,0.,0.));
#3491=IFCAXIS2PLACEMENT3D(#3488,#3489,#3490);
#3492=IFCDIRECTION((0.,0.,-1.));
#3493=IFCEXTRUDEDAREASOLID(#3487,#3491,#3492,0.004999999888241291);
#3494=IFCCARTESIANPOINTLIST2D(((0.,0.),(1.2403090223670006,0.),(1.2403090223670006,0.035000000149011612),(0.,0.035000000149011612)));
#3495=IFCINDEXEDPOLYCURVE(#3494,(IFCLINEINDEX((1,2,3,4,1))),$);
#3496=IFCARBITRARYCLOSEDPROFILEDEF(.AREA.,$,#3495);
#3497=IFCCARTESIANPOINT((0.05000000074505806,-0.035000000149011612,0.02500000037252903));
#3498=IFCDIRECTION((0.,0.,1.));
#3499=IFCDIRECTION((1.,0.,0.));
#3500=IFCAXIS2PLACEMENT3D(#3497,#3498,#3499);
#3501=IFCDIRECTION((0.,0.,1.));
#3502=IFCEXTRUDEDAREASOLID(#3496,#3500,#3501,1.9249999988824129);
#3503=IFCCARTESIANPOINTLIST2D(((0.,0.),(0.,-0.040000000000000008),(-0.11999999999999988,-0.040000000000000008),(-0.11999999999999988,-0.020000000000000004),(-0.020000000000000018,-0.020000000000000004),(-0.020000000000000018,0.)));
#3504=IFCINDEXEDPOLYCURVE(#3503,(IFCLINEINDEX((1,2,3,4,5,6,1))),$);
#3505=IFCARBITRARYCLOSEDPROFILEDEF(.AREA.,$,#3504);
#3506=IFCCARTESIANPOINT((1.2403090231120586,-0.035000000149011612,1.015000000372529));
#3507=IFCDIRECTION((0.,0.,1.));
#3508=IFCDIRECTION((1.,0.,0.));
#3509=IFCAXIS2PLACEMENT3D(#3506,#3507,#3508);
#3510=IFCDIRECTION((0.,0.,1.));
#3511=IFCEXTRUDEDAREASOLID(#3505,#3509,#3510,0.02);
#3512=IFCEXTRUDEDAREASOLID(#3513,#3516,#3520,0.02);
#3513=IFCARBITRARYCLOSEDPROFILEDEF(.AREA.,$,#3514);
#3514=IFCINDEXEDPOLYCURVE(#3515,(IFCLINEINDEX((1,2,3,4,5,6,1))),$);
#3515=IFCCARTESIANPOINTLIST2D(((0.,0.),(0.,0.040000000000000008),(-0.11999999999999988,0.040000000000000008),(-0.11999999999999988,0.020000000000000004),(-0.020000000000000018,0.020000000000000004),(-0.020000000000000018,0.)));
#3516=IFCAXIS2PLACEMENT3D(#3517,#3518,#3519);
#3517=IFCCARTESIANPOINT((1.2403090231120586,0.,1.015000000372529));
#3518=IFCDIRECTION((0.,0.,1.));
#3519=IFCDIRECTION((1.,0.,0.));
#3520=IFCDIRECTION((0.,0.,1.));
#3521=IFCSHAPEREPRESENTATION(#11,'Body','SweptSolid',(#3466,#3502,#3511,#3512,#3475,#3484,#3493));
#3522=IFCSHAPEREPRESENTATION(#11,'Body','SweptSolid',(#3466,#3475,#3484,#3493));
#3523=IFCSHAPEASPECT((#3522),'Lining',$,.T.,#3406);
#3524=IFCSHAPEREPRESENTATION(#11,'Body','SweptSolid',(#3502,#3511,#3512));
#3525=IFCSHAPEASPECT((#3524),'Framing',$,.T.,#3406);
#3526=IFCCARTESIANPOINTLIST2D(((0.,0.),(0.05000000074505806,0.),(0.05000000074505806,0.16123616695404053),(0.,0.16123616695404053)));
#3527=IFCINDEXEDPOLYCURVE(#3526,(IFCLINEINDEX((1,2,3,4,1))),$);
#3528=IFCINDEXEDPOLYCURVE(#3529,(IFCLINEINDEX((1,2,3,4,1))),$);
#3529=IFCCARTESIANPOINTLIST2D(((1.3403090238571167,0.),(1.2903090231120586,0.),(1.2903090231120586,0.16123616695404053),(1.3403090238571167,0.16123616695404053)));
#3530=IFCCARTESIANPOINTLIST2D(((-0.57015451043844223,-0.035000000149011612),(0.67015451192855835,-0.035000000149011612),(0.67015451192855835,0.),(-0.57015451043844223,0.)));
#3531=IFCINDEXEDPOLYCURVE(#3530,(IFCLINEINDEX((1,2,3,4,1))),$);
#3532=IFCSHAPEREPRESENTATION(#24,'Body','Curve2D',(#3527,#3528,#3531));
#3533=IFCCARTESIANPOINTLIST2D(((0.48410815857350825,-0.081587428267465345),(0.8562008652836085,-0.081587428267465345)));
#3534=IFCINDEXEDPOLYCURVE(#3533,$,$);
#3535=IFCCARTESIANPOINTLIST2D(((0.51410815857350822,-0.050529142855162856),(0.48410815857350825,-0.081587428267465345),(0.51410815857350822,-0.11264571367976783)));
#3536=IFCINDEXEDPOLYCURVE(#3535,$,$);
#3537=IFCSHAPEREPRESENTATION(#25,'Annotation','Curve2D',(#3534,#3536));
#3538=IFCCARTESIANPOINT((0.,0.,0.));
#3539=IFCDIRECTION((1.,0.,0.));
#3540=IFCDIRECTION((0.,0.,1.));
#3541=IFCAXIS2PLACEMENT3D(#3538,#3540,#3539);
#3542=IFCREPRESENTATIONMAP(#3541,#3537);
#3543=IFCCARTESIANPOINT((0.,0.,0.));
#3544=IFCDIRECTION((1.,0.,0.));
#3545=IFCDIRECTION((0.,1.,0.));
#3546=IFCDIRECTION((0.,0.,1.));
#3547=IFCCARTESIANTRANSFORMATIONOPERATOR3D(#3544,#3545,#3543,1.,#3546);
#3548=IFCMAPPEDITEM(#3542,#3547);
#3549=IFCSHAPEREPRESENTATION(#25,'Annotation','MappedRepresentation',(#3548));
#3550=IFCCARTESIANPOINT((0.,0.,0.));
#3551=IFCDIRECTION((1.,0.,0.));
#3552=IFCDIRECTION((0.,1.,0.));
#3553=IFCDIRECTION((0.,0.,1.));
#3554=IFCCARTESIANTRANSFORMATIONOPERATOR3D(#3551,#3552,#3550,1.,#3553);
#3555=IFCMAPPEDITEM(#3542,#3554);
#3556=IFCSHAPEREPRESENTATION(#25,'Annotation','MappedRepresentation',(#3555));
#3559=IFCWINDOWTYPE('3j4p0t6VLB9vc9h8ZMfmsc',$,'Living - GF',$,$,(#3560),(#3569,#3617,#3639),$,$,.WINDOW.,.SINGLE_PANEL.,$,$);
#3560=IFCPROPERTYSET('3mzzfPmJb6QfILDpMzi2Hm',$,'BBIM_Window',$,(#3561));
#3561=IFCPROPERTYSINGLEVALUE('Data',$,IFCTEXT('{"window_type": "SINGLE_PANEL", "overall_height": 0.7896865606307983, "overall_width": 0.7726856470108032, "lining_properties": {"lining_depth": 0.05000000074505806, "lining_thickness": 0.05000000074505806, "lining_offset": 0.05000000074505806, "lining_to_panel_offset_x": 0.02500000037252903, "lining_to_panel_offset_y": 0.02500000037252903}, "panel_properties": {"frame_depth": [0.03500000014901161, 0.03500000014901161, 0.03500000014901161], "frame_thickness": [0.03500000014901161, 0.03500000014901161, 0.03500000014901161]}}'),$);
#3565=IFCCARTESIANPOINT((0.,0.,0.));
#3566=IFCDIRECTION((1.,0.,0.));
#3567=IFCDIRECTION((0.,0.,1.));
#3568=IFCAXIS2PLACEMENT3D(#3565,#3567,#3566);
#3569=IFCREPRESENTATIONMAP(#3568,#4050);
#3613=IFCCARTESIANPOINT((0.,0.,0.));
#3614=IFCDIRECTION((1.,0.,0.));
#3615=IFCDIRECTION((0.,0.,1.));
#3616=IFCAXIS2PLACEMENT3D(#3613,#3615,#3614);
#3617=IFCREPRESENTATIONMAP(#3616,#4093);
#3635=IFCCARTESIANPOINT((0.,0.,0.));
#3636=IFCDIRECTION((1.,0.,0.));
#3637=IFCDIRECTION((0.,0.,1.));
#3638=IFCAXIS2PLACEMENT3D(#3635,#3637,#3636);
#3639=IFCREPRESENTATIONMAP(#3638,#4110);
#3706=IFCWINDOW('3ZXtXnILHEMAZOz7WrJk_f',$,'Window',$,$,#4135,#3716,$,0.78968656063079834,0.77268564701080322,$,.SINGLE_PANEL.,$);
#3708=IFCRELDEFINESBYTYPE('1fCiuLtO11rhe1FPrChtEb',$,$,$,(#3706),#3559);
#3709=IFCCARTESIANPOINT((0.,0.,0.));
#3710=IFCDIRECTION((1.,0.,0.));
#3711=IFCDIRECTION((0.,1.,0.));
#3712=IFCDIRECTION((0.,0.,1.));
#3713=IFCCARTESIANTRANSFORMATIONOPERATOR3D(#3710,#3711,#3709,1.,#3712);
#3714=IFCMAPPEDITEM(#3569,#3713);
#3715=IFCSHAPEREPRESENTATION(#18,'Profile','MappedRepresentation',(#3714));
#3716=IFCPRODUCTDEFINITIONSHAPE($,$,(#3715,#3723,#3730));
#3717=IFCCARTESIANPOINT((0.,0.,0.));
#3718=IFCDIRECTION((1.,0.,0.));
#3719=IFCDIRECTION((0.,1.,0.));
#3720=IFCDIRECTION((0.,0.,1.));
#3721=IFCCARTESIANTRANSFORMATIONOPERATOR3D(#3718,#3719,#3717,1.,#3720);
#3722=IFCMAPPEDITEM(#3617,#3721);
#3723=IFCSHAPEREPRESENTATION(#11,'Body','MappedRepresentation',(#3722));
#3724=IFCCARTESIANPOINT((0.,0.,0.));
#3725=IFCDIRECTION((1.,0.,0.));
#3726=IFCDIRECTION((0.,1.,0.));
#3727=IFCDIRECTION((0.,0.,1.));
#3728=IFCCARTESIANTRANSFORMATIONOPERATOR3D(#3725,#3726,#3724,1.,#3727);
#3729=IFCMAPPEDITEM(#3639,#3728);
#3730=IFCSHAPEREPRESENTATION(#24,'Body','MappedRepresentation',(#3729));
#3731=IFCOPENINGELEMENT('0u4EP74H1ChhalsFFArnPU',$,'Opening',$,$,#4130,#3759,$,.OPENING.);
#3747=IFCCARTESIANPOINT((0.,0.,0.));
#3748=IFCDIRECTION((1.,0.,0.));
#3749=IFCDIRECTION((0.,0.,1.));
#3750=IFCAXIS2PLACEMENT3D(#3747,#3749,#3748);
#3751=IFCREPRESENTATIONMAP(#3750,#4120);
#3752=IFCCARTESIANPOINT((0.,0.,0.));
#3753=IFCDIRECTION((1.,0.,0.));
#3754=IFCDIRECTION((0.,1.,0.));
#3755=IFCDIRECTION((0.,0.,1.));
#3756=IFCCARTESIANTRANSFORMATIONOPERATOR3D(#3753,#3754,#3752,1.,#3755);
#3757=IFCMAPPEDITEM(#3751,#3756);
#3758=IFCSHAPEREPRESENTATION(#11,'Body','MappedRepresentation',(#3757));
#3759=IFCPRODUCTDEFINITIONSHAPE($,$,(#3758));
#3760=IFCRELVOIDSELEMENT('0M_PtJJ799fBPrc8c$53wI',$,$,$,#87,#3731);
#3766=IFCRELFILLSELEMENT('3K0JGmiXv74wOAYr$CYlhK',$,$,$,#3731,#3706);
#3957=IFCCARTESIANPOINTLIST2D(((0.,0.),(0.77268564701080322,0.),(0.77268564701080322,0.89999997615814209),(0.,0.89999997615814209)));
#3958=IFCINDEXEDPOLYCURVE(#3957,(IFCLINEINDEX((1,2,3,4,1))),$);
#3959=IFCCARTESIANPOINTLIST2D(((0.02500000037252903,0.02500000037252903),(0.74768564663827419,0.02500000037252903),(0.74768564663827419,0.87499997578561306),(0.02500000037252903,0.87499997578561306)));
#3960=IFCINDEXEDPOLYCURVE(#3959,(IFCLINEINDEX((1,2,3,4,1))),$);
#3961=IFCARBITRARYPROFILEDEFWITHVOIDS(.AREA.,$,#3958,(#3960));
#3962=IFCCARTESIANPOINT((0.,0.090000001713633537,0.));
#3963=IFCDIRECTION((0.,-1.,0.));
#3964=IFCDIRECTION((1.,0.,0.));
#3965=IFCAXIS2PLACEMENT3D(#3962,#3963,#3964);
#3966=IFCDIRECTION((0.,0.,-1.));
#3967=IFCEXTRUDEDAREASOLID(#3961,#3965,#3966,0.0099999997764825821);
#3968=IFCCARTESIANPOINTLIST2D(((0.,0.),(0.77268564701080322,0.),(0.77268564701080322,0.89999997615814209),(0.,0.89999997615814209)));
#3969=IFCINDEXEDPOLYCURVE(#3968,(IFCLINEINDEX((1,2,3,4,1))),$);
#3970=IFCCARTESIANPOINTLIST2D(((0.05000000074505806,0.05000000074505806),(0.72268564626574516,0.05000000074505806),(0.72268564626574516,0.84999997541308403),(0.05000000074505806,0.84999997541308403)));
#3971=IFCINDEXEDPOLYCURVE(#3970,(IFCLINEINDEX((1,2,3,4,1))),$);
#3972=IFCARBITRARYPROFILEDEFWITHVOIDS(.AREA.,$,#3969,(#3971));
#3973=IFCCARTESIANPOINT((0.,0.05000000074505806,0.));
#3974=IFCDIRECTION((0.,-1.,0.));
#3975=IFCDIRECTION((1.,0.,0.));
#3976=IFCAXIS2PLACEMENT3D(#3973,#3974,#3975);
#3977=IFCDIRECTION((0.,0.,-1.));
#3978=IFCEXTRUDEDAREASOLID(#3972,#3976,#3977,0.040000000968575478);
#3979=IFCCARTESIANPOINTLIST2D(((0.,0.),(0.72268564626574516,0.),(0.72268564626574516,0.84999997541308403),(0.,0.84999997541308403)));
#3980=IFCINDEXEDPOLYCURVE(#3979,(IFCLINEINDEX((1,2,3,4,1))),$);
#3981=IFCCARTESIANPOINTLIST2D(((0.035000000149011612,0.035000000149011612),(0.68768564611673355,0.035000000149011612),(0.68768564611673355,0.81499997526407242),(0.035000000149011612,0.81499997526407242)));
#3982=IFCINDEXEDPOLYCURVE(#3981,(IFCLINEINDEX((1,2,3,4,1))),$);
#3983=IFCARBITRARYPROFILEDEFWITHVOIDS(.AREA.,$,#3980,(#3982));
#3984=IFCCARTESIANPOINT((0.02500000037252903,0.090000001713633537,0.02500000037252903));
#3985=IFCDIRECTION((0.,-1.,0.));
#3986=IFCDIRECTION((1.,0.,0.));
#3987=IFCAXIS2PLACEMENT3D(#3984,#3985,#3986);
#3988=IFCDIRECTION((0.,0.,-1.));
#3989=IFCEXTRUDEDAREASOLID(#3983,#3987,#3988,0.035000000149011612);
#3990=IFCINDEXEDPOLYCURVE(#3991,(IFCLINEINDEX((1,2,3,4,1))),$);
#3991=IFCCARTESIANPOINTLIST2D(((0.035000000149011612,0.035000000149011612),(0.68768564611673355,0.035000000149011612),(0.68768564611673355,0.81499997526407242),(0.035000000149011612,0.81499997526407242)));
#3992=IFCARBITRARYCLOSEDPROFILEDEF(.AREA.,$,#3990);
#3993=IFCCARTESIANPOINT((0.02500000037252903,0.10250000178813934,0.02500000037252903));
#3994=IFCDIRECTION((0.,-1.,0.));
#3995=IFCDIRECTION((1.,0.,0.));
#3996=IFCAXIS2PLACEMENT3D(#3993,#3994,#3995);
#3997=IFCDIRECTION((0.,0.,-1.));
#3998=IFCEXTRUDEDAREASOLID(#3992,#3996,#3997,0.01);
#4000=IFCSHAPEREPRESENTATION(#11,'Body','SweptSolid',(#4061,#4072,#3967,#3978));
#4001=IFCSHAPEASPECT((#4000),'Lining',$,.T.,#3716);
#4002=IFCSHAPEREPRESENTATION(#11,'Body','SweptSolid',(#4083,#3989));
#4003=IFCSHAPEASPECT((#4002),'Framing',$,.T.,#3716);
#4004=IFCSHAPEREPRESENTATION(#11,'Body','SweptSolid',(#4092,#3998));
#4005=IFCSHAPEASPECT((#4004),'Glazing',$,.T.,#3716);
#4048=IFCCARTESIANPOINTLIST3D(((0.,0.,0.),(0.77268564701080322,0.,0.),(0.77268564701080322,0.,0.78968656063079834),(0.,0.,0.78968656063079834)));
#4049=IFCINDEXEDPOLYCURVE(#4048,(IFCLINEINDEX((1,2,3,4,1))),$);
#4050=IFCSHAPEREPRESENTATION(#18,'Profile','Curve3D',(#4049));
#4051=IFCCARTESIANPOINTLIST2D(((0.,0.),(0.77268564701080322,0.),(0.77268564701080322,0.78968656063079834),(0.,0.78968656063079834)));
#4052=IFCINDEXEDPOLYCURVE(#4051,(IFCLINEINDEX((1,2,3,4,1))),$);
#4053=IFCCARTESIANPOINTLIST2D(((0.02500000037252903,0.02500000037252903),(0.74768564663827419,0.02500000037252903),(0.74768564663827419,0.76468656025826931),(0.02500000037252903,0.76468656025826931)));
#4054=IFCINDEXEDPOLYCURVE(#4053,(IFCLINEINDEX((1,2,3,4,1))),$);
#4055=IFCARBITRARYPROFILEDEFWITHVOIDS(.AREA.,$,#4052,(#4054));
#4056=IFCCARTESIANPOINT((0.,0.090000001713633537,0.));
#4057=IFCDIRECTION((0.,-1.,0.));
#4058=IFCDIRECTION((1.,0.,0.));
#4059=IFCAXIS2PLACEMENT3D(#4056,#4057,#4058);
#4060=IFCDIRECTION((0.,0.,-1.));
#4061=IFCEXTRUDEDAREASOLID(#4055,#4059,#4060,0.0099999997764825821);
#4062=IFCCARTESIANPOINTLIST2D(((0.,0.),(0.77268564701080322,0.),(0.77268564701080322,0.78968656063079834),(0.,0.78968656063079834)));
#4063=IFCINDEXEDPOLYCURVE(#4062,(IFCLINEINDEX((1,2,3,4,1))),$);
#4064=IFCCARTESIANPOINTLIST2D(((0.05000000074505806,0.05000000074505806),(0.72268564626574516,0.05000000074505806),(0.72268564626574516,0.73968655988574028),(0.05000000074505806,0.73968655988574028)));
#4065=IFCINDEXEDPOLYCURVE(#4064,(IFCLINEINDEX((1,2,3,4,1))),$);
#4066=IFCARBITRARYPROFILEDEFWITHVOIDS(.AREA.,$,#4063,(#4065));
#4067=IFCCARTESIANPOINT((0.,0.05000000074505806,0.));
#4068=IFCDIRECTION((0.,-1.,0.));
#4069=IFCDIRECTION((1.,0.,0.));
#4070=IFCAXIS2PLACEMENT3D(#4067,#4068,#4069);
#4071=IFCDIRECTION((0.,0.,-1.));
#4072=IFCEXTRUDEDAREASOLID(#4066,#4070,#4071,0.040000000968575478);
#4073=IFCCARTESIANPOINTLIST2D(((0.,0.),(0.72268564626574516,0.),(0.72268564626574516,0.73968655988574028),(0.,0.73968655988574028)));
#4074=IFCINDEXEDPOLYCURVE(#4073,(IFCLINEINDEX((1,2,3,4,1))),$);
#4075=IFCCARTESIANPOINTLIST2D(((0.035000000149011612,0.035000000149011612),(0.68768564611673355,0.035000000149011612),(0.68768564611673355,0.70468655973672867),(0.035000000149011612,0.70468655973672867)));
#4076=IFCINDEXEDPOLYCURVE(#4075,(IFCLINEINDEX((1,2,3,4,1))),$);
#4077=IFCARBITRARYPROFILEDEFWITHVOIDS(.AREA.,$,#4074,(#4076));
#4078=IFCCARTESIANPOINT((0.02500000037252903,0.090000001713633537,0.02500000037252903));
#4079=IFCDIRECTION((0.,-1.,0.));
#4080=IFCDIRECTION((1.,0.,0.));
#4081=IFCAXIS2PLACEMENT3D(#4078,#4079,#4080);
#4082=IFCDIRECTION((0.,0.,-1.));
#4083=IFCEXTRUDEDAREASOLID(#4077,#4081,#4082,0.035000000149011612);
#4084=IFCINDEXEDPOLYCURVE(#4085,(IFCLINEINDEX((1,2,3,4,1))),$);
#4085=IFCCARTESIANPOINTLIST2D(((0.035000000149011612,0.035000000149011612),(0.68768564611673355,0.035000000149011612),(0.68768564611673355,0.70468655973672867),(0.035000000149011612,0.70468655973672867)));
#4086=IFCARBITRARYCLOSEDPROFILEDEF(.AREA.,$,#4084);
#4087=IFCCARTESIANPOINT((0.02500000037252903,0.10250000178813934,0.02500000037252903));
#4088=IFCDIRECTION((0.,-1.,0.));
#4089=IFCDIRECTION((1.,0.,0.));
#4090=IFCAXIS2PLACEMENT3D(#4087,#4088,#4089);
#4091=IFCDIRECTION((0.,0.,-1.));
#4092=IFCEXTRUDEDAREASOLID(#4086,#4090,#4091,0.01);
#4093=IFCSHAPEREPRESENTATION(#11,'Body','SweptSolid',(#4061,#4072,#4083,#4092));
#4094=IFCCARTESIANPOINTLIST2D(((0.05000000074505806,0.05000000074505806),(0.72268564626574516,0.05000000074505806)));
#4095=IFCINDEXEDPOLYCURVE(#4094,$,$);
#4096=IFCCARTESIANPOINTLIST2D(((0.,0.10000000149011612),(0.02500000037252903,0.10000000149011612),(0.02500000037252903,0.090000001713633537),(0.05000000074505806,0.090000001713633537),(0.05000000074505806,0.05000000074505806),(0.,0.05000000074505806)));
#4097=IFCINDEXEDPOLYCURVE(#4096,(IFCLINEINDEX((1,2,3,4,5,6,1))),$);
#4098=IFCCARTESIANPOINTLIST2D(((0.77268564701080322,0.10000000149011612),(0.74768564663827419,0.10000000149011612),(0.74768564663827419,0.090000001713633537),(0.72268564626574516,0.090000001713633537),(0.72268564626574516,0.05000000074505806),(0.77268564701080322,0.05000000074505806)));
#4099=IFCINDEXEDPOLYCURVE(#4098,(IFCLINEINDEX((1,2,3,4,5,6,1))),$);
#4100=IFCCARTESIANPOINTLIST2D(((0.02500000037252903,0.090000001713633537),(0.060000000521540642,0.090000001713633537),(0.060000000521540642,0.12500000186264515),(0.02500000037252903,0.12500000186264515)));
#4101=IFCINDEXEDPOLYCURVE(#4100,(IFCLINEINDEX((1,2,3,4,1))),$);
#4102=IFCINDEXEDPOLYCURVE(#4103,(IFCLINEINDEX((1,2,3,4,1))),$);
#4103=IFCCARTESIANPOINTLIST2D(((0.74768564663827419,0.090000001713633537),(0.71268564648926258,0.090000001713633537),(0.71268564648926258,0.12500000186264515),(0.74768564663827419,0.12500000186264515)));
#4104=IFCCARTESIANPOINTLIST2D(((0.060000000521540642,0.090000001713633537),(0.71268564648926258,0.090000001713633537)));
#4105=IFCINDEXEDPOLYCURVE(#4104,$,$);
#4106=IFCINDEXEDPOLYCURVE(#4107,$,$);
#4107=IFCCARTESIANPOINTLIST2D(((0.060000000521540642,0.12500000186264515),(0.71268564648926258,0.12500000186264515)));
#4108=IFCINDEXEDPOLYCURVE(#4109,$,$);
#4109=IFCCARTESIANPOINTLIST2D(((0.060000000521540642,0.10750000178813934),(0.71268564648926258,0.10750000178813934)));
#4110=IFCSHAPEREPRESENTATION(#24,'Body','Curve2D',(#4095,#4097,#4099,#4101,#4102,#4105,#4106,#4108));
#4111=IFCCARTESIANPOINTLIST2D(((0.,0.),(0.77268564701080322,0.),(0.77268564701080322,0.78968656063079834),(0.,0.78968656063079834)));
#4112=IFCINDEXEDPOLYCURVE(#4111,(IFCLINEINDEX((1,2,3,4,1))),$);
#4113=IFCARBITRARYCLOSEDPROFILEDEF(.AREA.,$,#4112);
#4114=IFCCARTESIANPOINT((0.,-0.60000002384185791,0.));
#4115=IFCDIRECTION((0.,-1.,0.));
#4116=IFCDIRECTION((1.,0.,0.));
#4117=IFCAXIS2PLACEMENT3D(#4114,#4115,#4116);
#4118=IFCDIRECTION((0.,0.,-1.));
#4119=IFCEXTRUDEDAREASOLID(#4113,#4117,#4118,1.2);
#4120=IFCSHAPEREPRESENTATION(#11,'Body','SweptSolid',(#4119));
#4126=IFCCARTESIANPOINT((2.5502135654323541,0.099999904632568359,1.));
#4127=IFCDIRECTION((0.,0.,1.));
#4128=IFCDIRECTION((-0.99999999999998868,1.5099580252808492E-07,0.));
#4129=IFCAXIS2PLACEMENT3D(#4126,#4127,#4128);
#4130=IFCLOCALPLACEMENT(#1750,#4129);
#4131=IFCCARTESIANPOINT((0.,0.,0.));
#4132=IFCDIRECTION((0.,0.,1.));
#4133=IFCDIRECTION((1.,0.,0.));
#4134=IFCAXIS2PLACEMENT3D(#4131,#4132,#4133);
#4135=IFCLOCALPLACEMENT(#4130,#4134);
#4136=IFCWINDOWTYPE('0PA12dOyr5JgrthM6_jArM',$,'Guest - 1 - GF',$,$,(#4137),(#4139,#4147,#4195),$,$,.WINDOW.,.SINGLE_PANEL.,$,$);
#4137=IFCPROPERTYSET('0MDCS7KfjCIhFgfJ_Ili_S',$,'BBIM_Window',$,(#4138));
#4138=IFCPROPERTYSINGLEVALUE('Data',$,IFCTEXT('{"window_type": "DOUBLE_PANEL_VERTICAL", "overall_height": 0.7896865606307983, "overall_width": 1.1265507936477661, "lining_properties": {"lining_depth": 0.05000000074505806, "lining_thickness": 0.05000000074505806, "lining_offset": 0.05000000074505806, "lining_to_panel_offset_x": 0.02500000037252903, "lining_to_panel_offset_y": 0.02500000037252903, "mullion_thickness": 0.05000000074505806, "first_mullion_offset": 0.5292124152183533}, "panel_properties": {"frame_depth": [0.03500000014901161, 0.03500000014901161, 0.03500000014901161], "frame_thickness": [0.03500000014901161, 0.03500000014901161, 0.03500000014901161]}}'),$);
#4139=IFCREPRESENTATIONMAP(#4140,#4625);
#4140=IFCAXIS2PLACEMENT3D(#4141,#4142,#4143);
#4141=IFCCARTESIANPOINT((0.,0.,0.));
#4142=IFCDIRECTION((0.,0.,1.));
#4143=IFCDIRECTION((1.,0.,0.));
#4147=IFCREPRESENTATIONMAP(#4148,#4706);
#4148=IFCAXIS2PLACEMENT3D(#4149,#4150,#4151);
#4149=IFCCARTESIANPOINT((0.,0.,0.));
#4150=IFCDIRECTION((0.,0.,1.));
#4151=IFCDIRECTION((1.,0.,0.));
#4195=IFCREPRESENTATIONMAP(#4196,#4739);
#4196=IFCAXIS2PLACEMENT3D(#4197,#4198,#4199);
#4197=IFCCARTESIANPOINT((0.,0.,0.));
#4198=IFCDIRECTION((0.,0.,1.));
#4199=IFCDIRECTION((1.,0.,0.));
#4217=IFCCARTESIANPOINT((-0.64694094657897949,3.4242048263549805,0.));
#4218=IFCDIRECTION((0.,0.,1.));
#4219=IFCDIRECTION((0.99999999999954525,-9.5367431640581632E-07,0.));
#4220=IFCAXIS2PLACEMENT3D(#4217,#4218,#4219);
#4221=IFCLOCALPLACEMENT(#79,#4220);
#4222=IFCWINDOW('2qzAZkjJvA7QB6CxLgw8WX',$,'Window',$,$,#4764,#4232,$,0.78968656063079834,1.1265507936477661,$,.DOUBLE_PANEL_VERTICAL.,$);
#4224=IFCRELDEFINESBYTYPE('3y3djYg2r1XeriRHMjB2eG',$,$,$,(#4222),#4136);
#4225=IFCCARTESIANPOINT((0.,0.,0.));
#4226=IFCDIRECTION((1.,0.,0.));
#4227=IFCDIRECTION((0.,1.,0.));
#4228=IFCDIRECTION((0.,0.,1.));
#4229=IFCCARTESIANTRANSFORMATIONOPERATOR3D(#4226,#4227,#4225,1.,#4228);
#4230=IFCMAPPEDITEM(#4139,#4229);
#4231=IFCSHAPEREPRESENTATION(#18,'Profile','MappedRepresentation',(#4230));
#4232=IFCPRODUCTDEFINITIONSHAPE($,$,(#4231,#4239,#4246));
#4233=IFCCARTESIANPOINT((0.,0.,0.));
#4234=IFCDIRECTION((1.,0.,0.));
#4235=IFCDIRECTION((0.,1.,0.));
#4236=IFCDIRECTION((0.,0.,1.));
#4237=IFCCARTESIANTRANSFORMATIONOPERATOR3D(#4234,#4235,#4233,1.,#4236);
#4238=IFCMAPPEDITEM(#4147,#4237);
#4239=IFCSHAPEREPRESENTATION(#11,'Body','MappedRepresentation',(#4238));
#4240=IFCCARTESIANPOINT((0.,0.,0.));
#4241=IFCDIRECTION((1.,0.,0.));
#4242=IFCDIRECTION((0.,1.,0.));
#4243=IFCDIRECTION((0.,0.,1.));
#4244=IFCCARTESIANTRANSFORMATIONOPERATOR3D(#4241,#4242,#4240,1.,#4243);
#4245=IFCMAPPEDITEM(#4195,#4244);
#4246=IFCSHAPEREPRESENTATION(#24,'Body','MappedRepresentation',(#4245));
#4247=IFCOPENINGELEMENT('3PIB7hM2X5KOIWIZ1qFh2r',$,'Opening',$,$,#4759,#4275,$,.OPENING.);
#4263=IFCCARTESIANPOINT((0.,0.,0.));
#4264=IFCDIRECTION((1.,0.,0.));
#4265=IFCDIRECTION((0.,0.,1.));
#4266=IFCAXIS2PLACEMENT3D(#4263,#4265,#4264);
#4267=IFCREPRESENTATIONMAP(#4266,#4749);
#4268=IFCCARTESIANPOINT((0.,0.,0.));
#4269=IFCDIRECTION((1.,0.,0.));
#4270=IFCDIRECTION((0.,1.,0.));
#4271=IFCDIRECTION((0.,0.,1.));
#4272=IFCCARTESIANTRANSFORMATIONOPERATOR3D(#4269,#4270,#4268,1.,#4271);
#4273=IFCMAPPEDITEM(#4267,#4272);
#4274=IFCSHAPEREPRESENTATION(#11,'Body','MappedRepresentation',(#4273));
#4275=IFCPRODUCTDEFINITIONSHAPE($,$,(#4274));
#4276=IFCRELVOIDSELEMENT('0YR7x1J611dgbTpjM6jZFe',$,$,$,#278,#4247);
#4282=IFCRELFILLSELEMENT('2ybCxSjZj4bgTEzglv7W_Y',$,$,$,#4247,#4222);
#4306=IFCCARTESIANPOINTLIST2D(((0.52921241521835327,0.),(0.,0.),(0.,0.78968656063079834),(0.52921241521835327,0.78968656063079834),(0.52921241521835327,0.76468656025826931),(0.02500000037252903,0.76468656025826931),(0.02500000037252903,0.02500000037252903),(0.52921241521835327,0.02500000037252903)));
#4307=IFCINDEXEDPOLYCURVE(#4306,(IFCLINEINDEX((1,2,3,4,5,6,7,8,1))),$);
#4308=IFCARBITRARYCLOSEDPROFILEDEF(.AREA.,$,#4307);
#4309=IFCCARTESIANPOINT((0.,0.090000001713633537,0.));
#4310=IFCDIRECTION((0.,-1.,0.));
#4311=IFCDIRECTION((1.,0.,0.));
#4312=IFCAXIS2PLACEMENT3D(#4309,#4310,#4311);
#4313=IFCDIRECTION((0.,0.,-1.));
#4314=IFCEXTRUDEDAREASOLID(#4308,#4312,#4313,0.0099999997764825821);
#4315=IFCCARTESIANPOINTLIST2D(((0.,0.),(0.52921241521835327,0.),(0.52921241521835327,0.78968656063079834),(0.,0.78968656063079834)));
#4316=IFCINDEXEDPOLYCURVE(#4315,(IFCLINEINDEX((1,2,3,4,1))),$);
#4317=IFCCARTESIANPOINTLIST2D(((0.05000000074505806,0.05000000074505806),(0.50421241484582424,0.05000000074505806),(0.50421241484582424,0.73968655988574028),(0.05000000074505806,0.73968655988574028)));
#4318=IFCINDEXEDPOLYCURVE(#4317,(IFCLINEINDEX((1,2,3,4,1))),$);
#4319=IFCARBITRARYPROFILEDEFWITHVOIDS(.AREA.,$,#4316,(#4318));
#4320=IFCCARTESIANPOINT((0.,0.05000000074505806,0.));
#4321=IFCDIRECTION((0.,-1.,0.));
#4322=IFCDIRECTION((1.,0.,0.));
#4323=IFCAXIS2PLACEMENT3D(#4320,#4321,#4322);
#4324=IFCDIRECTION((0.,0.,-1.));
#4325=IFCEXTRUDEDAREASOLID(#4319,#4323,#4324,0.040000000968575478);
#4326=IFCCARTESIANPOINTLIST2D(((0.,0.),(0.50421241484582424,0.),(0.50421241484582424,0.73968655988574028),(0.,0.73968655988574028)));
#4327=IFCINDEXEDPOLYCURVE(#4326,(IFCLINEINDEX((1,2,3,4,1))),$);
#4328=IFCCARTESIANPOINTLIST2D(((0.035000000149011612,0.035000000149011612),(0.46921241469681263,0.035000000149011612),(0.46921241469681263,0.70468655973672867),(0.035000000149011612,0.70468655973672867)));
#4329=IFCINDEXEDPOLYCURVE(#4328,(IFCLINEINDEX((1,2,3,4,1))),$);
#4330=IFCARBITRARYPROFILEDEFWITHVOIDS(.AREA.,$,#4327,(#4329));
#4331=IFCCARTESIANPOINT((0.02500000037252903,0.090000001713633537,0.02500000037252903));
#4332=IFCDIRECTION((0.,-1.,0.));
#4333=IFCDIRECTION((1.,0.,0.));
#4334=IFCAXIS2PLACEMENT3D(#4331,#4332,#4333);
#4335=IFCDIRECTION((0.,0.,-1.));
#4336=IFCEXTRUDEDAREASOLID(#4330,#4334,#4335,0.035000000149011612);
#4337=IFCINDEXEDPOLYCURVE(#4338,(IFCLINEINDEX((1,2,3,4,1))),$);
#4338=IFCCARTESIANPOINTLIST2D(((0.035000000149011612,0.035000000149011612),(0.46921241469681263,0.035000000149011612),(0.46921241469681263,0.70468655973672867),(0.035000000149011612,0.70468655973672867)));
#4339=IFCARBITRARYCLOSEDPROFILEDEF(.AREA.,$,#4337);
#4340=IFCCARTESIANPOINT((0.02500000037252903,0.10250000178813934,0.02500000037252903));
#4341=IFCDIRECTION((0.,-1.,0.));
#4342=IFCDIRECTION((1.,0.,0.));
#4343=IFCAXIS2PLACEMENT3D(#4340,#4341,#4342);
#4344=IFCDIRECTION((0.,0.,-1.));
#4345=IFCEXTRUDEDAREASOLID(#4339,#4343,#4344,0.01);
#4346=IFCCARTESIANPOINTLIST2D(((0.,0.78968656063079834),(0.66169637441635132,0.78968656063079834),(0.66169637441635132,0.),(0.,0.),(0.,0.02500000037252903),(0.63669637404382229,0.02500000037252903),(0.63669637404382229,0.76468656025826931),(0.,0.76468656025826931)));
#4347=IFCINDEXEDPOLYCURVE(#4346,(IFCLINEINDEX((1,2,3,4,5,6,7,8,1))),$);
#4348=IFCARBITRARYCLOSEDPROFILEDEF(.AREA.,$,#4347);
#4349=IFCCARTESIANPOINT((0.52921241521835327,0.090000001713633537,0.));
#4350=IFCDIRECTION((0.,-1.,0.));
#4351=IFCDIRECTION((1.,0.,0.));
#4352=IFCAXIS2PLACEMENT3D(#4349,#4350,#4351);
#4353=IFCDIRECTION((0.,0.,-1.));
#4354=IFCEXTRUDEDAREASOLID(#4348,#4352,#4353,0.0099999997764825821);
#4355=IFCCARTESIANPOINTLIST2D(((0.,0.),(0.66169637441635132,0.),(0.66169637441635132,0.78968656063079834),(0.,0.78968656063079834)));
#4356=IFCINDEXEDPOLYCURVE(#4355,(IFCLINEINDEX((1,2,3,4,1))),$);
#4357=IFCCARTESIANPOINTLIST2D(((0.02500000037252903,0.05000000074505806),(0.61169637367129326,0.05000000074505806),(0.61169637367129326,0.73968655988574028),(0.02500000037252903,0.73968655988574028)));
#4358=IFCINDEXEDPOLYCURVE(#4357,(IFCLINEINDEX((1,2,3,4,1))),$);
#4359=IFCARBITRARYPROFILEDEFWITHVOIDS(.AREA.,$,#4356,(#4358));
#4360=IFCCARTESIANPOINT((0.52921241521835327,0.05000000074505806,0.));
#4361=IFCDIRECTION((0.,-1.,0.));
#4362=IFCDIRECTION((1.,0.,0.));
#4363=IFCAXIS2PLACEMENT3D(#4360,#4361,#4362);
#4364=IFCDIRECTION((0.,0.,-1.));
#4365=IFCEXTRUDEDAREASOLID(#4359,#4363,#4364,0.040000000968575478);
#4366=IFCCARTESIANPOINTLIST2D(((0.,0.),(0.63669637404382229,0.),(0.63669637404382229,0.73968655988574028),(0.,0.73968655988574028)));
#4367=IFCINDEXEDPOLYCURVE(#4366,(IFCLINEINDEX((1,2,3,4,1))),$);
#4368=IFCCARTESIANPOINTLIST2D(((0.035000000149011612,0.035000000149011612),(0.60169637389481068,0.035000000149011612),(0.60169637389481068,0.70468655973672867),(0.035000000149011612,0.70468655973672867)));
#4369=IFCINDEXEDPOLYCURVE(#4368,(IFCLINEINDEX((1,2,3,4,1))),$);
#4370=IFCARBITRARYPROFILEDEFWITHVOIDS(.AREA.,$,#4367,(#4369));
#4371=IFCCARTESIANPOINT((0.52921241521835327,0.090000001713633537,0.02500000037252903));
#4372=IFCDIRECTION((0.,-1.,0.));
#4373=IFCDIRECTION((1.,0.,0.));
#4374=IFCAXIS2PLACEMENT3D(#4371,#4372,#4373);
#4375=IFCDIRECTION((0.,0.,-1.));
#4376=IFCEXTRUDEDAREASOLID(#4370,#4374,#4375,0.035000000149011612);
#4377=IFCINDEXEDPOLYCURVE(#4378,(IFCLINEINDEX((1,2,3,4,1))),$);
#4378=IFCCARTESIANPOINTLIST2D(((0.035000000149011612,0.035000000149011612),(0.60169637389481068,0.035000000149011612),(0.60169637389481068,0.70468655973672867),(0.035000000149011612,0.70468655973672867)));
#4379=IFCARBITRARYCLOSEDPROFILEDEF(.AREA.,$,#4377);
#4380=IFCCARTESIANPOINT((0.52921241521835327,0.10250000178813934,0.02500000037252903));
#4381=IFCDIRECTION((0.,-1.,0.));
#4382=IFCDIRECTION((1.,0.,0.));
#4383=IFCAXIS2PLACEMENT3D(#4380,#4381,#4382);
#4384=IFCDIRECTION((0.,0.,-1.));
#4385=IFCEXTRUDEDAREASOLID(#4379,#4383,#4384,0.01);
#4387=IFCSHAPEREPRESENTATION(#11,'Body','SweptSolid',(#4685,#4488,#4314,#4325,#4477,#4365,#4354,#4528,#4517,#4634,#4645,#4674));
#4388=IFCSHAPEASPECT((#4387),'Lining',$,.T.,#4232);
#4389=IFCSHAPEREPRESENTATION(#11,'Body','SweptSolid',(#4539,#4376,#4499,#4656,#4696,#4336));
#4390=IFCSHAPEASPECT((#4389),'Framing',$,.T.,#4232);
#4391=IFCSHAPEREPRESENTATION(#11,'Body','SweptSolid',(#4705,#4508,#4345,#4385,#4548,#4665));
#4392=IFCSHAPEASPECT((#4391),'Glazing',$,.T.,#4232);
#4469=IFCCARTESIANPOINTLIST2D(((0.52921241521835327,0.),(0.,0.),(0.,0.78968656063079834),(0.52921241521835327,0.78968656063079834),(0.52921241521835327,0.76468656025826931),(0.02500000037252903,0.76468656025826931),(0.02500000037252903,0.02500000037252903),(0.52921241521835327,0.02500000037252903)));
#4470=IFCINDEXEDPOLYCURVE(#4469,(IFCLINEINDEX((1,2,3,4,5,6,7,8,1))),$);
#4471=IFCARBITRARYCLOSEDPROFILEDEF(.AREA.,$,#4470);
#4472=IFCCARTESIANPOINT((0.,0.090000001713633537,0.));
#4473=IFCDIRECTION((0.,-1.,0.));
#4474=IFCDIRECTION((1.,0.,0.));
#4475=IFCAXIS2PLACEMENT3D(#4472,#4473,#4474);
#4476=IFCDIRECTION((0.,0.,-1.));
#4477=IFCEXTRUDEDAREASOLID(#4471,#4475,#4476,0.0099999997764825821);
#4478=IFCCARTESIANPOINTLIST2D(((0.,0.),(0.52921241521835327,0.),(0.52921241521835327,0.78968656063079834),(0.,0.78968656063079834)));
#4479=IFCINDEXEDPOLYCURVE(#4478,(IFCLINEINDEX((1,2,3,4,1))),$);
#4480=IFCCARTESIANPOINTLIST2D(((0.05000000074505806,0.05000000074505806),(0.50421241484582424,0.05000000074505806),(0.50421241484582424,0.73968655988574028),(0.05000000074505806,0.73968655988574028)));
#4481=IFCINDEXEDPOLYCURVE(#4480,(IFCLINEINDEX((1,2,3,4,1))),$);
#4482=IFCARBITRARYPROFILEDEFWITHVOIDS(.AREA.,$,#4479,(#4481));
#4483=IFCCARTESIANPOINT((0.,0.05000000074505806,0.));
#4484=IFCDIRECTION((0.,-1.,0.));
#4485=IFCDIRECTION((1.,0.,0.));
#4486=IFCAXIS2PLACEMENT3D(#4483,#4484,#4485);
#4487=IFCDIRECTION((0.,0.,-1.));
#4488=IFCEXTRUDEDAREASOLID(#4482,#4486,#4487,0.040000000968575478);
#4489=IFCCARTESIANPOINTLIST2D(((0.,0.),(0.50421241484582424,0.),(0.50421241484582424,0.73968655988574028),(0.,0.73968655988574028)));
#4490=IFCINDEXEDPOLYCURVE(#4489,(IFCLINEINDEX((1,2,3,4,1))),$);
#4491=IFCCARTESIANPOINTLIST2D(((0.035000000149011612,0.035000000149011612),(0.46921241469681263,0.035000000149011612),(0.46921241469681263,0.70468655973672867),(0.035000000149011612,0.70468655973672867)));
#4492=IFCINDEXEDPOLYCURVE(#4491,(IFCLINEINDEX((1,2,3,4,1))),$);
#4493=IFCARBITRARYPROFILEDEFWITHVOIDS(.AREA.,$,#4490,(#4492));
#4494=IFCCARTESIANPOINT((0.02500000037252903,0.090000001713633537,0.02500000037252903));
#4495=IFCDIRECTION((0.,-1.,0.));
#4496=IFCDIRECTION((1.,0.,0.));
#4497=IFCAXIS2PLACEMENT3D(#4494,#4495,#4496);
#4498=IFCDIRECTION((0.,0.,-1.));
#4499=IFCEXTRUDEDAREASOLID(#4493,#4497,#4498,0.035000000149011612);
#4500=IFCINDEXEDPOLYCURVE(#4501,(IFCLINEINDEX((1,2,3,4,1))),$);
#4501=IFCCARTESIANPOINTLIST2D(((0.035000000149011612,0.035000000149011612),(0.46921241469681263,0.035000000149011612),(0.46921241469681263,0.70468655973672867),(0.035000000149011612,0.70468655973672867)));
#4502=IFCARBITRARYCLOSEDPROFILEDEF(.AREA.,$,#4500);
#4503=IFCCARTESIANPOINT((0.02500000037252903,0.10250000178813934,0.02500000037252903));
#4504=IFCDIRECTION((0.,-1.,0.));
#4505=IFCDIRECTION((1.,0.,0.));
#4506=IFCAXIS2PLACEMENT3D(#4503,#4504,#4505);
#4507=IFCDIRECTION((0.,0.,-1.));
#4508=IFCEXTRUDEDAREASOLID(#4502,#4506,#4507,0.01);
#4509=IFCCARTESIANPOINTLIST2D(((0.,0.78968656063079834),(0.59733837842941284,0.78968656063079834),(0.59733837842941284,0.),(0.,0.),(0.,0.02500000037252903),(0.57233837805688381,0.02500000037252903),(0.57233837805688381,0.76468656025826931),(0.,0.76468656025826931)));
#4510=IFCINDEXEDPOLYCURVE(#4509,(IFCLINEINDEX((1,2,3,4,5,6,7,8,1))),$);
#4511=IFCARBITRARYCLOSEDPROFILEDEF(.AREA.,$,#4510);
#4512=IFCCARTESIANPOINT((0.52921241521835327,0.090000001713633537,0.));
#4513=IFCDIRECTION((0.,-1.,0.));
#4514=IFCDIRECTION((1.,0.,0.));
#4515=IFCAXIS2PLACEMENT3D(#4512,#4513,#4514);
#4516=IFCDIRECTION((0.,0.,-1.));
#4517=IFCEXTRUDEDAREASOLID(#4511,#4515,#4516,0.0099999997764825821);
#4518=IFCCARTESIANPOINTLIST2D(((0.,0.),(0.59733837842941284,0.),(0.59733837842941284,0.78968656063079834),(0.,0.78968656063079834)));
#4519=IFCINDEXEDPOLYCURVE(#4518,(IFCLINEINDEX((1,2,3,4,1))),$);
#4520=IFCCARTESIANPOINTLIST2D(((0.02500000037252903,0.05000000074505806),(0.54733837768435478,0.05000000074505806),(0.54733837768435478,0.73968655988574028),(0.02500000037252903,0.73968655988574028)));
#4521=IFCINDEXEDPOLYCURVE(#4520,(IFCLINEINDEX((1,2,3,4,1))),$);
#4522=IFCARBITRARYPROFILEDEFWITHVOIDS(.AREA.,$,#4519,(#4521));
#4523=IFCCARTESIANPOINT((0.52921241521835327,0.05000000074505806,0.));
#4524=IFCDIRECTION((0.,-1.,0.));
#4525=IFCDIRECTION((1.,0.,0.));
#4526=IFCAXIS2PLACEMENT3D(#4523,#4524,#4525);
#4527=IFCDIRECTION((0.,0.,-1.));
#4528=IFCEXTRUDEDAREASOLID(#4522,#4526,#4527,0.040000000968575478);
#4529=IFCCARTESIANPOINTLIST2D(((0.,0.),(0.57233837805688381,0.),(0.57233837805688381,0.73968655988574028),(0.,0.73968655988574028)));
#4530=IFCINDEXEDPOLYCURVE(#4529,(IFCLINEINDEX((1,2,3,4,1))),$);
#4531=IFCCARTESIANPOINTLIST2D(((0.035000000149011612,0.035000000149011612),(0.5373383779078722,0.035000000149011612),(0.5373383779078722,0.70468655973672867),(0.035000000149011612,0.70468655973672867)));
#4532=IFCINDEXEDPOLYCURVE(#4531,(IFCLINEINDEX((1,2,3,4,1))),$);
#4533=IFCARBITRARYPROFILEDEFWITHVOIDS(.AREA.,$,#4530,(#4532));
#4534=IFCCARTESIANPOINT((0.52921241521835327,0.090000001713633537,0.02500000037252903));
#4535=IFCDIRECTION((0.,-1.,0.));
#4536=IFCDIRECTION((1.,0.,0.));
#4537=IFCAXIS2PLACEMENT3D(#4534,#4535,#4536);
#4538=IFCDIRECTION((0.,0.,-1.));
#4539=IFCEXTRUDEDAREASOLID(#4533,#4537,#4538,0.035000000149011612);
#4540=IFCINDEXEDPOLYCURVE(#4541,(IFCLINEINDEX((1,2,3,4,1))),$);
#4541=IFCCARTESIANPOINTLIST2D(((0.035000000149011612,0.035000000149011612),(0.5373383779078722,0.035000000149011612),(0.5373383779078722,0.70468655973672867),(0.035000000149011612,0.70468655973672867)));
#4542=IFCARBITRARYCLOSEDPROFILEDEF(.AREA.,$,#4540);
#4543=IFCCARTESIANPOINT((0.52921241521835327,0.10250000178813934,0.02500000037252903));
#4544=IFCDIRECTION((0.,-1.,0.));
#4545=IFCDIRECTION((1.,0.,0.));
#4546=IFCAXIS2PLACEMENT3D(#4543,#4544,#4545);
#4547=IFCDIRECTION((0.,0.,-1.));
#4548=IFCEXTRUDEDAREASOLID(#4542,#4546,#4547,0.01);
#4623=IFCCARTESIANPOINTLIST3D(((0.,0.,0.),(1.1265507936477661,0.,0.),(1.1265507936477661,0.,0.78968656063079834),(0.,0.,0.78968656063079834)));
#4624=IFCINDEXEDPOLYCURVE(#4623,(IFCLINEINDEX((1,2,3,4,1))),$);
#4625=IFCSHAPEREPRESENTATION(#18,'Profile','Curve3D',(#4624));
#4626=IFCCARTESIANPOINTLIST2D(((0.52921241521835327,0.),(0.,0.),(0.,0.78968656063079834),(0.52921241521835327,0.78968656063079834),(0.52921241521835327,0.76468656025826931),(0.02500000037252903,0.76468656025826931),(0.02500000037252903,0.02500000037252903),(0.52921241521835327,0.02500000037252903)));
#4627=IFCINDEXEDPOLYCURVE(#4626,(IFCLINEINDEX((1,2,3,4,5,6,7,8,1))),$);
#4628=IFCARBITRARYCLOSEDPROFILEDEF(.AREA.,$,#4627);
#4629=IFCCARTESIANPOINT((0.,0.090000001713633537,0.));
#4630=IFCDIRECTION((0.,-1.,0.));
#4631=IFCDIRECTION((1.,0.,0.));
#4632=IFCAXIS2PLACEMENT3D(#4629,#4630,#4631);
#4633=IFCDIRECTION((0.,0.,-1.));
#4634=IFCEXTRUDEDAREASOLID(#4628,#4632,#4633,0.0099999997764825821);
#4635=IFCCARTESIANPOINTLIST2D(((0.,0.),(0.52921241521835327,0.),(0.52921241521835327,0.78968656063079834),(0.,0.78968656063079834)));
#4636=IFCINDEXEDPOLYCURVE(#4635,(IFCLINEINDEX((1,2,3,4,1))),$);
#4637=IFCCARTESIANPOINTLIST2D(((0.05000000074505806,0.05000000074505806),(0.50421241484582424,0.05000000074505806),(0.50421241484582424,0.73968655988574028),(0.05000000074505806,0.73968655988574028)));
#4638=IFCINDEXEDPOLYCURVE(#4637,(IFCLINEINDEX((1,2,3,4,1))),$);
#4639=IFCARBITRARYPROFILEDEFWITHVOIDS(.AREA.,$,#4636,(#4638));
#4640=IFCCARTESIANPOINT((0.,0.05000000074505806,0.));
#4641=IFCDIRECTION((0.,-1.,0.));
#4642=IFCDIRECTION((1.,0.,0.));
#4643=IFCAXIS2PLACEMENT3D(#4640,#4641,#4642);
#4644=IFCDIRECTION((0.,0.,-1.));
#4645=IFCEXTRUDEDAREASOLID(#4639,#4643,#4644,0.040000000968575478);
#4646=IFCCARTESIANPOINTLIST2D(((0.,0.),(0.50421241484582424,0.),(0.50421241484582424,0.73968655988574028),(0.,0.73968655988574028)));
#4647=IFCINDEXEDPOLYCURVE(#4646,(IFCLINEINDEX((1,2,3,4,1))),$);
#4648=IFCCARTESIANPOINTLIST2D(((0.035000000149011612,0.035000000149011612),(0.46921241469681263,0.035000000149011612),(0.46921241469681263,0.70468655973672867),(0.035000000149011612,0.70468655973672867)));
#4649=IFCINDEXEDPOLYCURVE(#4648,(IFCLINEINDEX((1,2,3,4,1))),$);
#4650=IFCARBITRARYPROFILEDEFWITHVOIDS(.AREA.,$,#4647,(#4649));
#4651=IFCCARTESIANPOINT((0.02500000037252903,0.090000001713633537,0.02500000037252903));
#4652=IFCDIRECTION((0.,-1.,0.));
#4653=IFCDIRECTION((1.,0.,0.));
#4654=IFCAXIS2PLACEMENT3D(#4651,#4652,#4653);
#4655=IFCDIRECTION((0.,0.,-1.));
#4656=IFCEXTRUDEDAREASOLID(#4650,#4654,#4655,0.035000000149011612);
#4657=IFCINDEXEDPOLYCURVE(#4658,(IFCLINEINDEX((1,2,3,4,1))),$);
#4658=IFCCARTESIANPOINTLIST2D(((0.035000000149011612,0.035000000149011612),(0.46921241469681263,0.035000000149011612),(0.46921241469681263,0.70468655973672867),(0.035000000149011612,0.70468655973672867)));
#4659=IFCARBITRARYCLOSEDPROFILEDEF(.AREA.,$,#4657);
#4660=IFCCARTESIANPOINT((0.02500000037252903,0.10250000178813934,0.02500000037252903));
#4661=IFCDIRECTION((0.,-1.,0.));
#4662=IFCDIRECTION((1.,0.,0.));
#4663=IFCAXIS2PLACEMENT3D(#4660,#4661,#4662);
#4664=IFCDIRECTION((0.,0.,-1.));
#4665=IFCEXTRUDEDAREASOLID(#4659,#4663,#4664,0.01);
#4666=IFCCARTESIANPOINTLIST2D(((0.,0.78968656063079834),(0.59733837842941284,0.78968656063079834),(0.59733837842941284,0.),(0.,0.),(0.,0.02500000037252903),(0.57233837805688381,0.02500000037252903),(0.57233837805688381,0.76468656025826931),(0.,0.76468656025826931)));
#4667=IFCINDEXEDPOLYCURVE(#4666,(IFCLINEINDEX((1,2,3,4,5,6,7,8,1))),$);
#4668=IFCARBITRARYCLOSEDPROFILEDEF(.AREA.,$,#4667);
#4669=IFCCARTESIANPOINT((0.52921241521835327,0.090000001713633537,0.));
#4670=IFCDIRECTION((0.,-1.,0.));
#4671=IFCDIRECTION((1.,0.,0.));
#4672=IFCAXIS2PLACEMENT3D(#4669,#4670,#4671);
#4673=IFCDIRECTION((0.,0.,-1.));
#4674=IFCEXTRUDEDAREASOLID(#4668,#4672,#4673,0.0099999997764825821);
#4675=IFCCARTESIANPOINTLIST2D(((0.,0.),(0.59733837842941284,0.),(0.59733837842941284,0.78968656063079834),(0.,0.78968656063079834)));
#4676=IFCINDEXEDPOLYCURVE(#4675,(IFCLINEINDEX((1,2,3,4,1))),$);
#4677=IFCCARTESIANPOINTLIST2D(((0.02500000037252903,0.05000000074505806),(0.54733837768435478,0.05000000074505806),(0.54733837768435478,0.73968655988574028),(0.02500000037252903,0.73968655988574028)));
#4678=IFCINDEXEDPOLYCURVE(#4677,(IFCLINEINDEX((1,2,3,4,1))),$);
#4679=IFCARBITRARYPROFILEDEFWITHVOIDS(.AREA.,$,#4676,(#4678));
#4680=IFCCARTESIANPOINT((0.52921241521835327,0.05000000074505806,0.));
#4681=IFCDIRECTION((0.,-1.,0.));
#4682=IFCDIRECTION((1.,0.,0.));
#4683=IFCAXIS2PLACEMENT3D(#4680,#4681,#4682);
#4684=IFCDIRECTION((0.,0.,-1.));
#4685=IFCEXTRUDEDAREASOLID(#4679,#4683,#4684,0.040000000968575478);
#4686=IFCCARTESIANPOINTLIST2D(((0.,0.),(0.57233837805688381,0.),(0.57233837805688381,0.73968655988574028),(0.,0.73968655988574028)));
#4687=IFCINDEXEDPOLYCURVE(#4686,(IFCLINEINDEX((1,2,3,4,1))),$);
#4688=IFCCARTESIANPOINTLIST2D(((0.035000000149011612,0.035000000149011612),(0.5373383779078722,0.035000000149011612),(0.5373383779078722,0.70468655973672867),(0.035000000149011612,0.70468655973672867)));
#4689=IFCINDEXEDPOLYCURVE(#4688,(IFCLINEINDEX((1,2,3,4,1))),$);
#4690=IFCARBITRARYPROFILEDEFWITHVOIDS(.AREA.,$,#4687,(#4689));
#4691=IFCCARTESIANPOINT((0.52921241521835327,0.090000001713633537,0.02500000037252903));
#4692=IFCDIRECTION((0.,-1.,0.));
#4693=IFCDIRECTION((1.,0.,0.));
#4694=IFCAXIS2PLACEMENT3D(#4691,#4692,#4693);
#4695=IFCDIRECTION((0.,0.,-1.));
#4696=IFCEXTRUDEDAREASOLID(#4690,#4694,#4695,0.035000000149011612);
#4697=IFCINDEXEDPOLYCURVE(#4698,(IFCLINEINDEX((1,2,3,4,1))),$);
#4698=IFCCARTESIANPOINTLIST2D(((0.035000000149011612,0.035000000149011612),(0.5373383779078722,0.035000000149011612),(0.5373383779078722,0.70468655973672867),(0.035000000149011612,0.70468655973672867)));
#4699=IFCARBITRARYCLOSEDPROFILEDEF(.AREA.,$,#4697);
#4700=IFCCARTESIANPOINT((0.52921241521835327,0.10250000178813934,0.02500000037252903));
#4701=IFCDIRECTION((0.,-1.,0.));
#4702=IFCDIRECTION((1.,0.,0.));
#4703=IFCAXIS2PLACEMENT3D(#4700,#4701,#4702);
#4704=IFCDIRECTION((0.,0.,-1.));
#4705=IFCEXTRUDEDAREASOLID(#4699,#4703,#4704,0.01);
#4706=IFCSHAPEREPRESENTATION(#11,'Body','SweptSolid',(#4634,#4645,#4656,#4665,#4674,#4685,#4696,#4705));
#4707=IFCCARTESIANPOINTLIST2D(((0.05000000074505806,0.05000000074505806),(0.50421241484582424,0.05000000074505806)));
#4708=IFCINDEXEDPOLYCURVE(#4707,$,$);
#4709=IFCCARTESIANPOINTLIST2D(((0.,0.10000000149011612),(0.02500000037252903,0.10000000149011612),(0.02500000037252903,0.090000001713633537),(0.05000000074505806,0.090000001713633537),(0.05000000074505806,0.05000000074505806),(0.,0.05000000074505806)));
#4710=IFCINDEXEDPOLYCURVE(#4709,(IFCLINEINDEX((1,2,3,4,5,6,1))),$);
#4711=IFCCARTESIANPOINTLIST2D(((0.52921241521835327,0.10000000149011612),(0.52921241521835327,0.10000000149011612),(0.52921241521835327,0.090000001713633537),(0.50421241484582424,0.090000001713633537),(0.50421241484582424,0.05000000074505806),(0.52921241521835327,0.05000000074505806)));
#4712=IFCINDEXEDPOLYCURVE(#4711,$,$);
#4713=IFCCARTESIANPOINTLIST2D(((0.02500000037252903,0.090000001713633537),(0.060000000521540642,0.090000001713633537),(0.060000000521540642,0.12500000186264515),(0.02500000037252903,0.12500000186264515)));
#4714=IFCINDEXEDPOLYCURVE(#4713,(IFCLINEINDEX((1,2,3,4,1))),$);
#4715=IFCINDEXEDPOLYCURVE(#4716,(IFCLINEINDEX((1,2,3,4,1))),$);
#4716=IFCCARTESIANPOINTLIST2D(((0.52921241521835327,0.090000001713633537),(0.49421241506934166,0.090000001713633537),(0.49421241506934166,0.12500000186264515),(0.52921241521835327,0.12500000186264515)));
#4717=IFCCARTESIANPOINTLIST2D(((0.060000000521540642,0.090000001713633537),(0.49421241506934166,0.090000001713633537)));
#4718=IFCINDEXEDPOLYCURVE(#4717,$,$);
#4719=IFCINDEXEDPOLYCURVE(#4720,$,$);
#4720=IFCCARTESIANPOINTLIST2D(((0.060000000521540642,0.12500000186264515),(0.49421241506934166,0.12500000186264515)));
#4721=IFCINDEXEDPOLYCURVE(#4722,$,$);
#4722=IFCCARTESIANPOINTLIST2D(((0.060000000521540642,0.10750000178813934),(0.49421241506934166,0.10750000178813934)));
#4723=IFCCARTESIANPOINTLIST2D(((0.5542124155908823,0.05000000074505806),(1.0765507929027081,0.05000000074505806)));
#4724=IFCINDEXEDPOLYCURVE(#4723,$,$);
#4725=IFCCARTESIANPOINTLIST2D(((0.52921241521835327,0.10000000149011612),(0.52921241521835327,0.10000000149011612),(0.52921241521835327,0.090000001713633537),(0.5542124155908823,0.090000001713633537),(0.5542124155908823,0.05000000074505806),(0.52921241521835327,0.05000000074505806)));
#4726=IFCINDEXEDPOLYCURVE(#4725,$,$);
#4727=IFCCARTESIANPOINTLIST2D(((1.1265507936477661,0.10000000149011612),(1.1015507932752371,0.10000000149011612),(1.1015507932752371,0.090000001713633537),(1.0765507929027081,0.090000001713633537),(1.0765507929027081,0.05000000074505806),(1.1265507936477661,0.05000000074505806)));
#4728=IFCINDEXEDPOLYCURVE(#4727,(IFCLINEINDEX((1,2,3,4,5,6,1))),$);
#4729=IFCCARTESIANPOINTLIST2D(((0.52921241521835327,0.090000001713633537),(0.56421241536736488,0.090000001713633537),(0.56421241536736488,0.12500000186264515),(0.52921241521835327,0.12500000186264515)));
#4730=IFCINDEXEDPOLYCURVE(#4729,(IFCLINEINDEX((1,2,3,4,1))),$);
#4731=IFCINDEXEDPOLYCURVE(#4732,(IFCLINEINDEX((1,2,3,4,1))),$);
#4732=IFCCARTESIANPOINTLIST2D(((1.1015507932752371,0.090000001713633537),(1.0665507931262255,0.090000001713633537),(1.0665507931262255,0.12500000186264515),(1.1015507932752371,0.12500000186264515)));
#4733=IFCCARTESIANPOINTLIST2D(((0.56421241536736488,0.090000001713633537),(1.0665507931262255,0.090000001713633537)));
#4734=IFCINDEXEDPOLYCURVE(#4733,$,$);
#4735=IFCINDEXEDPOLYCURVE(#4736,$,$);
#4736=IFCCARTESIANPOINTLIST2D(((0.56421241536736488,0.12500000186264515),(1.0665507931262255,0.12500000186264515)));
#4737=IFCINDEXEDPOLYCURVE(#4738,$,$);
#4738=IFCCARTESIANPOINTLIST2D(((0.56421241536736488,0.10750000178813934),(1.0665507931262255,0.10750000178813934)));
#4739=IFCSHAPEREPRESENTATION(#24,'Body','Curve2D',(#4708,#4710,#4712,#4714,#4715,#4718,#4719,#4721,#4724,#4726,#4728,#4730,#4731,#4734,#4735,#4737));
#4740=IFCCARTESIANPOINTLIST2D(((0.,0.),(1.1265507936477661,0.),(1.1265507936477661,0.78968656063079834),(0.,0.78968656063079834)));
#4741=IFCINDEXEDPOLYCURVE(#4740,(IFCLINEINDEX((1,2,3,4,1))),$);
#4742=IFCARBITRARYCLOSEDPROFILEDEF(.AREA.,$,#4741);
#4743=IFCCARTESIANPOINT((0.,-0.60000002384185791,0.));
#4744=IFCDIRECTION((0.,-1.,0.));
#4745=IFCDIRECTION((1.,0.,0.));
#4746=IFCAXIS2PLACEMENT3D(#4743,#4744,#4745);
#4747=IFCDIRECTION((0.,0.,-1.));
#4748=IFCEXTRUDEDAREASOLID(#4742,#4746,#4747,1.2);
#4749=IFCSHAPEREPRESENTATION(#11,'Body','SweptSolid',(#4748));
#4755=IFCCARTESIANPOINT((1.0857308753400052,1.1026859283447266E-06,1.));
#4756=IFCDIRECTION((0.,0.,1.));
#4757=IFCDIRECTION((0.99999999999988631,-4.7683715820307079E-07,0.));
#4758=IFCAXIS2PLACEMENT3D(#4755,#4756,#4757);
#4759=IFCLOCALPLACEMENT(#560,#4758);
#4760=IFCCARTESIANPOINT((0.,0.,0.));
#4761=IFCDIRECTION((0.,0.,1.));
#4762=IFCDIRECTION((1.,0.,0.));
#4763=IFCAXIS2PLACEMENT3D(#4760,#4761,#4762);
#4764=IFCLOCALPLACEMENT(#4759,#4763);
#4903=IFCWINDOWTYPE('3wdmEAMOLE5AKqKN4oCZeD',$,'Guest - 2 - GF',$,$,(#4904),(#4906,#4914,#4962),$,$,.WINDOW.,.SINGLE_PANEL.,$,$);
#4904=IFCPROPERTYSET('2CZSQQ36vAsu$rmK6gUoqf',$,'BBIM_Window',$,(#4905));
#4905=IFCPROPERTYSINGLEVALUE('Data',$,IFCTEXT('{"window_type": "SINGLE_PANEL", "overall_height": 0.7896865606307983, "overall_width": 0.7852152585983276, "lining_properties": {"lining_depth": 0.05000000074505806, "lining_thickness": 0.05000000074505806, "lining_offset": 0.05000000074505806, "lining_to_panel_offset_x": 0.02500000037252903, "lining_to_panel_offset_y": 0.02500000037252903}, "panel_properties": {"frame_depth": [0.03500000014901161, 0.03500000014901161, 0.03500000014901161], "frame_thickness": [0.03500000014901161, 0.03500000014901161, 0.03500000014901161]}}'),$);
#4906=IFCREPRESENTATIONMAP(#4907,#5067);
#4907=IFCAXIS2PLACEMENT3D(#4908,#4909,#4910);
#4908=IFCCARTESIANPOINT((0.,0.,0.));
#4909=IFCDIRECTION((0.,0.,1.));
#4910=IFCDIRECTION((1.,0.,0.));
#4914=IFCREPRESENTATIONMAP(#4915,#5110);
#4915=IFCAXIS2PLACEMENT3D(#4916,#4917,#4918);
#4916=IFCCARTESIANPOINT((0.,0.,0.));
#4917=IFCDIRECTION((0.,0.,1.));
#4918=IFCDIRECTION((1.,0.,0.));
#4962=IFCREPRESENTATIONMAP(#4963,#5133);
#4963=IFCAXIS2PLACEMENT3D(#4964,#4965,#4966);
#4964=IFCCARTESIANPOINT((0.,0.,0.));
#4965=IFCDIRECTION((0.,0.,1.));
#4966=IFCDIRECTION((1.,0.,0.));
#4984=IFCWINDOW('2PPZA3pRz2awicsEuXhPBP',$,'Window',$,$,#5158,#4994,$,0.78968656063079834,0.78521525859832764,$,.SINGLE_PANEL.,$);
#4986=IFCRELDEFINESBYTYPE('0kExn$h3HDfRkci$6akDHZ',$,$,$,(#4984),#4903);
#4987=IFCCARTESIANPOINT((0.,0.,0.));
#4988=IFCDIRECTION((1.,0.,0.));
#4989=IFCDIRECTION((0.,1.,0.));
#4990=IFCDIRECTION((0.,0.,1.));
#4991=IFCCARTESIANTRANSFORMATIONOPERATOR3D(#4988,#4989,#4987,1.,#4990);
#4992=IFCMAPPEDITEM(#4906,#4991);
#4993=IFCSHAPEREPRESENTATION(#18,'Profile','MappedRepresentation',(#4992));
#4994=IFCPRODUCTDEFINITIONSHAPE($,$,(#4993,#5001,#5008));
#4995=IFCCARTESIANPOINT((0.,0.,0.));
#4996=IFCDIRECTION((1.,0.,0.));
#4997=IFCDIRECTION((0.,1.,0.));
#4998=IFCDIRECTION((0.,0.,1.));
#4999=IFCCARTESIANTRANSFORMATIONOPERATOR3D(#4996,#4997,#4995,1.,#4998);
#5000=IFCMAPPEDITEM(#4914,#4999);
#5001=IFCSHAPEREPRESENTATION(#11,'Body','MappedRepresentation',(#5000));
#5002=IFCCARTESIANPOINT((0.,0.,0.));
#5003=IFCDIRECTION((1.,0.,0.));
#5004=IFCDIRECTION((0.,1.,0.));
#5005=IFCDIRECTION((0.,0.,1.));
#5006=IFCCARTESIANTRANSFORMATIONOPERATOR3D(#5003,#5004,#5002,1.,#5005);
#5007=IFCMAPPEDITEM(#4962,#5006);
#5008=IFCSHAPEREPRESENTATION(#24,'Body','MappedRepresentation',(#5007));
#5009=IFCOPENINGELEMENT('2xJocuz5H8i8TG3plPFppy',$,'Opening',$,$,#5153,#5037,$,.OPENING.);
#5025=IFCCARTESIANPOINT((0.,0.,0.));
#5026=IFCDIRECTION((1.,0.,0.));
#5027=IFCDIRECTION((0.,0.,1.));
#5028=IFCAXIS2PLACEMENT3D(#5025,#5027,#5026);
#5029=IFCREPRESENTATIONMAP(#5028,#5143);
#5030=IFCCARTESIANPOINT((0.,0.,0.));
#5031=IFCDIRECTION((1.,0.,0.));
#5032=IFCDIRECTION((0.,1.,0.));
#5033=IFCDIRECTION((0.,0.,1.));
#5034=IFCCARTESIANTRANSFORMATIONOPERATOR3D(#5031,#5032,#5030,1.,#5033);
#5035=IFCMAPPEDITEM(#5029,#5034);
#5036=IFCSHAPEREPRESENTATION(#11,'Body','MappedRepresentation',(#5035));
#5037=IFCPRODUCTDEFINITIONSHAPE($,$,(#5036));
#5038=IFCRELVOIDSELEMENT('3JHFMdwK13Rw6JGusRs4S7',$,$,$,#253,#5009);
#5044=IFCRELFILLSELEMENT('3xGLhFWU5BnAEnx1R88l98',$,$,$,#5009,#4984);
#5065=IFCCARTESIANPOINTLIST3D(((0.,0.,0.),(0.78521525859832764,0.,0.),(0.78521525859832764,0.,0.78968656063079834),(0.,0.,0.78968656063079834)));
#5066=IFCINDEXEDPOLYCURVE(#5065,(IFCLINEINDEX((1,2,3,4,1))),$);
#5067=IFCSHAPEREPRESENTATION(#18,'Profile','Curve3D',(#5066));
#5068=IFCCARTESIANPOINTLIST2D(((0.,0.),(0.78521525859832764,0.),(0.78521525859832764,0.78968656063079834),(0.,0.78968656063079834)));
#5069=IFCINDEXEDPOLYCURVE(#5068,(IFCLINEINDEX((1,2,3,4,1))),$);
#5070=IFCCARTESIANPOINTLIST2D(((0.02500000037252903,0.02500000037252903),(0.76021525822579861,0.02500000037252903),(0.76021525822579861,0.76468656025826931),(0.02500000037252903,0.76468656025826931)));
#5071=IFCINDEXEDPOLYCURVE(#5070,(IFCLINEINDEX((1,2,3,4,1))),$);
#5072=IFCARBITRARYPROFILEDEFWITHVOIDS(.AREA.,$,#5069,(#5071));
#5073=IFCCARTESIANPOINT((0.,0.090000001713633537,0.));
#5074=IFCDIRECTION((0.,-1.,0.));
#5075=IFCDIRECTION((1.,0.,0.));
#5076=IFCAXIS2PLACEMENT3D(#5073,#5074,#5075);
#5077=IFCDIRECTION((0.,0.,-1.));
#5078=IFCEXTRUDEDAREASOLID(#5072,#5076,#5077,0.0099999997764825821);
#5079=IFCCARTESIANPOINTLIST2D(((0.,0.),(0.78521525859832764,0.),(0.78521525859832764,0.78968656063079834),(0.,0.78968656063079834)));
#5080=IFCINDEXEDPOLYCURVE(#5079,(IFCLINEINDEX((1,2,3,4,1))),$);
#5081=IFCCARTESIANPOINTLIST2D(((0.05000000074505806,0.05000000074505806),(0.73521525785326958,0.05000000074505806),(0.73521525785326958,0.73968655988574028),(0.05000000074505806,0.73968655988574028)));
#5082=IFCINDEXEDPOLYCURVE(#5081,(IFCLINEINDEX((1,2,3,4,1))),$);
#5083=IFCARBITRARYPROFILEDEFWITHVOIDS(.AREA.,$,#5080,(#5082));
#5084=IFCCARTESIANPOINT((0.,0.05000000074505806,0.));
#5085=IFCDIRECTION((0.,-1.,0.));
#5086=IFCDIRECTION((1.,0.,0.));
#5087=IFCAXIS2PLACEMENT3D(#5084,#5085,#5086);
#5088=IFCDIRECTION((0.,0.,-1.));
#5089=IFCEXTRUDEDAREASOLID(#5083,#5087,#5088,0.040000000968575478);
#5090=IFCCARTESIANPOINTLIST2D(((0.,0.),(0.73521525785326958,0.),(0.73521525785326958,0.73968655988574028),(0.,0.73968655988574028)));
#5091=IFCINDEXEDPOLYCURVE(#5090,(IFCLINEINDEX((1,2,3,4,1))),$);
#5092=IFCCARTESIANPOINTLIST2D(((0.035000000149011612,0.035000000149011612),(0.70021525770425797,0.035000000149011612),(0.70021525770425797,0.70468655973672867),(0.035000000149011612,0.70468655973672867)));
#5093=IFCINDEXEDPOLYCURVE(#5092,(IFCLINEINDEX((1,2,3,4,1))),$);
#5094=IFCARBITRARYPROFILEDEFWITHVOIDS(.AREA.,$,#5091,(#5093));
#5095=IFCCARTESIANPOINT((0.02500000037252903,0.090000001713633537,0.02500000037252903));
#5096=IFCDIRECTION((0.,-1.,0.));
#5097=IFCDIRECTION((1.,0.,0.));
#5098=IFCAXIS2PLACEMENT3D(#5095,#5096,#5097);
#5099=IFCDIRECTION((0.,0.,-1.));
#5100=IFCEXTRUDEDAREASOLID(#5094,#5098,#5099,0.035000000149011612);
#5101=IFCINDEXEDPOLYCURVE(#5102,(IFCLINEINDEX((1,2,3,4,1))),$);
#5102=IFCCARTESIANPOINTLIST2D(((0.035000000149011612,0.035000000149011612),(0.70021525770425797,0.035000000149011612),(0.70021525770425797,0.70468655973672867),(0.035000000149011612,0.70468655973672867)));
#5103=IFCARBITRARYCLOSEDPROFILEDEF(.AREA.,$,#5101);
#5104=IFCCARTESIANPOINT((0.02500000037252903,0.10250000178813934,0.02500000037252903));
#5105=IFCDIRECTION((0.,-1.,0.));
#5106=IFCDIRECTION((1.,0.,0.));
#5107=IFCAXIS2PLACEMENT3D(#5104,#5105,#5106);
#5108=IFCDIRECTION((0.,0.,-1.));
#5109=IFCEXTRUDEDAREASOLID(#5103,#5107,#5108,0.01);
#5110=IFCSHAPEREPRESENTATION(#11,'Body','SweptSolid',(#5078,#5089,#5100,#5109));
#5111=IFCSHAPEREPRESENTATION(#11,'Body','SweptSolid',(#5078,#5089));
#5112=IFCSHAPEASPECT((#5111),'Lining',$,.T.,#4994);
#5113=IFCSHAPEREPRESENTATION(#11,'Body','SweptSolid',(#5100));
#5114=IFCSHAPEASPECT((#5113),'Framing',$,.T.,#4994);
#5115=IFCSHAPEREPRESENTATION(#11,'Body','SweptSolid',(#5109));
#5116=IFCSHAPEASPECT((#5115),'Glazing',$,.T.,#4994);
#5117=IFCCARTESIANPOINTLIST2D(((0.05000000074505806,0.05000000074505806),(0.73521525785326958,0.05000000074505806)));
#5118=IFCINDEXEDPOLYCURVE(#5117,$,$);
#5119=IFCCARTESIANPOINTLIST2D(((0.,0.10000000149011612),(0.02500000037252903,0.10000000149011612),(0.02500000037252903,0.090000001713633537),(0.05000000074505806,0.090000001713633537),(0.05000000074505806,0.05000000074505806),(0.,0.05000000074505806)));
#5120=IFCINDEXEDPOLYCURVE(#5119,(IFCLINEINDEX((1,2,3,4,5,6,1))),$);
#5121=IFCCARTESIANPOINTLIST2D(((0.78521525859832764,0.10000000149011612),(0.76021525822579861,0.10000000149011612),(0.76021525822579861,0.090000001713633537),(0.73521525785326958,0.090000001713633537),(0.73521525785326958,0.05000000074505806),(0.78521525859832764,0.05000000074505806)));
#5122=IFCINDEXEDPOLYCURVE(#5121,(IFCLINEINDEX((1,2,3,4,5,6,1))),$);
#5123=IFCCARTESIANPOINTLIST2D(((0.02500000037252903,0.090000001713633537),(0.060000000521540642,0.090000001713633537),(0.060000000521540642,0.12500000186264515),(0.02500000037252903,0.12500000186264515)));
#5124=IFCINDEXEDPOLYCURVE(#5123,(IFCLINEINDEX((1,2,3,4,1))),$);
#5125=IFCINDEXEDPOLYCURVE(#5126,(IFCLINEINDEX((1,2,3,4,1))),$);
#5126=IFCCARTESIANPOINTLIST2D(((0.76021525822579861,0.090000001713633537),(0.72521525807678699,0.090000001713633537),(0.72521525807678699,0.12500000186264515),(0.76021525822579861,0.12500000186264515)));
#5127=IFCCARTESIANPOINTLIST2D(((0.060000000521540642,0.090000001713633537),(0.72521525807678699,0.090000001713633537)));
#5128=IFCINDEXEDPOLYCURVE(#5127,$,$);
#5129=IFCINDEXEDPOLYCURVE(#5130,$,$);
#5130=IFCCARTESIANPOINTLIST2D(((0.060000000521540642,0.12500000186264515),(0.72521525807678699,0.12500000186264515)));
#5131=IFCINDEXEDPOLYCURVE(#5132,$,$);
#5132=IFCCARTESIANPOINTLIST2D(((0.060000000521540642,0.10750000178813934),(0.72521525807678699,0.10750000178813934)));
#5133=IFCSHAPEREPRESENTATION(#24,'Body','Curve2D',(#5118,#5120,#5122,#5124,#5125,#5128,#5129,#5131));
#5134=IFCCARTESIANPOINTLIST2D(((0.,0.),(0.78521525859832764,0.),(0.78521525859832764,0.78968656063079834),(0.,0.78968656063079834)));
#5135=IFCINDEXEDPOLYCURVE(#5134,(IFCLINEINDEX((1,2,3,4,1))),$);
#5136=IFCARBITRARYCLOSEDPROFILEDEF(.AREA.,$,#5135);
#5137=IFCCARTESIANPOINT((0.,-0.60000002384185791,0.));
#5138=IFCDIRECTION((0.,-1.,0.));
#5139=IFCDIRECTION((1.,0.,0.));
#5140=IFCAXIS2PLACEMENT3D(#5137,#5138,#5139);
#5141=IFCDIRECTION((0.,0.,-1.));
#5142=IFCEXTRUDEDAREASOLID(#5136,#5140,#5141,1.2);
#5143=IFCSHAPEREPRESENTATION(#11,'Body','SweptSolid',(#5142));
#5149=IFCCARTESIANPOINT((3.0669110337801686,7.2212903701185382E-07,1.));
#5150=IFCDIRECTION((0.,0.,1.));
#5151=IFCDIRECTION((0.99999999999999289,1.1920928244535129E-07,0.));
#5152=IFCAXIS2PLACEMENT3D(#5149,#5150,#5151);
#5153=IFCLOCALPLACEMENT(#528,#5152);
#5154=IFCCARTESIANPOINT((-8.8817841970012523E-16,0.,0.));
#5155=IFCDIRECTION((0.,0.,1.));
#5156=IFCDIRECTION((1.,0.,0.));
#5157=IFCAXIS2PLACEMENT3D(#5154,#5155,#5156);
#5158=IFCLOCALPLACEMENT(#5153,#5157);
#5159=IFCWINDOWTYPE('0OyXHgulP3sP5qVY$o8r67',$,'Maid''s - GF',$,$,(#5160),(#5162,#5170,#5218),$,$,.WINDOW.,.SINGLE_PANEL.,$,$);
#5160=IFCPROPERTYSET('3dzLRXcWf2dRUsCnWjKwmR',$,'BBIM_Window',$,(#5161));
#5161=IFCPROPERTYSINGLEVALUE('Data',$,IFCTEXT('{"window_type": "SINGLE_PANEL", "overall_height": 0.7896865606307983, "overall_width": 0.8013195991516113, "lining_properties": {"lining_depth": 0.05000000074505806, "lining_thickness": 0.05000000074505806, "lining_offset": 0.05000000074505806, "lining_to_panel_offset_x": 0.02500000037252903, "lining_to_panel_offset_y": 0.02500000037252903}, "panel_properties": {"frame_depth": [0.03500000014901161, 0.03500000014901161, 0.03500000014901161], "frame_thickness": [0.03500000014901161, 0.03500000014901161, 0.03500000014901161]}}'),$);
#5162=IFCREPRESENTATIONMAP(#5163,#5447);
#5163=IFCAXIS2PLACEMENT3D(#5164,#5165,#5166);
#5164=IFCCARTESIANPOINT((0.,0.,0.));
#5165=IFCDIRECTION((0.,0.,1.));
#5166=IFCDIRECTION((1.,0.,0.));
#5170=IFCREPRESENTATIONMAP(#5171,#5490);
#5171=IFCAXIS2PLACEMENT3D(#5172,#5173,#5174);
#5172=IFCCARTESIANPOINT((0.,0.,0.));
#5173=IFCDIRECTION((0.,0.,1.));
#5174=IFCDIRECTION((1.,0.,0.));
#5218=IFCREPRESENTATIONMAP(#5219,#5507);
#5219=IFCAXIS2PLACEMENT3D(#5220,#5221,#5222);
#5220=IFCCARTESIANPOINT((0.,0.,0.));
#5221=IFCDIRECTION((0.,0.,1.));
#5222=IFCDIRECTION((1.,0.,0.));
#5240=IFCWINDOW('351ocCirn7gOtnHua9j37v',$,'Window',$,$,#5532,#5250,$,0.78968656063079834,0.80131959915161133,$,.SINGLE_PANEL.,$);
#5242=IFCRELDEFINESBYTYPE('3CtZowVTjFDQA$ICLkNJ$Y',$,$,$,(#5240),#5159);
#5243=IFCCARTESIANPOINT((0.,0.,0.));
#5244=IFCDIRECTION((1.,0.,0.));
#5245=IFCDIRECTION((0.,1.,0.));
#5246=IFCDIRECTION((0.,0.,1.));
#5247=IFCCARTESIANTRANSFORMATIONOPERATOR3D(#5244,#5245,#5243,1.,#5246);
#5248=IFCMAPPEDITEM(#5162,#5247);
#5249=IFCSHAPEREPRESENTATION(#18,'Profile','MappedRepresentation',(#5248));
#5250=IFCPRODUCTDEFINITIONSHAPE($,$,(#5249,#5257,#5264));
#5251=IFCCARTESIANPOINT((0.,0.,0.));
#5252=IFCDIRECTION((1.,0.,0.));
#5253=IFCDIRECTION((0.,1.,0.));
#5254=IFCDIRECTION((0.,0.,1.));
#5255=IFCCARTESIANTRANSFORMATIONOPERATOR3D(#5252,#5253,#5251,1.,#5254);
#5256=IFCMAPPEDITEM(#5170,#5255);
#5257=IFCSHAPEREPRESENTATION(#11,'Body','MappedRepresentation',(#5256));
#5258=IFCCARTESIANPOINT((0.,0.,0.));
#5259=IFCDIRECTION((1.,0.,0.));
#5260=IFCDIRECTION((0.,1.,0.));
#5261=IFCDIRECTION((0.,0.,1.));
#5262=IFCCARTESIANTRANSFORMATIONOPERATOR3D(#5259,#5260,#5258,1.,#5261);
#5263=IFCMAPPEDITEM(#5218,#5262);
#5264=IFCSHAPEREPRESENTATION(#24,'Body','MappedRepresentation',(#5263));
#5265=IFCOPENINGELEMENT('2J_9NsDXL1z9gVn1FdQ0HM',$,'Opening',$,$,#5527,#5293,$,.OPENING.);
#5281=IFCCARTESIANPOINT((0.,0.,0.));
#5282=IFCDIRECTION((1.,0.,0.));
#5283=IFCDIRECTION((0.,0.,1.));
#5284=IFCAXIS2PLACEMENT3D(#5281,#5283,#5282);
#5285=IFCREPRESENTATIONMAP(#5284,#5517);
#5286=IFCCARTESIANPOINT((0.,0.,0.));
#5287=IFCDIRECTION((1.,0.,0.));
#5288=IFCDIRECTION((0.,1.,0.));
#5289=IFCDIRECTION((0.,0.,1.));
#5290=IFCCARTESIANTRANSFORMATIONOPERATOR3D(#5287,#5288,#5286,1.,#5289);
#5291=IFCMAPPEDITEM(#5285,#5290);
#5292=IFCSHAPEREPRESENTATION(#11,'Body','MappedRepresentation',(#5291));
#5293=IFCPRODUCTDEFINITIONSHAPE($,$,(#5292));
#5294=IFCRELVOIDSELEMENT('3N6NdYqJrAOv3EyQOCpuMU',$,$,$,#228,#5265);
#5300=IFCRELFILLSELEMENT('0bSe3OjnD7xP$MjekC5R7v',$,$,$,#5265,#5240);
#5324=IFCCARTESIANPOINTLIST2D(((0.,0.),(0.7310178279876709,0.),(0.7310178279876709,0.78968656063079834),(0.,0.78968656063079834)));
#5325=IFCINDEXEDPOLYCURVE(#5324,(IFCLINEINDEX((1,2,3,4,1))),$);
#5326=IFCCARTESIANPOINTLIST2D(((0.02500000037252903,0.02500000037252903),(0.70601782761514187,0.02500000037252903),(0.70601782761514187,0.76468656025826931),(0.02500000037252903,0.76468656025826931)));
#5327=IFCINDEXEDPOLYCURVE(#5326,(IFCLINEINDEX((1,2,3,4,1))),$);
#5328=IFCARBITRARYPROFILEDEFWITHVOIDS(.AREA.,$,#5325,(#5327));
#5329=IFCCARTESIANPOINT((0.,0.090000001713633537,0.));
#5330=IFCDIRECTION((0.,-1.,0.));
#5331=IFCDIRECTION((1.,0.,0.));
#5332=IFCAXIS2PLACEMENT3D(#5329,#5330,#5331);
#5333=IFCDIRECTION((0.,0.,-1.));
#5334=IFCEXTRUDEDAREASOLID(#5328,#5332,#5333,0.0099999997764825821);
#5335=IFCCARTESIANPOINTLIST2D(((0.,0.),(0.7310178279876709,0.),(0.7310178279876709,0.78968656063079834),(0.,0.78968656063079834)));
#5336=IFCINDEXEDPOLYCURVE(#5335,(IFCLINEINDEX((1,2,3,4,1))),$);
#5337=IFCCARTESIANPOINTLIST2D(((0.05000000074505806,0.05000000074505806),(0.68101782724261284,0.05000000074505806),(0.68101782724261284,0.73968655988574028),(0.05000000074505806,0.73968655988574028)));
#5338=IFCINDEXEDPOLYCURVE(#5337,(IFCLINEINDEX((1,2,3,4,1))),$);
#5339=IFCARBITRARYPROFILEDEFWITHVOIDS(.AREA.,$,#5336,(#5338));
#5340=IFCCARTESIANPOINT((0.,0.05000000074505806,0.));
#5341=IFCDIRECTION((0.,-1.,0.));
#5342=IFCDIRECTION((1.,0.,0.));
#5343=IFCAXIS2PLACEMENT3D(#5340,#5341,#5342);
#5344=IFCDIRECTION((0.,0.,-1.));
#5345=IFCEXTRUDEDAREASOLID(#5339,#5343,#5344,0.040000000968575478);
#5346=IFCCARTESIANPOINTLIST2D(((0.,0.),(0.68101782724261284,0.),(0.68101782724261284,0.73968655988574028),(0.,0.73968655988574028)));
#5347=IFCINDEXEDPOLYCURVE(#5346,(IFCLINEINDEX((1,2,3,4,1))),$);
#5348=IFCCARTESIANPOINTLIST2D(((0.035000000149011612,0.035000000149011612),(0.64601782709360123,0.035000000149011612),(0.64601782709360123,0.70468655973672867),(0.035000000149011612,0.70468655973672867)));
#5349=IFCINDEXEDPOLYCURVE(#5348,(IFCLINEINDEX((1,2,3,4,1))),$);
#5350=IFCARBITRARYPROFILEDEFWITHVOIDS(.AREA.,$,#5347,(#5349));
#5351=IFCCARTESIANPOINT((0.02500000037252903,0.090000001713633537,0.02500000037252903));
#5352=IFCDIRECTION((0.,-1.,0.));
#5353=IFCDIRECTION((1.,0.,0.));
#5354=IFCAXIS2PLACEMENT3D(#5351,#5352,#5353);
#5355=IFCDIRECTION((0.,0.,-1.));
#5356=IFCEXTRUDEDAREASOLID(#5350,#5354,#5355,0.035000000149011612);
#5357=IFCINDEXEDPOLYCURVE(#5358,(IFCLINEINDEX((1,2,3,4,1))),$);
#5358=IFCCARTESIANPOINTLIST2D(((0.035000000149011612,0.035000000149011612),(0.64601782709360123,0.035000000149011612),(0.64601782709360123,0.70468655973672867),(0.035000000149011612,0.70468655973672867)));
#5359=IFCARBITRARYCLOSEDPROFILEDEF(.AREA.,$,#5357);
#5360=IFCCARTESIANPOINT((0.02500000037252903,0.10250000178813934,0.02500000037252903));
#5361=IFCDIRECTION((0.,-1.,0.));
#5362=IFCDIRECTION((1.,0.,0.));
#5363=IFCAXIS2PLACEMENT3D(#5360,#5361,#5362);
#5364=IFCDIRECTION((0.,0.,-1.));
#5365=IFCEXTRUDEDAREASOLID(#5359,#5363,#5364,0.01);
#5367=IFCSHAPEREPRESENTATION(#11,'Body','SweptSolid',(#5345,#5458,#5469,#5334));
#5368=IFCSHAPEASPECT((#5367),'Lining',$,.T.,#5250);
#5369=IFCSHAPEREPRESENTATION(#11,'Body','SweptSolid',(#5480,#5356));
#5370=IFCSHAPEASPECT((#5369),'Framing',$,.T.,#5250);
#5371=IFCSHAPEREPRESENTATION(#11,'Body','SweptSolid',(#5365,#5489));
#5372=IFCSHAPEASPECT((#5371),'Glazing',$,.T.,#5250);
#5445=IFCCARTESIANPOINTLIST3D(((0.,0.,0.),(0.80131959915161133,0.,0.),(0.80131959915161133,0.,0.78968656063079834),(0.,0.,0.78968656063079834)));
#5446=IFCINDEXEDPOLYCURVE(#5445,(IFCLINEINDEX((1,2,3,4,1))),$);
#5447=IFCSHAPEREPRESENTATION(#18,'Profile','Curve3D',(#5446));
#5448=IFCCARTESIANPOINTLIST2D(((0.,0.),(0.80131959915161133,0.),(0.80131959915161133,0.78968656063079834),(0.,0.78968656063079834)));
#5449=IFCINDEXEDPOLYCURVE(#5448,(IFCLINEINDEX((1,2,3,4,1))),$);
#5450=IFCCARTESIANPOINTLIST2D(((0.02500000037252903,0.02500000037252903),(0.7763195987790823,0.02500000037252903),(0.7763195987790823,0.76468656025826931),(0.02500000037252903,0.76468656025826931)));
#5451=IFCINDEXEDPOLYCURVE(#5450,(IFCLINEINDEX((1,2,3,4,1))),$);
#5452=IFCARBITRARYPROFILEDEFWITHVOIDS(.AREA.,$,#5449,(#5451));
#5453=IFCCARTESIANPOINT((0.,0.090000001713633537,0.));
#5454=IFCDIRECTION((0.,-1.,0.));
#5455=IFCDIRECTION((1.,0.,0.));
#5456=IFCAXIS2PLACEMENT3D(#5453,#5454,#5455);
#5457=IFCDIRECTION((0.,0.,-1.));
#5458=IFCEXTRUDEDAREASOLID(#5452,#5456,#5457,0.0099999997764825821);
#5459=IFCCARTESIANPOINTLIST2D(((0.,0.),(0.80131959915161133,0.),(0.80131959915161133,0.78968656063079834),(0.,0.78968656063079834)));
#5460=IFCINDEXEDPOLYCURVE(#5459,(IFCLINEINDEX((1,2,3,4,1))),$);
#5461=IFCCARTESIANPOINTLIST2D(((0.05000000074505806,0.05000000074505806),(0.75131959840655327,0.05000000074505806),(0.75131959840655327,0.73968655988574028),(0.05000000074505806,0.73968655988574028)));
#5462=IFCINDEXEDPOLYCURVE(#5461,(IFCLINEINDEX((1,2,3,4,1))),$);
#5463=IFCARBITRARYPROFILEDEFWITHVOIDS(.AREA.,$,#5460,(#5462));
#5464=IFCCARTESIANPOINT((0.,0.05000000074505806,0.));
#5465=IFCDIRECTION((0.,-1.,0.));
#5466=IFCDIRECTION((1.,0.,0.));
#5467=IFCAXIS2PLACEMENT3D(#5464,#5465,#5466);
#5468=IFCDIRECTION((0.,0.,-1.));
#5469=IFCEXTRUDEDAREASOLID(#5463,#5467,#5468,0.040000000968575478);
#5470=IFCCARTESIANPOINTLIST2D(((0.,0.),(0.75131959840655327,0.),(0.75131959840655327,0.73968655988574028),(0.,0.73968655988574028)));
#5471=IFCINDEXEDPOLYCURVE(#5470,(IFCLINEINDEX((1,2,3,4,1))),$);
#5472=IFCCARTESIANPOINTLIST2D(((0.035000000149011612,0.035000000149011612),(0.71631959825754166,0.035000000149011612),(0.71631959825754166,0.70468655973672867),(0.035000000149011612,0.70468655973672867)));
#5473=IFCINDEXEDPOLYCURVE(#5472,(IFCLINEINDEX((1,2,3,4,1))),$);
#5474=IFCARBITRARYPROFILEDEFWITHVOIDS(.AREA.,$,#5471,(#5473));
#5475=IFCCARTESIANPOINT((0.02500000037252903,0.090000001713633537,0.02500000037252903));
#5476=IFCDIRECTION((0.,-1.,0.));
#5477=IFCDIRECTION((1.,0.,0.));
#5478=IFCAXIS2PLACEMENT3D(#5475,#5476,#5477);
#5479=IFCDIRECTION((0.,0.,-1.));
#5480=IFCEXTRUDEDAREASOLID(#5474,#5478,#5479,0.035000000149011612);
#5481=IFCINDEXEDPOLYCURVE(#5482,(IFCLINEINDEX((1,2,3,4,1))),$);
#5482=IFCCARTESIANPOINTLIST2D(((0.035000000149011612,0.035000000149011612),(0.71631959825754166,0.035000000149011612),(0.71631959825754166,0.70468655973672867),(0.035000000149011612,0.70468655973672867)));
#5483=IFCARBITRARYCLOSEDPROFILEDEF(.AREA.,$,#5481);
#5484=IFCCARTESIANPOINT((0.02500000037252903,0.10250000178813934,0.02500000037252903));
#5485=IFCDIRECTION((0.,-1.,0.));
#5486=IFCDIRECTION((1.,0.,0.));
#5487=IFCAXIS2PLACEMENT3D(#5484,#5485,#5486);
#5488=IFCDIRECTION((0.,0.,-1.));
#5489=IFCEXTRUDEDAREASOLID(#5483,#5487,#5488,0.01);
#5490=IFCSHAPEREPRESENTATION(#11,'Body','SweptSolid',(#5458,#5469,#5480,#5489));
#5491=IFCCARTESIANPOINTLIST2D(((0.05000000074505806,0.05000000074505806),(0.75131959840655327,0.05000000074505806)));
#5492=IFCINDEXEDPOLYCURVE(#5491,$,$);
#5493=IFCCARTESIANPOINTLIST2D(((0.,0.10000000149011612),(0.02500000037252903,0.10000000149011612),(0.02500000037252903,0.090000001713633537),(0.05000000074505806,0.090000001713633537),(0.05000000074505806,0.05000000074505806),(0.,0.05000000074505806)));
#5494=IFCINDEXEDPOLYCURVE(#5493,(IFCLINEINDEX((1,2,3,4,5,6,1))),$);
#5495=IFCCARTESIANPOINTLIST2D(((0.80131959915161133,0.10000000149011612),(0.7763195987790823,0.10000000149011612),(0.7763195987790823,0.090000001713633537),(0.75131959840655327,0.090000001713633537),(0.75131959840655327,0.05000000074505806),(0.80131959915161133,0.05000000074505806)));
#5496=IFCINDEXEDPOLYCURVE(#5495,(IFCLINEINDEX((1,2,3,4,5,6,1))),$);
#5497=IFCCARTESIANPOINTLIST2D(((0.02500000037252903,0.090000001713633537),(0.060000000521540642,0.090000001713633537),(0.060000000521540642,0.12500000186264515),(0.02500000037252903,0.12500000186264515)));
#5498=IFCINDEXEDPOLYCURVE(#5497,(IFCLINEINDEX((1,2,3,4,1))),$);
#5499=IFCINDEXEDPOLYCURVE(#5500,(IFCLINEINDEX((1,2,3,4,1))),$);
#5500=IFCCARTESIANPOINTLIST2D(((0.7763195987790823,0.090000001713633537),(0.74131959863007069,0.090000001713633537),(0.74131959863007069,0.12500000186264515),(0.7763195987790823,0.12500000186264515)));
#5501=IFCCARTESIANPOINTLIST2D(((0.060000000521540642,0.090000001713633537),(0.74131959863007069,0.090000001713633537)));
#5502=IFCINDEXEDPOLYCURVE(#5501,$,$);
#5503=IFCINDEXEDPOLYCURVE(#5504,$,$);
#5504=IFCCARTESIANPOINTLIST2D(((0.060000000521540642,0.12500000186264515),(0.74131959863007069,0.12500000186264515)));
#5505=IFCINDEXEDPOLYCURVE(#5506,$,$);
#5506=IFCCARTESIANPOINTLIST2D(((0.060000000521540642,0.10750000178813934),(0.74131959863007069,0.10750000178813934)));
#5507=IFCSHAPEREPRESENTATION(#24,'Body','Curve2D',(#5492,#5494,#5496,#5498,#5499,#5502,#5503,#5505));
#5508=IFCCARTESIANPOINTLIST2D(((0.,0.),(0.80131959915161133,0.),(0.80131959915161133,0.78968656063079834),(0.,0.78968656063079834)));
#5509=IFCINDEXEDPOLYCURVE(#5508,(IFCLINEINDEX((1,2,3,4,1))),$);
#5510=IFCARBITRARYCLOSEDPROFILEDEF(.AREA.,$,#5509);
#5511=IFCCARTESIANPOINT((0.,-0.60000002384185791,0.));
#5512=IFCDIRECTION((0.,-1.,0.));
#5513=IFCDIRECTION((1.,0.,0.));
#5514=IFCAXIS2PLACEMENT3D(#5511,#5512,#5513);
#5515=IFCDIRECTION((0.,0.,-1.));
#5516=IFCEXTRUDEDAREASOLID(#5510,#5514,#5515,1.2);
#5517=IFCSHAPEREPRESENTATION(#11,'Body','SweptSolid',(#5516));
#5523=IFCCARTESIANPOINT((1.5264039842291415,0.10000002219905912,1.));
#5524=IFCDIRECTION((0.,0.,1.));
#5525=IFCDIRECTION((-0.99999999999994682,3.2584136988578502E-07,0.));
#5526=IFCAXIS2PLACEMENT3D(#5523,#5524,#5525);
#5527=IFCLOCALPLACEMENT(#239,#5526);
#5528=IFCCARTESIANPOINT((0.,-8.8817841970012523E-16,0.));
#5529=IFCDIRECTION((0.,0.,1.));
#5530=IFCDIRECTION((1.,3.1763735522036263E-22,0.));
#5531=IFCAXIS2PLACEMENT3D(#5528,#5529,#5530);
#5532=IFCLOCALPLACEMENT(#5527,#5531);
#5538=IFCCARTESIANPOINT((0.,0.,3.));
#5539=IFCDIRECTION((0.,0.,1.));
#5540=IFCDIRECTION((1.,0.,0.));
#5541=IFCAXIS2PLACEMENT3D(#5538,#5539,#5540);
#5542=IFCLOCALPLACEMENT(#56,#5541);
#5543=IFCSLAB('1ckxPJrU10$Q$8ZOxdS2Nb',$,'Slab',$,$,#5551,#5558,$,$);
#5544=IFCRELCONTAINEDINSPATIALSTRUCTURE('36MXjyJyfBgew2fh0_VYT2',$,$,$,(#6706,#6256,#6905,#5874,#5766,#8129,#10225,#6598,#9645,#6181,#7817,#6623,#7598,#5899,#8201,#6281,#6022,#6867,#8959,#6206,#7007,#7196,#9580,#5849,#5543,#9289,#6231,#6047,#6156,#5741),#39);
#5545=IFCMATERIALLAYERSETUSAGE(#1846,.AXIS3.,.POSITIVE.,-0.10000000149011612,$);
#5546=IFCRELASSOCIATESMATERIAL('3Gj4ocbkn4C9mjZdWk_6QW',$,$,$,(#5543),#5545);
#5547=IFCCARTESIANPOINT((0.23096370697021484,-0.13991641998291016,0.));
#5548=IFCDIRECTION((0.,0.,1.));
#5549=IFCDIRECTION((1.,0.,0.));
#5550=IFCAXIS2PLACEMENT3D(#5547,#5548,#5549);
#5551=IFCLOCALPLACEMENT(#5542,#5550);
#5552=IFCCARTESIANPOINTLIST2D(((0.,0.),(-7.0035457611083984E-07,-2.4999997615814209),(3.9999990463256836,-2.4999997615814209),(4.0000009536743164,6.6999998092651367),(0.4999995231628418,6.6999993324279785),(0.49999964237213135,5.1999993324279785),(-3.0000004768371582,5.2000007629394531),(-2.9999995231628418,0.),(0.,0.)));
#5553=IFCINDEXEDPOLYCURVE(#5552,$,$);
#5554=IFCDIRECTION((0.,0.,1.));
#5555=IFCARBITRARYCLOSEDPROFILEDEF(.AREA.,$,#5553);
#5556=IFCEXTRUDEDAREASOLID(#5555,#5565,#5554,0.10000000000000001);
#5557=IFCSHAPEREPRESENTATION(#11,'Body','SweptSolid',(#5556));
#5558=IFCPRODUCTDEFINITIONSHAPE($,$,(#5557));
#5559=IFCPROPERTYSET('18y7tvRaT3OAlrns89zNh0',$,'EPset_Parametric',$,(#5561));
#5560=IFCRELDEFINESBYPROPERTIES('24DMzd$l9FmwsmBsYrWnty',$,$,$,(#5543),#5559);
#5561=IFCPROPERTYSINGLEVALUE('Engine',$,IFCLABEL('Bonsai.DumbLayer3'),$);
#5562=IFCCARTESIANPOINT((-0.,-0.,-0.10000000149011612));
#5563=IFCDIRECTION((0.,0.,1.));
#5564=IFCDIRECTION((1.,0.,0.));
#5565=IFCAXIS2PLACEMENT3D(#5562,#5563,#5564);
#5566=IFCROOFTYPE('0bWtZMhAnAqASM$mKq_0_q',$,'Living - GF',$,$,(#5567),(#5596,#5624),$,$,.HIP_ROOF.);
#5567=IFCPROPERTYSET('31wjwiTXP92hAfKSgwB_KC',$,'BBIM_Roof',$,(#5568));
#5568=IFCPROPERTYSINGLEVALUE('Data',$,IFCTEXT('{"roof_type": "HIP/GABLE ROOF", "generation_method": "ANGLE", "roof_thickness": 0.10000000149011612, "rafter_edge_angle": 1.5707963705062866, "angle": 0.1745329201221466, "percentage": 17.63269805908203, "path_data": {"edges": [[0, 1], [1, 2], [2, 3], [3, 0]], "verts": [[-5.0, -5.0, 0.0], [-5.0, 5.0, 0.0], [5.0, 5.0, 0.0], [5.0, -5.0, 0.0]]}}'),$);
#5592=IFCCARTESIANPOINT((0.,0.,0.));
#5593=IFCDIRECTION((1.,0.,0.));
#5594=IFCDIRECTION((0.,0.,1.));
#5595=IFCAXIS2PLACEMENT3D(#5592,#5594,#5593);
#5596=IFCREPRESENTATIONMAP(#5595,#5615);
#5597=IFCINDEXEDPOLYGONALFACE((3,1,2));
#5598=IFCINDEXEDPOLYGONALFACE((2,4,3));
#5599=IFCINDEXEDPOLYGONALFACE((1,3,5));
#5600=IFCINDEXEDPOLYGONALFACE((4,5,3));
#5601=IFCINDEXEDPOLYGONALFACE((6,7,8));
#5602=IFCINDEXEDPOLYGONALFACE((8,2,1));
#5603=IFCINDEXEDPOLYGONALFACE((8,1,6));
#5604=IFCINDEXEDPOLYGONALFACE((8,7,9));
#5605=IFCINDEXEDPOLYGONALFACE((2,8,9));
#5606=IFCINDEXEDPOLYGONALFACE((2,9,4));
#5607=IFCINDEXEDPOLYGONALFACE((10,7,6));
#5608=IFCINDEXEDPOLYGONALFACE((6,1,5));
#5609=IFCINDEXEDPOLYGONALFACE((6,5,10));
#5610=IFCINDEXEDPOLYGONALFACE((9,7,10));
#5611=IFCINDEXEDPOLYGONALFACE((4,9,10));
#5612=IFCINDEXEDPOLYGONALFACE((4,10,5));
#5613=IFCCARTESIANPOINTLIST3D(((-5.,-5.,0.),(5.,-5.,0.),(0.,0.,0.88163489103317261),(5.,5.,0.),(-5.,5.,0.),(-5.,-5.,-0.10154265910387039),(0.,0.,0.78009223937988281),(5.,-5.,-0.10154265910387039),(5.,5.,-0.10154265910387039),(-5.,5.,-0.10154265910387039)));
#5614=IFCPOLYGONALFACESET(#5613,.T.,(#5597,#5598,#5599,#5600,#5601,#5602,#5603,#5604,#5605,#5606,#5607,#5608,#5609,#5610,#5611,#5612),$);
#5615=IFCSHAPEREPRESENTATION(#11,'Body','Tessellation',(#5614));
#5617=IFCCARTESIANPOINT((-5.,-5.,-0.10154265910387039));
#5618=IFCBOUNDINGBOX(#5617,10.,10.,0.9831775426864624);
#5619=IFCSHAPEREPRESENTATION(#13,'Box','BoundingBox',(#5618));
#5620=IFCCARTESIANPOINT((0.,0.,0.));
#5621=IFCDIRECTION((1.,0.,0.));
#5622=IFCDIRECTION((0.,0.,1.));
#5623=IFCAXIS2PLACEMENT3D(#5620,#5622,#5621);
#5624=IFCREPRESENTATIONMAP(#5623,#5619);
#5664=IFCCARTESIANPOINT((0.,0.,0.));
#5665=IFCDIRECTION((0.,0.,1.));
#5666=IFCDIRECTION((1.,0.,0.));
#5667=IFCAXIS2PLACEMENT3D(#5664,#5665,#5666);
#5668=IFCLOCALPLACEMENT(#56,#5667);
#5669=IFCBUILDINGSTOREY('0jzU0Mt8j3Cuo3EQE0Oi0U',$,'Roof',$,$,#5686,$,$,$,$);
#5682=IFCCARTESIANPOINT((0.,0.,0.));
#5683=IFCDIRECTION((0.,0.,1.));
#5684=IFCDIRECTION((1.,0.,0.));
#5685=IFCAXIS2PLACEMENT3D(#5682,#5683,#5684);
#5686=IFCLOCALPLACEMENT(#5668,#5685);
#5687=IFCBUILDINGSTOREY('1ULCU8CCTCXPgcBehP15wL',$,'Roof 2',$,$,#7265,$,$,$,$);
#5741=IFCWALL('3STpyreF55mhU43fnmMP9f',$,'Wall',$,$,#6557,#5747,$,$);
#5742=IFCMATERIALLAYERSETUSAGE(#82,.AXIS2.,.POSITIVE.,0.,$);
#5743=IFCRELASSOCIATESMATERIAL('17QkDV4aL6DwYTUOat4ZQv',$,$,$,(#5741),#5742);
#5747=IFCPRODUCTDEFINITIONSHAPE($,$,(#6584,#6581));
#5763=IFCPROPERTYSET('2SeEJ6S7T3uAk$loCC6QgX',$,'EPset_Parametric',$,(#5765));
#5764=IFCRELDEFINESBYPROPERTIES('3RQzaEfWb7whk_4j5mQXHa',$,$,$,(#5741),#5763);
#5765=IFCPROPERTYSINGLEVALUE('Engine',$,IFCLABEL('Bonsai.DumbLayer2'),$);
#5766=IFCWALL('1cC3eaJF927e6HwIlIJCHR',$,'Wall',$,$,#5835,#5772,$,$);
#5767=IFCMATERIALLAYERSETUSAGE(#82,.AXIS2.,.POSITIVE.,0.,$);
#5768=IFCRELASSOCIATESMATERIAL('2FA9UkmHLANfLCLMngQ$QE',$,$,$,(#5766),#5767);
#5772=IFCPRODUCTDEFINITIONSHAPE($,$,(#5830,#5827));
#5788=IFCPROPERTYSET('3blyXNUfD0CwtOHVZWQ5BV',$,'EPset_Parametric',$,(#5790));
#5789=IFCRELDEFINESBYPROPERTIES('2KT2IXtL54sPYja1_Fdhw$',$,$,$,(#5766),#5788);
#5790=IFCPROPERTYSINGLEVALUE('Engine',$,IFCLABEL('Bonsai.DumbLayer2'),$);
#5817=IFCRELCONNECTSPATHELEMENTS('3PzdUtv2XFZRMJQKcpkfDr',$,$,$,$,#5766,#5741,(),(),.ATEND.,.ATSTART.);
#5818=IFCCARTESIANPOINTLIST2D(((0.,0.),(0.099999998807512466,0.10000000000000001),(3.9699999009480864,0.10000000000000001),(3.9699999009480864,0.)));
#5819=IFCINDEXEDPOLYCURVE(#5818,(IFCLINEINDEX((1,2,3,4,1))),$);
#5820=IFCARBITRARYCLOSEDPROFILEDEF(.AREA.,$,#5819);
#5821=IFCCARTESIANPOINT((0.,0.,0.));
#5822=IFCDIRECTION((0.,0.,1.));
#5823=IFCDIRECTION((1.,0.,0.));
#5824=IFCAXIS2PLACEMENT3D(#5821,#5822,#5823);
#5825=IFCDIRECTION((0.,0.,1.));
#5826=IFCEXTRUDEDAREASOLID(#5820,#5824,#5825,3.);
#5827=IFCSHAPEREPRESENTATION(#11,'Body','SweptSolid',(#5826));
#5828=IFCCARTESIANPOINTLIST2D(((0.,0.),(3.9699999009480864,0.)));
#5829=IFCINDEXEDPOLYCURVE(#5828,$,$);
#5830=IFCSHAPEREPRESENTATION(#23,'Axis','Curve2D',(#5829));
#5831=IFCCARTESIANPOINT((4.2038315109671078,6.4865560531616353,0.));
#5832=IFCDIRECTION((0.,0.,1.));
#5833=IFCDIRECTION((-0.99999999999999623,8.7422776573475527E-08,0.));
#5834=IFCAXIS2PLACEMENT3D(#5831,#5832,#5833);
#5835=IFCLOCALPLACEMENT(#5542,#5834);
#5849=IFCWALL('00EhCtPZ55mOPaOEPNCUJn',$,'Wall',$,$,#5860,#5855,$,$);
#5850=IFCMATERIALLAYERSETUSAGE(#82,.AXIS2.,.POSITIVE.,0.,$);
#5851=IFCRELASSOCIATESMATERIAL('2VYmwpNcb7GhXano7nNgTK',$,$,$,(#5849),#5850);
#5855=IFCPRODUCTDEFINITIONSHAPE($,$,(#5989,#5986));
#5856=IFCCARTESIANPOINT((0.23383186757564545,6.3865566253662109,0.));
#5857=IFCDIRECTION((0.,0.,1.));
#5858=IFCDIRECTION((7.5497901264043109E-08,-0.99999999999999711,0.));
#5859=IFCAXIS2PLACEMENT3D(#5856,#5857,#5858);
#5860=IFCLOCALPLACEMENT(#5542,#5859);
#5871=IFCPROPERTYSET('0OAkrw3E9FzheghXYzrDb8',$,'EPset_Parametric',$,(#5873));
#5872=IFCRELDEFINESBYPROPERTIES('1OcdsSMj9CLwxXUtbzmUNm',$,$,$,(#5849),#5871);
#5873=IFCPROPERTYSINGLEVALUE('Engine',$,IFCLABEL('Bonsai.DumbLayer2'),$);
#5874=IFCWALL('3SwjJ5_IbB_OjTyx2v6Mvb',$,'Wall',$,$,#6762,#5880,$,$);
#5875=IFCMATERIALLAYERSETUSAGE(#82,.AXIS2.,.POSITIVE.,0.,$);
#5876=IFCRELASSOCIATESMATERIAL('3aaLON6991XRnwqgQmlWj1',$,$,$,(#5874),#5875);
#5880=IFCPRODUCTDEFINITIONSHAPE($,$,(#6789,#6786));
#5896=IFCPROPERTYSET('3mkQzb2oXApxPDLA_Y8BbO',$,'EPset_Parametric',$,(#5898));
#5897=IFCRELDEFINESBYPROPERTIES('06hvnDACb9WhX22IgyqCC6',$,$,$,(#5874),#5896);
#5898=IFCPROPERTYSINGLEVALUE('Engine',$,IFCLABEL('Bonsai.DumbLayer2'),$);
#5899=IFCWALL('2EK8e2RM1E7R7AIBSKd$Hn',$,'Wall',$,$,#6008,#5905,$,$);
#5900=IFCMATERIALLAYERSETUSAGE(#82,.AXIS2.,.POSITIVE.,0.,$);
#5901=IFCRELASSOCIATESMATERIAL('0fiBd2Ahf5VRe_3B0$X$Xp',$,$,$,(#5899),#5900);
#5905=IFCPRODUCTDEFINITIONSHAPE($,$,(#6003,#6000));
#5921=IFCPROPERTYSET('2vFXVF3zvCZODgC_NVV0np',$,'EPset_Parametric',$,(#5923));
#5922=IFCRELDEFINESBYPROPERTIES('12q$efA0v0KeY6LvKfLgQ7',$,$,$,(#5899),#5921);
#5923=IFCPROPERTYSINGLEVALUE('Engine',$,IFCLABEL('Bonsai.DumbLayer2'),$);
#5977=IFCCARTESIANPOINTLIST2D(((0.,0.),(0.,0.10000000000000001),(0.96999993205032431,0.10000000000000001),(0.86999988555908658,0.)));
#5978=IFCINDEXEDPOLYCURVE(#5977,(IFCLINEINDEX((1,2,3,4,1))),$);
#5979=IFCARBITRARYCLOSEDPROFILEDEF(.AREA.,$,#5978);
#5980=IFCCARTESIANPOINT((0.,0.,0.));
#5981=IFCDIRECTION((0.,0.,1.));
#5982=IFCDIRECTION((1.,0.,0.));
#5983=IFCAXIS2PLACEMENT3D(#5980,#5981,#5982);
#5984=IFCDIRECTION((0.,0.,1.));
#5985=IFCEXTRUDEDAREASOLID(#5979,#5983,#5984,3.);
#5986=IFCSHAPEREPRESENTATION(#11,'Body','SweptSolid',(#5985));
#5987=IFCCARTESIANPOINTLIST2D(((0.,0.),(0.86999988555908658,0.)));
#5988=IFCINDEXEDPOLYCURVE(#5987,$,$);
#5989=IFCSHAPEREPRESENTATION(#23,'Axis','Curve2D',(#5988));
#5990=IFCRELCONNECTSPATHELEMENTS('0sPaU6XQL1DADZo$2hE$vr',$,$,$,$,#5899,#5874,(),(),.ATEND.,.ATSTART.);
#5991=IFCCARTESIANPOINTLIST2D(((0.,0.),(0.1000000464912377,0.10000000000000001),(8.6500005685892347,0.10000000000000001),(8.6500005685892347,0.)));
#5992=IFCINDEXEDPOLYCURVE(#5991,(IFCLINEINDEX((1,2,3,4,1))),$);
#5993=IFCARBITRARYCLOSEDPROFILEDEF(.AREA.,$,#5992);
#5994=IFCCARTESIANPOINT((0.,0.,0.));
#5995=IFCDIRECTION((0.,0.,1.));
#5996=IFCDIRECTION((1.,0.,0.));
#5997=IFCAXIS2PLACEMENT3D(#5994,#5995,#5996);
#5998=IFCDIRECTION((0.,0.,1.));
#5999=IFCEXTRUDEDAREASOLID(#5993,#5997,#5998,3.);
#6000=IFCSHAPEREPRESENTATION(#11,'Body','SweptSolid',(#5999));
#6001=IFCCARTESIANPOINTLIST2D(((0.,0.),(8.6500005685892347,0.)));
#6002=IFCINDEXEDPOLYCURVE(#6001,$,$);
#6003=IFCSHAPEREPRESENTATION(#23,'Axis','Curve2D',(#6002));
#6004=IFCCARTESIANPOINT((-3.2661681175232604,5.5165581027574326,0.));
#6005=IFCDIRECTION((0.,0.,1.));
#6006=IFCDIRECTION((7.5497901264043123E-08,-0.99999999999999722,0.));
#6007=IFCAXIS2PLACEMENT3D(#6004,#6005,#6006);
#6008=IFCLOCALPLACEMENT(#5542,#6007);
#6022=IFCWALL('10kN0TgXD7pv1m5IIbOH9p',$,'Wall',$,$,#6033,#6028,$,$);
#6023=IFCMATERIALLAYERSETUSAGE(#82,.AXIS2.,.POSITIVE.,0.,$);
#6024=IFCRELASSOCIATESMATERIAL('20iOkDgx17lB7tkNHAiQaF',$,$,$,(#6022),#6023);
#6028=IFCPRODUCTDEFINITIONSHAPE($,$,(#6123,#6120));
#6029=IFCCARTESIANPOINT((-3.1661665439605713,-3.1334424018859863,0.));
#6030=IFCDIRECTION((0.,0.,1.));
#6031=IFCDIRECTION((1.,0.,0.));
#6032=IFCAXIS2PLACEMENT3D(#6029,#6030,#6031);
#6033=IFCLOCALPLACEMENT(#5542,#6032);
#6044=IFCPROPERTYSET('1cEpH3gJj8_RVj_MZN_ZPq',$,'EPset_Parametric',$,(#6046));
#6045=IFCRELDEFINESBYPROPERTIES('2fyLaw0av0W9bnJBWS2DC9',$,$,$,(#6022),#6044);
#6046=IFCPROPERTYSINGLEVALUE('Engine',$,IFCLABEL('Bonsai.DumbLayer2'),$);
#6047=IFCWALL('1$mWv4K3j6Zem8wxc6c0gz',$,'Wall',$,$,#6058,#6053,$,$);
#6048=IFCMATERIALLAYERSETUSAGE(#82,.AXIS2.,.POSITIVE.,0.,$);
#6049=IFCRELASSOCIATESMATERIAL('1St6zkyo90Vu63kVL9kSXa',$,$,$,(#6047),#6048);
#6053=IFCPRODUCTDEFINITIONSHAPE($,$,(#6110,#6107));
#6054=IFCCARTESIANPOINT((4.11468505859375,-3.133441686630249,0.));
#6055=IFCDIRECTION((0.,0.,1.));
#6056=IFCDIRECTION((1.,0.,0.));
#6057=IFCAXIS2PLACEMENT3D(#6054,#6055,#6056);
#6058=IFCLOCALPLACEMENT(#5542,#6057);
#6069=IFCPROPERTYSET('3V5tlXlr10ow1LZxsbO6G0',$,'EPset_Parametric',$,(#6071));
#6070=IFCRELDEFINESBYPROPERTIES('1Ybo0Ie3DFEPj02NuB7anU',$,$,$,(#6047),#6069);
#6071=IFCPROPERTYSINGLEVALUE('Engine',$,IFCLABEL('Bonsai.DumbLayer2'),$);
#6098=IFCCARTESIANPOINTLIST2D(((0.,0.),(0.,0.10000000000000001),(0.38000011839362863,0.10000000000000001),(0.38000011839362863,0.)));
#6099=IFCINDEXEDPOLYCURVE(#6098,(IFCLINEINDEX((1,2,3,4,1))),$);
#6100=IFCARBITRARYCLOSEDPROFILEDEF(.AREA.,$,#6099);
#6101=IFCCARTESIANPOINT((0.,0.,0.));
#6102=IFCDIRECTION((0.,0.,1.));
#6103=IFCDIRECTION((1.,0.,0.));
#6104=IFCAXIS2PLACEMENT3D(#6101,#6102,#6103);
#6105=IFCDIRECTION((0.,0.,1.));
#6106=IFCEXTRUDEDAREASOLID(#6100,#6104,#6105,3.);
#6107=IFCSHAPEREPRESENTATION(#11,'Body','SweptSolid',(#6106));
#6108=IFCCARTESIANPOINTLIST2D(((0.,0.),(0.38000011839362863,0.)));
#6109=IFCINDEXEDPOLYCURVE(#6108,$,$);
#6110=IFCSHAPEREPRESENTATION(#23,'Axis','Curve2D',(#6109));
#6111=IFCCARTESIANPOINTLIST2D(((0.,0.),(0.,0.10000000000000001),(7.2808512959174099,0.10000000000000001),(7.2808512959174099,0.)));
#6112=IFCINDEXEDPOLYCURVE(#6111,(IFCLINEINDEX((1,2,3,4,1))),$);
#6113=IFCARBITRARYCLOSEDPROFILEDEF(.AREA.,$,#6112);
#6114=IFCCARTESIANPOINT((0.,0.,0.));
#6115=IFCDIRECTION((0.,0.,1.));
#6116=IFCDIRECTION((1.,0.,0.));
#6117=IFCAXIS2PLACEMENT3D(#6114,#6115,#6116);
#6118=IFCDIRECTION((0.,0.,1.));
#6119=IFCEXTRUDEDAREASOLID(#6113,#6117,#6118,3.);
#6120=IFCSHAPEREPRESENTATION(#11,'Body','SweptSolid',(#6119));
#6121=IFCCARTESIANPOINTLIST2D(((0.,0.),(7.2808512959174099,0.)));
#6122=IFCINDEXEDPOLYCURVE(#6121,$,$);
#6123=IFCSHAPEREPRESENTATION(#23,'Axis','Curve2D',(#6122));
#6156=IFCWALL('2NymHzCIL7xvVTvF6ZPkOn',$,'Wall',$,$,#6167,#6162,$,$);
#6157=IFCMATERIALLAYERSETUSAGE(#82,.AXIS2.,.POSITIVE.,0.,$);
#6158=IFCRELASSOCIATESMATERIAL('02Yu5bRDPCV8lQDqmS_o0S',$,$,$,(#6156),#6157);
#6162=IFCPRODUCTDEFINITIONSHAPE($,$,(#6415,#6412));
#6163=IFCCARTESIANPOINT((-3.2661681175231934,5.5165581703186035,0.));
#6164=IFCDIRECTION((0.,0.,1.));
#6165=IFCDIRECTION((7.5497901264043109E-08,-0.99999999999999711,0.));
#6166=IFCAXIS2PLACEMENT3D(#6163,#6164,#6165);
#6167=IFCLOCALPLACEMENT(#5542,#6166);
#6178=IFCPROPERTYSET('3jooF76XP7y8sDsPqRKjn1',$,'EPset_Parametric',$,(#6180));
#6179=IFCRELDEFINESBYPROPERTIES('0pQ9evNRnEUgKqNxPkZHt7',$,$,$,(#6156),#6178);
#6180=IFCPROPERTYSINGLEVALUE('Engine',$,IFCLABEL('Bonsai.DumbLayer2'),$);
#6181=IFCWALL('3h5iAPPufD9hJ7G9SOBdr7',$,'Wall',$,$,#6402,#6187,$,$);
#6182=IFCMATERIALLAYERSETUSAGE(#82,.AXIS2.,.POSITIVE.,0.,$);
#6183=IFCRELASSOCIATESMATERIAL('2xF3Y7DM96HPwucwsZTDtG',$,$,$,(#6181),#6182);
#6187=IFCPRODUCTDEFINITIONSHAPE($,$,(#6447,#6444));
#6203=IFCPROPERTYSET('01mDticZzD_QScvMcxn1vz',$,'EPset_Parametric',$,(#6205));
#6204=IFCRELDEFINESBYPROPERTIES('3E4$9vs9D3vh_A8LLqLNXE',$,$,$,(#6181),#6203);
#6205=IFCPROPERTYSINGLEVALUE('Engine',$,IFCLABEL('Bonsai.DumbLayer2'),$);
#6206=IFCWALL('3JeSix0Qf7Juxa8iwt9UAX',$,'Wall',$,$,#6434,#6212,$,$);
#6207=IFCMATERIALLAYERSETUSAGE(#82,.AXIS2.,.POSITIVE.,0.,$);
#6208=IFCRELASSOCIATESMATERIAL('1Bi0HIWon98R5RlsIMW0N7',$,$,$,(#6206),#6207);
#6212=IFCPRODUCTDEFINITIONSHAPE($,$,(#6474,#6471));
#6228=IFCPROPERTYSET('1ZX$xix0P8yRDuGuNTkzKm',$,'EPset_Parametric',$,(#6230));
#6229=IFCRELDEFINESBYPROPERTIES('1zQrm3yXbArvdoBxdtGl2G',$,$,$,(#6206),#6228);
#6230=IFCPROPERTYSINGLEVALUE('Engine',$,IFCLABEL('Bonsai.DumbLayer2'),$);
#6231=IFCWALL('2PziwaspT0RfIPwtK33ApU',$,'Wall',$,$,#6242,#6237,$,$);
#6232=IFCMATERIALLAYERSETUSAGE(#82,.AXIS2.,.POSITIVE.,0.,$);
#6233=IFCRELASSOCIATESMATERIAL('1xkcmV7mfEwfgwNyaZ_rIy',$,$,$,(#6231),#6232);
#6237=IFCPRODUCTDEFINITIONSHAPE($,$,(#6506,#6503));
#6238=IFCCARTESIANPOINT((0.2738322913646698,-2.2334413528442383,0.));
#6239=IFCDIRECTION((0.,0.,1.));
#6240=IFCDIRECTION((0.99999999999997158,2.3841857910155572E-07,0.));
#6241=IFCAXIS2PLACEMENT3D(#6238,#6239,#6240);
#6242=IFCLOCALPLACEMENT(#5542,#6241);
#6253=IFCPROPERTYSET('0QW_VtZbb9nAu8IMk5Cf8j',$,'EPset_Parametric',$,(#6255));
#6254=IFCRELDEFINESBYPROPERTIES('1uscWppx9CTxXVb1o0L8HR',$,$,$,(#6231),#6253);
#6255=IFCPROPERTYSINGLEVALUE('Engine',$,IFCLABEL('Bonsai.DumbLayer2'),$);
#6256=IFCWALL('3dp7ziAMb5ZhuGhNL_mbbj',$,'Wall',$,$,#6493,#6262,$,$);
#6257=IFCMATERIALLAYERSETUSAGE(#82,.AXIS2.,.POSITIVE.,0.,$);
#6258=IFCRELASSOCIATESMATERIAL('1kJluNY$zDXBVJct_BF9Uw',$,$,$,(#6256),#6257);
#6262=IFCPRODUCTDEFINITIONSHAPE($,$,(#6538,#6535));
#6278=IFCPROPERTYSET('0ZJLlFofbBKA2ELvyll0Y5',$,'EPset_Parametric',$,(#6280));
#6279=IFCRELDEFINESBYPROPERTIES('3unspmUKv4efDE4TfFTWLu',$,$,$,(#6256),#6278);
#6280=IFCPROPERTYSINGLEVALUE('Engine',$,IFCLABEL('Bonsai.DumbLayer2'),$);
#6281=IFCWALL('11pDYiqq94ZQmTMIOEO32v',$,'Wall',$,$,#6525,#6287,$,$);
#6282=IFCMATERIALLAYERSETUSAGE(#82,.AXIS2.,.POSITIVE.,0.,$);
#6283=IFCRELASSOCIATESMATERIAL('37NBx4S_j37uG_iaV71cWm',$,$,$,(#6281),#6282);
#6287=IFCPRODUCTDEFINITIONSHAPE($,$,(#6597,#6594));
#6303=IFCPROPERTYSET('1CkxYUtrzAkP_1FwrvUH2z',$,'EPset_Parametric',$,(#6305));
#6304=IFCRELDEFINESBYPROPERTIES('2jAvtqZljFrvO9QJ0xBqPt',$,$,$,(#6281),#6303);
#6305=IFCPROPERTYSINGLEVALUE('Engine',$,IFCLABEL('Bonsai.DumbLayer2'),$);
#6384=IFCRELCONNECTSPATHELEMENTS('3ZUBamK957U8grp$yTxKf5',$,$,$,$,#6181,#6156,(),(),.ATEND.,.ATSTART.);
#6398=IFCCARTESIANPOINT((-3.2661675769582317,-1.6434416770935059,0.));
#6399=IFCDIRECTION((0.,0.,1.));
#6400=IFCDIRECTION((1.,0.,0.));
#6401=IFCAXIS2PLACEMENT3D(#6398,#6399,#6400);
#6402=IFCLOCALPLACEMENT(#5542,#6401);
#6403=IFCCARTESIANPOINTLIST2D(((0.,0.),(0.,0.10000000000000001),(7.0599998549619185,0.10000000000000001),(7.1599998474121289,0.)));
#6404=IFCINDEXEDPOLYCURVE(#6403,(IFCLINEINDEX((1,2,3,4,1))),$);
#6405=IFCARBITRARYCLOSEDPROFILEDEF(.AREA.,$,#6404);
#6406=IFCCARTESIANPOINT((0.,0.,0.));
#6407=IFCDIRECTION((0.,0.,1.));
#6408=IFCDIRECTION((1.,0.,0.));
#6409=IFCAXIS2PLACEMENT3D(#6406,#6407,#6408);
#6410=IFCDIRECTION((0.,0.,1.));
#6411=IFCEXTRUDEDAREASOLID(#6405,#6409,#6410,3.);
#6412=IFCSHAPEREPRESENTATION(#11,'Body','SweptSolid',(#6411));
#6413=IFCCARTESIANPOINTLIST2D(((0.,0.),(7.1599998474121289,0.)));
#6414=IFCINDEXEDPOLYCURVE(#6413,$,$);
#6415=IFCSHAPEREPRESENTATION(#23,'Axis','Curve2D',(#6414));
#6416=IFCRELCONNECTSPATHELEMENTS('0CkclCxlL0Ig0IXrl5yLon',$,$,$,$,#6206,#6181,(),(),.ATEND.,.ATSTART.);
#6430=IFCCARTESIANPOINT((0.27383232116698175,-1.6434416770935056,0.));
#6431=IFCDIRECTION((0.,0.,1.));
#6432=IFCDIRECTION((-4.3711388286737889E-08,-0.99999999999999911,0.));
#6433=IFCAXIS2PLACEMENT3D(#6430,#6431,#6432);
#6434=IFCLOCALPLACEMENT(#5542,#6433);
#6435=IFCCARTESIANPOINTLIST2D(((0.,0.),(0.099999992450210171,0.10000000000000001),(3.6399999024963523,0.10000000000000001),(3.5399998981252132,0.)));
#6436=IFCINDEXEDPOLYCURVE(#6435,(IFCLINEINDEX((1,2,3,4,1))),$);
#6437=IFCARBITRARYCLOSEDPROFILEDEF(.AREA.,$,#6436);
#6438=IFCCARTESIANPOINT((0.,0.,0.));
#6439=IFCDIRECTION((0.,0.,1.));
#6440=IFCDIRECTION((1.,0.,0.));
#6441=IFCAXIS2PLACEMENT3D(#6438,#6439,#6440);
#6442=IFCDIRECTION((0.,0.,1.));
#6443=IFCEXTRUDEDAREASOLID(#6437,#6441,#6442,3.);
#6444=IFCSHAPEREPRESENTATION(#11,'Body','SweptSolid',(#6443));
#6445=IFCCARTESIANPOINTLIST2D(((0.,0.),(3.5399998981252132,0.)));
#6446=IFCINDEXEDPOLYCURVE(#6445,$,$);
#6447=IFCSHAPEREPRESENTATION(#23,'Axis','Curve2D',(#6446));
#6448=IFCRELCONNECTSPATHELEMENTS('0HoXO0C011Owa5yrO4AGgy',$,$,$,$,#6231,#6206,(),(),.ATEND.,.ATSTART.);
#6462=IFCCARTESIANPOINTLIST2D(((0.,0.),(-0.10000000437113893,0.10000000000000001),(0.48999964753773118,0.10000000000000001),(0.58999967575073187,0.)));
#6463=IFCINDEXEDPOLYCURVE(#6462,(IFCLINEINDEX((1,2,3,4,1))),$);
#6464=IFCARBITRARYCLOSEDPROFILEDEF(.AREA.,$,#6463);
#6465=IFCCARTESIANPOINT((0.,0.,0.));
#6466=IFCDIRECTION((0.,0.,1.));
#6467=IFCDIRECTION((1.,0.,0.));
#6468=IFCAXIS2PLACEMENT3D(#6465,#6466,#6467);
#6469=IFCDIRECTION((0.,0.,1.));
#6470=IFCEXTRUDEDAREASOLID(#6464,#6468,#6469,3.);
#6471=IFCSHAPEREPRESENTATION(#11,'Body','SweptSolid',(#6470));
#6472=IFCCARTESIANPOINTLIST2D(((0.,0.),(0.58999967575073187,0.)));
#6473=IFCINDEXEDPOLYCURVE(#6472,$,$);
#6474=IFCSHAPEREPRESENTATION(#23,'Axis','Curve2D',(#6473));
#6475=IFCRELCONNECTSPATHELEMENTS('0sAs2oA9b9jh$FT9fUVXpC',$,$,$,$,#6256,#6231,(),(),.ATEND.,.ATSTART.);
#6489=IFCCARTESIANPOINT((1.8538323640823589,-2.2334409761428664,0.));
#6490=IFCDIRECTION((0.,0.,1.));
#6491=IFCDIRECTION((-1.6292068494294439E-07,-0.99999999999998679,0.));
#6492=IFCAXIS2PLACEMENT3D(#6489,#6490,#6491);
#6493=IFCLOCALPLACEMENT(#5542,#6492);
#6494=IFCCARTESIANPOINTLIST2D(((0.,0.),(0.10000002821300073,0.10000000000000001),(1.6800001088390613,0.10000000000000001),(1.5800000687051268,0.)));
#6495=IFCINDEXEDPOLYCURVE(#6494,(IFCLINEINDEX((1,2,3,4,1))),$);
#6496=IFCARBITRARYCLOSEDPROFILEDEF(.AREA.,$,#6495);
#6497=IFCCARTESIANPOINT((0.,0.,0.));
#6498=IFCDIRECTION((0.,0.,1.));
#6499=IFCDIRECTION((1.,0.,0.));
#6500=IFCAXIS2PLACEMENT3D(#6497,#6498,#6499);
#6501=IFCDIRECTION((0.,0.,1.));
#6502=IFCEXTRUDEDAREASOLID(#6496,#6500,#6501,3.);
#6503=IFCSHAPEREPRESENTATION(#11,'Body','SweptSolid',(#6502));
#6504=IFCCARTESIANPOINTLIST2D(((0.,0.),(1.5800000687051268,0.)));
#6505=IFCINDEXEDPOLYCURVE(#6504,$,$);
#6506=IFCSHAPEREPRESENTATION(#23,'Axis','Curve2D',(#6505));
#6507=IFCRELCONNECTSPATHELEMENTS('0xRqLky092_gVThYiwk$JX',$,$,$,$,#6281,#6256,(),(),.ATEND.,.ATSTART.);
#6521=IFCCARTESIANPOINT((1.8538322174537432,-3.1334409713745117,0.));
#6522=IFCDIRECTION((0.,0.,1.));
#6523=IFCDIRECTION((1.,0.,0.));
#6524=IFCAXIS2PLACEMENT3D(#6521,#6522,#6523);
#6525=IFCLOCALPLACEMENT(#5542,#6524);
#6526=IFCCARTESIANPOINTLIST2D(((0.,0.),(-0.10000004013393446,0.10000000000000001),(0.79999997893958796,0.10000000000000001),(0.89999999523165775,0.)));
#6527=IFCINDEXEDPOLYCURVE(#6526,(IFCLINEINDEX((1,2,3,4,1))),$);
#6528=IFCARBITRARYCLOSEDPROFILEDEF(.AREA.,$,#6527);
#6529=IFCCARTESIANPOINT((0.,0.,0.));
#6530=IFCDIRECTION((0.,0.,1.));
#6531=IFCDIRECTION((1.,0.,0.));
#6532=IFCAXIS2PLACEMENT3D(#6529,#6530,#6531);
#6533=IFCDIRECTION((0.,0.,1.));
#6534=IFCEXTRUDEDAREASOLID(#6528,#6532,#6533,3.);
#6535=IFCSHAPEREPRESENTATION(#11,'Body','SweptSolid',(#6534));
#6536=IFCCARTESIANPOINTLIST2D(((0.,0.),(0.89999999523165775,0.)));
#6537=IFCINDEXEDPOLYCURVE(#6536,$,$);
#6538=IFCSHAPEREPRESENTATION(#23,'Axis','Curve2D',(#6537));
#6553=IFCCARTESIANPOINT((4.203830784677522,-3.1334409713745117,0.));
#6554=IFCDIRECTION((0.,0.,1.));
#6555=IFCDIRECTION((7.5497901264043123E-08,0.99999999999999722,0.));
#6556=IFCAXIS2PLACEMENT3D(#6553,#6554,#6555);
#6557=IFCLOCALPLACEMENT(#5542,#6556);
#6571=IFCRELCONNECTSPATHELEMENTS('1Y_RzhoAn8pxy3iPXIpjk9',$,$,$,$,#5741,#6281,(),(),.ATEND.,.ATSTART.);
#6572=IFCCARTESIANPOINTLIST2D(((0.,0.),(0.099999992450210157,0.10000000000000001),(9.5199970257286619,0.10000000000000001),(9.6199970245361737,0.)));
#6573=IFCINDEXEDPOLYCURVE(#6572,(IFCLINEINDEX((1,2,3,4,1))),$);
#6574=IFCARBITRARYCLOSEDPROFILEDEF(.AREA.,$,#6573);
#6575=IFCCARTESIANPOINT((0.,0.,0.));
#6576=IFCDIRECTION((0.,0.,1.));
#6577=IFCDIRECTION((1.,0.,0.));
#6578=IFCAXIS2PLACEMENT3D(#6575,#6576,#6577);
#6579=IFCDIRECTION((0.,0.,1.));
#6580=IFCEXTRUDEDAREASOLID(#6574,#6578,#6579,3.);
#6581=IFCSHAPEREPRESENTATION(#11,'Body','SweptSolid',(#6580));
#6582=IFCCARTESIANPOINTLIST2D(((0.,0.),(9.6199970245361737,0.)));
#6583=IFCINDEXEDPOLYCURVE(#6582,$,$);
#6584=IFCSHAPEREPRESENTATION(#23,'Axis','Curve2D',(#6583));
#6585=IFCCARTESIANPOINTLIST2D(((0.,0.),(0.10000001629206984,0.10000000000000001),(2.2499985747735689,0.10000000000000001),(2.3499985672237789,0.)));
#6586=IFCINDEXEDPOLYCURVE(#6585,(IFCLINEINDEX((1,2,3,4,1))),$);
#6587=IFCARBITRARYCLOSEDPROFILEDEF(.AREA.,$,#6586);
#6588=IFCCARTESIANPOINT((0.,0.,0.));
#6589=IFCDIRECTION((0.,0.,1.));
#6590=IFCDIRECTION((1.,0.,0.));
#6591=IFCAXIS2PLACEMENT3D(#6588,#6589,#6590);
#6592=IFCDIRECTION((0.,0.,1.));
#6593=IFCEXTRUDEDAREASOLID(#6587,#6591,#6592,3.);
#6594=IFCSHAPEREPRESENTATION(#11,'Body','SweptSolid',(#6593));
#6595=IFCCARTESIANPOINTLIST2D(((0.,0.),(2.3499985672237789,0.)));
#6596=IFCINDEXEDPOLYCURVE(#6595,$,$);
#6597=IFCSHAPEREPRESENTATION(#23,'Axis','Curve2D',(#6596));
#6598=IFCWALL('1wxEHOXiTCYBda0Gu_4Dcy',$,'Wall',$,$,#6609,#6604,$,$);
#6599=IFCMATERIALLAYERSETUSAGE(#82,.AXIS2.,.POSITIVE.,0.,$);
#6600=IFCRELASSOCIATESMATERIAL('3Hznp51HL1aOI56oVpmg7I',$,$,$,(#6598),#6599);
#6604=IFCPRODUCTDEFINITIONSHAPE($,$,(#6705,#6702));
#6605=IFCCARTESIANPOINT((0.37383231520652771,-1.5434416532516479,0.));
#6606=IFCDIRECTION((0.,0.,1.));
#6607=IFCDIRECTION((7.5497901264043109E-08,0.99999999999999711,0.));
#6608=IFCAXIS2PLACEMENT3D(#6605,#6606,#6607);
#6609=IFCLOCALPLACEMENT(#5542,#6608);
#6620=IFCPROPERTYSET('0rOyK5ayj9xAPw4hyAFKdW',$,'EPset_Parametric',$,(#6622));
#6621=IFCRELDEFINESBYPROPERTIES('3zbXgyLUjAJx2YEe7_yqO3',$,$,$,(#6598),#6620);
#6622=IFCPROPERTYSINGLEVALUE('Engine',$,IFCLABEL('Bonsai.DumbLayer2'),$);
#6623=IFCWALL('0tHh6a$Rf4uufA78Gd6H_s',$,'Wall',$,$,#6692,#6629,$,$);
#6624=IFCMATERIALLAYERSETUSAGE(#82,.AXIS2.,.POSITIVE.,0.,$);
#6625=IFCRELASSOCIATESMATERIAL('0cRYAc2995Xxqbx1uP4IcB',$,$,$,(#6623),#6624);
#6629=IFCPRODUCTDEFINITIONSHAPE($,$,(#6687,#6684));
#6645=IFCPROPERTYSET('0oORYwI1j9neh5yuzJC020',$,'EPset_Parametric',$,(#6647));
#6646=IFCRELDEFINESBYPROPERTIES('1WM96hKI1D6uc5dQWtj6uW',$,$,$,(#6623),#6645);
#6647=IFCPROPERTYSINGLEVALUE('Engine',$,IFCLABEL('Bonsai.DumbLayer2'),$);
#6674=IFCRELCONNECTSPATHELEMENTS('2Fve6XNUj9Zg4W4y04DxY$',$,$,$,$,#6623,#6598,(),(),.ATEND.,.ATSTART.);
#6675=IFCCARTESIANPOINTLIST2D(((0.,0.),(0.10000002264937295,0.10000000000000001),(3.539970351958468,0.10000000000000001),(3.539970351958468,0.)));
#6676=IFCINDEXEDPOLYCURVE(#6675,(IFCLINEINDEX((1,2,3,4,1))),$);
#6677=IFCARBITRARYCLOSEDPROFILEDEF(.AREA.,$,#6676);
#6678=IFCCARTESIANPOINT((0.,0.,0.));
#6679=IFCDIRECTION((0.,0.,1.));
#6680=IFCDIRECTION((1.,0.,0.));
#6681=IFCAXIS2PLACEMENT3D(#6678,#6679,#6680);
#6682=IFCDIRECTION((0.,0.,1.));
#6683=IFCEXTRUDEDAREASOLID(#6677,#6681,#6682,3.);
#6684=IFCSHAPEREPRESENTATION(#11,'Body','SweptSolid',(#6683));
#6685=IFCCARTESIANPOINTLIST2D(((0.,0.),(3.539970351958468,0.)));
#6686=IFCINDEXEDPOLYCURVE(#6685,$,$);
#6687=IFCSHAPEREPRESENTATION(#23,'Axis','Curve2D',(#6686));
#6688=IFCCARTESIANPOINT((0.3738326292777765,2.6165580749511697,0.));
#6689=IFCDIRECTION((0.,0.,1.));
#6690=IFCDIRECTION((-0.99999999999998868,-1.5099580252808492E-07,0.));
#6691=IFCAXIS2PLACEMENT3D(#6688,#6689,#6690);
#6692=IFCLOCALPLACEMENT(#5542,#6691);
#6693=IFCCARTESIANPOINTLIST2D(((0.,0.),(0.,0.10000000000000001),(4.059999705553456,0.10000000000000001),(4.1599997282028296,0.)));
#6694=IFCINDEXEDPOLYCURVE(#6693,(IFCLINEINDEX((1,2,3,4,1))),$);
#6695=IFCARBITRARYCLOSEDPROFILEDEF(.AREA.,$,#6694);
#6696=IFCCARTESIANPOINT((0.,0.,0.));
#6697=IFCDIRECTION((0.,0.,1.));
#6698=IFCDIRECTION((1.,0.,0.));
#6699=IFCAXIS2PLACEMENT3D(#6696,#6697,#6698);
#6700=IFCDIRECTION((0.,0.,1.));
#6701=IFCEXTRUDEDAREASOLID(#6695,#6699,#6700,3.);
#6702=IFCSHAPEREPRESENTATION(#11,'Body','SweptSolid',(#6701));
#6703=IFCCARTESIANPOINTLIST2D(((0.,0.),(4.1599997282028296,0.)));
#6704=IFCINDEXEDPOLYCURVE(#6703,$,$);
#6705=IFCSHAPEREPRESENTATION(#23,'Axis','Curve2D',(#6704));
#6706=IFCWALL('3GIhiYuV11UOmYzijrEdbJ',$,'Wall',$,$,#6717,#6712,$,$);
#6707=IFCMATERIALLAYERSETUSAGE(#82,.AXIS2.,.POSITIVE.,0.,$);
#6708=IFCRELASSOCIATESMATERIAL('2ax1WCS5T7GRntlJ9bj8c3',$,$,$,(#6706),#6707);
#6712=IFCPRODUCTDEFINITIONSHAPE($,$,(#6802,#6799));
#6713=IFCCARTESIANPOINT((0.37383264303207397,2.6165580749511719,0.));
#6714=IFCDIRECTION((0.,0.,1.));
#6715=IFCDIRECTION((7.5497901264043109E-08,0.99999999999999711,0.));
#6716=IFCAXIS2PLACEMENT3D(#6713,#6714,#6715);
#6717=IFCLOCALPLACEMENT(#5542,#6716);
#6728=IFCPROPERTYSET('3gpN93pwL2AfWrE3N_H7_M',$,'EPset_Parametric',$,(#6730));
#6729=IFCRELDEFINESBYPROPERTIES('2EKIDz_FXAp93cGNovWxTc',$,$,$,(#6706),#6728);
#6730=IFCPROPERTYSINGLEVALUE('Engine',$,IFCLABEL('Bonsai.DumbLayer2'),$);
#6758=IFCCARTESIANPOINT((0.37383286197588272,5.5165566852887533,0.));
#6759=IFCDIRECTION((0.,0.,1.));
#6760=IFCDIRECTION((-0.99999999999992428,3.8941436741876494E-07,0.));
#6761=IFCAXIS2PLACEMENT3D(#6758,#6759,#6760);
#6762=IFCLOCALPLACEMENT(#5542,#6761);
#6776=IFCRELCONNECTSPATHELEMENTS('2fDKnAHYvESxr2WlMM7xr7',$,$,$,$,#5874,#6706,(),(),.ATEND.,.ATSTART.);
#6777=IFCCARTESIANPOINTLIST2D(((0.,0.),(0.099999968608358317,0.10000000000000001),(3.540000933008181,0.10000000000000001),(3.6400009794994186,0.)));
#6778=IFCINDEXEDPOLYCURVE(#6777,(IFCLINEINDEX((1,2,3,4,1))),$);
#6779=IFCARBITRARYCLOSEDPROFILEDEF(.AREA.,$,#6778);
#6780=IFCCARTESIANPOINT((0.,0.,0.));
#6781=IFCDIRECTION((0.,0.,1.));
#6782=IFCDIRECTION((1.,0.,0.));
#6783=IFCAXIS2PLACEMENT3D(#6780,#6781,#6782);
#6784=IFCDIRECTION((0.,0.,1.));
#6785=IFCEXTRUDEDAREASOLID(#6779,#6783,#6784,3.);
#6786=IFCSHAPEREPRESENTATION(#11,'Body','SweptSolid',(#6785));
#6787=IFCCARTESIANPOINTLIST2D(((0.,0.),(3.6400009794994186,0.)));
#6788=IFCINDEXEDPOLYCURVE(#6787,$,$);
#6789=IFCSHAPEREPRESENTATION(#23,'Axis','Curve2D',(#6788));
#6790=IFCCARTESIANPOINTLIST2D(((0.,0.),(0.,0.10000000000000001),(2.7999986417292315,0.10000000000000001),(2.8999986103375899,0.)));
#6791=IFCINDEXEDPOLYCURVE(#6790,(IFCLINEINDEX((1,2,3,4,1))),$);
#6792=IFCARBITRARYCLOSEDPROFILEDEF(.AREA.,$,#6791);
#6793=IFCCARTESIANPOINT((0.,0.,0.));
#6794=IFCDIRECTION((0.,0.,1.));
#6795=IFCDIRECTION((1.,0.,0.));
#6796=IFCAXIS2PLACEMENT3D(#6793,#6794,#6795);
#6797=IFCDIRECTION((0.,0.,1.));
#6798=IFCEXTRUDEDAREASOLID(#6792,#6796,#6797,3.);
#6799=IFCSHAPEREPRESENTATION(#11,'Body','SweptSolid',(#6798));
#6800=IFCCARTESIANPOINTLIST2D(((0.,0.),(2.8999986103375899,0.)));
#6801=IFCINDEXEDPOLYCURVE(#6800,$,$);
#6802=IFCSHAPEREPRESENTATION(#23,'Axis','Curve2D',(#6801));
#6867=IFCWALL('0HGM1j0WP7bwoItnVWKUNo',$,'Wall',$,$,#6878,#6873,$,$);
#6868=IFCMATERIALLAYERSETUSAGE(#82,.AXIS2.,.POSITIVE.,0.,$);
#6869=IFCRELASSOCIATESMATERIAL('2THT49ekz4e9oVc76CH4Pu',$,$,$,(#6867),#6868);
#6873=IFCPRODUCTDEFINITIONSHAPE($,$,(#6904,#6901));
#6874=IFCCARTESIANPOINT((4.1065120697021484,5.0025129318237305,0.));
#6875=IFCDIRECTION((0.,0.,1.));
#6876=IFCDIRECTION((-0.99999999999998868,-1.5099580252808492E-07,0.));
#6877=IFCAXIS2PLACEMENT3D(#6874,#6875,#6876);
#6878=IFCLOCALPLACEMENT(#5542,#6877);
#6889=IFCPROPERTYSET('25qAsDjg9BiPqoSd82$kzr',$,'EPset_Parametric',$,(#6891));
#6890=IFCRELDEFINESBYPROPERTIES('3uPzFfa2598wZPLqc8QRDR',$,$,$,(#6867),#6889);
#6891=IFCPROPERTYSINGLEVALUE('Engine',$,IFCLABEL('Bonsai.DumbLayer2'),$);
#6892=IFCCARTESIANPOINTLIST2D(((0.,0.),(0.,0.10000000000000001),(3.7326717562547116,0.10000000000000001),(3.7326717562547116,0.)));
#6893=IFCINDEXEDPOLYCURVE(#6892,(IFCLINEINDEX((1,2,3,4,1))),$);
#6894=IFCARBITRARYCLOSEDPROFILEDEF(.AREA.,$,#6893);
#6895=IFCCARTESIANPOINT((0.,0.,0.));
#6896=IFCDIRECTION((0.,0.,1.));
#6897=IFCDIRECTION((1.,0.,0.));
#6898=IFCAXIS2PLACEMENT3D(#6895,#6896,#6897);
#6899=IFCDIRECTION((0.,0.,1.));
#6900=IFCEXTRUDEDAREASOLID(#6894,#6898,#6899,3.);
#6901=IFCSHAPEREPRESENTATION(#11,'Body','SweptSolid',(#6900));
#6902=IFCCARTESIANPOINTLIST2D(((0.,0.),(3.7326717562547116,0.)));
#6903=IFCINDEXEDPOLYCURVE(#6902,$,$);
#6904=IFCSHAPEREPRESENTATION(#23,'Axis','Curve2D',(#6903));
#6905=IFCWALL('0r3GLclvn0bv6EH8EUKeSu',$,'Wall',$,$,#6916,#6911,$,$);
#6906=IFCMATERIALLAYERSETUSAGE(#82,.AXIS2.,.POSITIVE.,0.,$);
#6907=IFCRELASSOCIATESMATERIAL('3j6G_T6xTESPtq9I_tov33',$,$,$,(#6905),#6906);
#6911=IFCPRODUCTDEFINITIONSHAPE($,$,(#6942,#6939));
#6912=IFCCARTESIANPOINT((4.1143875122070312,0.45419099926948547,0.));
#6913=IFCDIRECTION((0.,0.,1.));
#6914=IFCDIRECTION((-0.99999999999998868,-1.5099580252808492E-07,0.));
#6915=IFCAXIS2PLACEMENT3D(#6912,#6913,#6914);
#6916=IFCLOCALPLACEMENT(#5542,#6915);
#6927=IFCPROPERTYSET('0zjaMh3qr11uUtKAoAunfT',$,'EPset_Parametric',$,(#6929));
#6928=IFCRELDEFINESBYPROPERTIES('0YTpMQEDz1$R$Cc5cbEeoq',$,$,$,(#6905),#6927);
#6929=IFCPROPERTYSINGLEVALUE('Engine',$,IFCLABEL('Bonsai.DumbLayer2'),$);
#6930=IFCCARTESIANPOINTLIST2D(((0.,0.),(0.,0.10000000000000001),(3.7556839146645746,0.10000000000000001),(3.7556839146645746,0.)));
#6931=IFCINDEXEDPOLYCURVE(#6930,(IFCLINEINDEX((1,2,3,4,1))),$);
#6932=IFCARBITRARYCLOSEDPROFILEDEF(.AREA.,$,#6931);
#6933=IFCCARTESIANPOINT((0.,0.,0.));
#6934=IFCDIRECTION((0.,0.,1.));
#6935=IFCDIRECTION((1.,0.,0.));
#6936=IFCAXIS2PLACEMENT3D(#6933,#6934,#6935);
#6937=IFCDIRECTION((0.,0.,1.));
#6938=IFCEXTRUDEDAREASOLID(#6932,#6936,#6937,3.);
#6939=IFCSHAPEREPRESENTATION(#11,'Body','SweptSolid',(#6938));
#6940=IFCCARTESIANPOINTLIST2D(((0.,0.),(3.7556839146645746,0.)));
#6941=IFCINDEXEDPOLYCURVE(#6940,$,$);
#6942=IFCSHAPEREPRESENTATION(#23,'Axis','Curve2D',(#6941));
#7007=IFCSLAB('1Q5DIW2IzFJv99J8mX9IYR',$,'Slab',$,$,#7014,#7021,$,$);
#7008=IFCMATERIALLAYERSETUSAGE(#1846,.AXIS3.,.POSITIVE.,-0.10000000149011612,$);
#7009=IFCRELASSOCIATESMATERIAL('0$sjNqOf53I8dzbXK1AhCc',$,$,$,(#7007),#7008);
#7010=IFCCARTESIANPOINT((4.2038307189941406,-3.1334409713745117,0.));
#7011=IFCDIRECTION((0.,0.,1.));
#7012=IFCDIRECTION((1.,0.,0.));
#7013=IFCAXIS2PLACEMENT3D(#7010,#7011,#7012);
#7014=IFCLOCALPLACEMENT(#5542,#7013);
#7015=IFCCARTESIANPOINTLIST2D(((0.,0.),(-7.4699997901916504,-1.1920928955078125E-06),(-7.4699993133544922,9.6200132369995117),(2.6702880859375E-05,9.6200141906738281),(0.,0.)));
#7016=IFCINDEXEDPOLYCURVE(#7015,$,$);
#7017=IFCDIRECTION((0.,0.,1.));
#7018=IFCARBITRARYCLOSEDPROFILEDEF(.AREA.,$,#7016);
#7019=IFCEXTRUDEDAREASOLID(#7018,#7028,#7017,0.10000000000000001);
#7020=IFCSHAPEREPRESENTATION(#11,'Body','SweptSolid',(#7019));
#7021=IFCPRODUCTDEFINITIONSHAPE($,$,(#7020));
#7022=IFCPROPERTYSET('00FV0Nn753ZecZkv1meolw',$,'EPset_Parametric',$,(#7024));
#7023=IFCRELDEFINESBYPROPERTIES('17BfM1$KT0VfpWfEKYZIft',$,$,$,(#7007),#7022);
#7024=IFCPROPERTYSINGLEVALUE('Engine',$,IFCLABEL('Bonsai.DumbLayer3'),$);
#7025=IFCCARTESIANPOINT((-0.,-0.,-0.10000000149011612));
#7026=IFCDIRECTION((0.,0.,1.));
#7027=IFCDIRECTION((1.,0.,0.));
#7028=IFCAXIS2PLACEMENT3D(#7025,#7026,#7027);
#7029=IFCSLAB('1BF6qfWZPBSQaRujWCRS_w',$,'Slab',$,$,#7270,#7044,$,$);
#7030=IFCRELCONTAINEDINSPATIALSTRUCTURE('1DT0YQ9uX8j8UjI8emKc_V',$,$,$,(#7029,#7052,#7074),#5687);
#7031=IFCMATERIALLAYERSETUSAGE(#1846,.AXIS3.,.POSITIVE.,-0.10000000149011612,$);
#7032=IFCRELASSOCIATESMATERIAL('3LATXYy$TEuh6SOfr5xdMm',$,$,$,(#7029),#7031);
#7038=IFCCARTESIANPOINTLIST2D(((0.,0.),(-2.3499984741210938,0.),(-2.3499984741210938,0.90000009536743164),(-3.9299983978271484,0.89999961853027344),(-3.9299983978271484,1.4899992942810059),(-7.4699974060058594,1.4899992942810059),(-7.469998836517334,8.6499996185302734),(-3.9699985980987549,8.6499977111816406),(-3.969998836517334,9.5199975967407227),(-3.969998836517334,9.6199970245361328),(9.5367431640625E-07,9.6199970245361328),(0.,0.)));
#7039=IFCINDEXEDPOLYCURVE(#7038,$,$);
#7040=IFCDIRECTION((0.,0.,1.));
#7041=IFCARBITRARYCLOSEDPROFILEDEF(.AREA.,$,#7039);
#7042=IFCEXTRUDEDAREASOLID(#7041,#7051,#7040,0.10000000000000001);
#7043=IFCSHAPEREPRESENTATION(#11,'Body','SweptSolid',(#7042));
#7044=IFCPRODUCTDEFINITIONSHAPE($,$,(#7043));
#7045=IFCPROPERTYSET('1MTeTVTeL5zgYiu7zM20qt',$,'EPset_Parametric',$,(#7047));
#7046=IFCRELDEFINESBYPROPERTIES('0fXc1epHL8_vy5VU5J5SI1',$,$,$,(#7029),#7045);
#7047=IFCPROPERTYSINGLEVALUE('Engine',$,IFCLABEL('Bonsai.DumbLayer3'),$);
#7048=IFCCARTESIANPOINT((-0.,-0.,-0.10000000149011612));
#7049=IFCDIRECTION((0.,0.,1.));
#7050=IFCDIRECTION((1.,0.,0.));
#7051=IFCAXIS2PLACEMENT3D(#7048,#7049,#7050);
#7052=IFCROOF('1O4HucL3bANf349X5zyiaK',$,'Roof',$,$,#7285,#7061,$,$);
#7053=IFCRELDEFINESBYTYPE('3AVuxpVxX7vxXqIOPEobYx',$,$,$,(#7052,#7074),#5566);
#7054=IFCCARTESIANPOINT((0.,0.,0.));
#7055=IFCDIRECTION((1.,0.,0.));
#7056=IFCDIRECTION((0.,1.,0.));
#7057=IFCDIRECTION((0.,0.,1.));
#7058=IFCCARTESIANTRANSFORMATIONOPERATOR3D(#7055,#7056,#7054,1.,#7057);
#7059=IFCMAPPEDITEM(#5596,#7058);
#7060=IFCSHAPEREPRESENTATION(#11,'Body','MappedRepresentation',(#7059));
#7061=IFCPRODUCTDEFINITIONSHAPE($,$,(#7060,#7068));
#7062=IFCCARTESIANPOINT((0.,0.,0.));
#7063=IFCDIRECTION((1.,0.,0.));
#7064=IFCDIRECTION((0.,1.,0.));
#7065=IFCDIRECTION((0.,0.,1.));
#7066=IFCCARTESIANTRANSFORMATIONOPERATOR3D(#7063,#7064,#7062,1.,#7065);
#7067=IFCMAPPEDITEM(#5624,#7066);
#7068=IFCSHAPEREPRESENTATION(#13,'Box','MappedRepresentation',(#7067));
#7074=IFCROOF('211u20GjP2d84_LE_g4VBB',$,'Roof',$,$,#7280,#7082,$,$);
#7075=IFCCARTESIANPOINT((0.,0.,0.));
#7076=IFCDIRECTION((1.,0.,0.));
#7077=IFCDIRECTION((0.,1.,0.));
#7078=IFCDIRECTION((0.,0.,1.));
#7079=IFCCARTESIANTRANSFORMATIONOPERATOR3D(#7076,#7077,#7075,1.,#7078);
#7080=IFCMAPPEDITEM(#5596,#7079);
#7081=IFCSHAPEREPRESENTATION(#11,'Body','MappedRepresentation',(#7080));
#7082=IFCPRODUCTDEFINITIONSHAPE($,$,(#7081,#7089));
#7083=IFCCARTESIANPOINT((0.,0.,0.));
#7084=IFCDIRECTION((1.,0.,0.));
#7085=IFCDIRECTION((0.,1.,0.));
#7086=IFCDIRECTION((0.,0.,1.));
#7087=IFCCARTESIANTRANSFORMATIONOPERATOR3D(#7084,#7085,#7083,1.,#7086);
#7088=IFCMAPPEDITEM(#5624,#7087);
#7089=IFCSHAPEREPRESENTATION(#13,'Box','MappedRepresentation',(#7088));
#7095=IFCDOORTYPE('2RXGOxglTC6AYdgah3DiZ4',$,'T&B - 2F',$,$,(#7096),(#7098,#7106,#7175,#7463),$,$,.DOOR.,.SINGLE_SWING_LEFT.,$,$);
#7096=IFCPROPERTYSET('0F8BAVDUXFPeGhtfCX3ugB',$,'BBIM_Door',$,(#7097));
#7097=IFCPROPERTYSINGLEVALUE('Data',$,IFCTEXT('{"door_type": "SLIDING_TO_LEFT", "overall_height": 2.0, "overall_width": 0.7468794584274292, "lining_properties": {"lining_depth": 0.10000026226043701, "lining_thickness": 0.05000000074505806, "lining_offset": 0.0, "transom_thickness": 0.0, "casing_thickness": 0.07500000298023224, "casing_depth": 0.004999999888241291, "threshold_thickness": 0.02500000037252903, "threshold_depth": 0.10000000149011612, "threshold_offset": 0.0}, "panel_properties": {"panel_depth": 0.03500000014901161, "panel_width_ratio": 1.0}}'),$);
#7098=IFCREPRESENTATIONMAP(#7099,#7378);
#7099=IFCAXIS2PLACEMENT3D(#7100,#7101,#7102);
#7100=IFCCARTESIANPOINT((0.,0.,0.));
#7101=IFCDIRECTION((0.,0.,1.));
#7102=IFCDIRECTION((1.,0.,0.));
#7106=IFCREPRESENTATIONMAP(#7107,#7442);
#7107=IFCAXIS2PLACEMENT3D(#7108,#7109,#7110);
#7108=IFCCARTESIANPOINT((0.,0.,0.));
#7109=IFCDIRECTION((0.,0.,1.));
#7110=IFCDIRECTION((1.,0.,0.));
#7175=IFCREPRESENTATIONMAP(#7176,#7453);
#7176=IFCAXIS2PLACEMENT3D(#7177,#7178,#7179);
#7177=IFCCARTESIANPOINT((0.,0.,0.));
#7178=IFCDIRECTION((0.,0.,1.));
#7179=IFCDIRECTION((1.,0.,0.));
#7196=IFCDOOR('0aq8ISF$90$OxOq6nKb0hv',$,'Door',$,$,#7495,#7205,$,2.,0.7468794584274292,$,.SLIDING_TO_LEFT.,$);
#7197=IFCRELDEFINESBYTYPE('21fO7Yx7vDFewCOAmN345X',$,$,$,(#7196),#7095);
#7198=IFCCARTESIANPOINT((0.,0.,0.));
#7199=IFCDIRECTION((1.,0.,0.));
#7200=IFCDIRECTION((0.,1.,0.));
#7201=IFCDIRECTION((0.,0.,1.));
#7202=IFCCARTESIANTRANSFORMATIONOPERATOR3D(#7199,#7200,#7198,1.,#7201);
#7203=IFCMAPPEDITEM(#7098,#7202);
#7204=IFCSHAPEREPRESENTATION(#18,'Profile','MappedRepresentation',(#7203));
#7205=IFCPRODUCTDEFINITIONSHAPE($,$,(#7204,#7212,#7219,#7470));
#7206=IFCCARTESIANPOINT((0.,0.,0.));
#7207=IFCDIRECTION((1.,0.,0.));
#7208=IFCDIRECTION((0.,1.,0.));
#7209=IFCDIRECTION((0.,0.,1.));
#7210=IFCCARTESIANTRANSFORMATIONOPERATOR3D(#7207,#7208,#7206,1.,#7209);
#7211=IFCMAPPEDITEM(#7106,#7210);
#7212=IFCSHAPEREPRESENTATION(#11,'Body','MappedRepresentation',(#7211));
#7213=IFCCARTESIANPOINT((0.,0.,0.));
#7214=IFCDIRECTION((1.,0.,0.));
#7215=IFCDIRECTION((0.,1.,0.));
#7216=IFCDIRECTION((0.,0.,1.));
#7217=IFCCARTESIANTRANSFORMATIONOPERATOR3D(#7214,#7215,#7213,1.,#7216);
#7218=IFCMAPPEDITEM(#7175,#7217);
#7219=IFCSHAPEREPRESENTATION(#24,'Body','MappedRepresentation',(#7218));
#7220=IFCOPENINGELEMENT('3gTkYFx5P6ygbhROwELgRf',$,'Opening',$,$,#7490,#7248,$,.OPENING.);
#7236=IFCCARTESIANPOINT((0.,0.,0.));
#7237=IFCDIRECTION((1.,0.,0.));
#7238=IFCDIRECTION((0.,0.,1.));
#7239=IFCAXIS2PLACEMENT3D(#7236,#7238,#7237);
#7240=IFCREPRESENTATIONMAP(#7239,#7480);
#7241=IFCCARTESIANPOINT((0.,0.,0.));
#7242=IFCDIRECTION((1.,0.,0.));
#7243=IFCDIRECTION((0.,1.,0.));
#7244=IFCDIRECTION((0.,0.,1.));
#7245=IFCCARTESIANTRANSFORMATIONOPERATOR3D(#7242,#7243,#7241,1.,#7244);
#7246=IFCMAPPEDITEM(#7240,#7245);
#7247=IFCSHAPEREPRESENTATION(#11,'Body','MappedRepresentation',(#7246));
#7248=IFCPRODUCTDEFINITIONSHAPE($,$,(#7247));
#7249=IFCRELVOIDSELEMENT('04sf_RtUf6sAbW9cnlCMiQ',$,$,$,#6867,#7220);
#7255=IFCRELFILLSELEMENT('2O6_lkJYHE489lr0keP2KO',$,$,$,#7220,#7196);
#7261=IFCCARTESIANPOINT((0.,0.,0.));
#7262=IFCDIRECTION((0.,0.,1.));
#7263=IFCDIRECTION((1.,0.,0.));
#7264=IFCAXIS2PLACEMENT3D(#7261,#7262,#7263);
#7265=IFCLOCALPLACEMENT(#56,#7264);
#7266=IFCCARTESIANPOINT((4.2038307189941406,-3.1334409713745117,6.));
#7267=IFCDIRECTION((0.,0.,1.));
#7268=IFCDIRECTION((1.,0.,0.));
#7269=IFCAXIS2PLACEMENT3D(#7266,#7267,#7268);
#7270=IFCLOCALPLACEMENT(#7265,#7269);
#7276=IFCCARTESIANPOINT((7.9030952453613281,3.0270953178405762,6.));
#7277=IFCDIRECTION((0.,0.,1.));
#7278=IFCDIRECTION((1.,0.,0.));
#7279=IFCAXIS2PLACEMENT3D(#7276,#7277,#7278);
#7280=IFCLOCALPLACEMENT(#7265,#7279);
#7281=IFCCARTESIANPOINT((0.64139366149902344,1.704859733581543,6.1015424728393555));
#7282=IFCDIRECTION((0.,0.,1.));
#7283=IFCDIRECTION((1.,0.,0.));
#7284=IFCAXIS2PLACEMENT3D(#7281,#7282,#7283);
#7285=IFCLOCALPLACEMENT(#7265,#7284);
#7376=IFCCARTESIANPOINTLIST3D(((0.,0.,0.),(0.7468794584274292,0.,0.),(0.7468794584274292,0.,2.),(0.,0.,2.)));
#7377=IFCINDEXEDPOLYCURVE(#7376,(IFCLINEINDEX((1,2,3,4,1))),$);
#7378=IFCSHAPEREPRESENTATION(#18,'Profile','Curve3D',(#7377));
#7379=IFCCARTESIANPOINTLIST2D(((0.,0.),(0.,2.),(0.7468794584274292,2.),(0.7468794584274292,0.),(0.69687945768237114,0.),(0.69687945768237114,1.9499999992549419),(0.05000000074505806,1.9499999992549419),(0.05000000074505806,0.)));
#7380=IFCINDEXEDPOLYCURVE(#7379,(IFCLINEINDEX((1,2,3,4,5,6,7,8,1))),$);
#7381=IFCARBITRARYCLOSEDPROFILEDEF(.AREA.,$,#7380);
#7382=IFCCARTESIANPOINT((0.,0.,0.));
#7383=IFCDIRECTION((0.,-1.,0.));
#7384=IFCDIRECTION((1.,0.,0.));
#7385=IFCAXIS2PLACEMENT3D(#7382,#7383,#7384);
#7386=IFCDIRECTION((0.,0.,-1.));
#7387=IFCEXTRUDEDAREASOLID(#7381,#7385,#7386,0.10000026226043701);
#7388=IFCCARTESIANPOINTLIST2D(((0.,0.),(0.64687945693731308,0.),(0.64687945693731308,0.10000000149011612),(0.,0.10000000149011612)));
#7389=IFCINDEXEDPOLYCURVE(#7388,(IFCLINEINDEX((1,2,3,4,1))),$);
#7390=IFCARBITRARYCLOSEDPROFILEDEF(.AREA.,$,#7389);
#7391=IFCCARTESIANPOINT((0.05000000074505806,0.,0.));
#7392=IFCDIRECTION((0.,0.,1.));
#7393=IFCDIRECTION((1.,0.,0.));
#7394=IFCAXIS2PLACEMENT3D(#7391,#7392,#7393);
#7395=IFCDIRECTION((0.,0.,1.));
#7396=IFCEXTRUDEDAREASOLID(#7390,#7394,#7395,0.02500000037252903);
#7397=IFCCARTESIANPOINTLIST2D(((0.,0.),(0.,2.0250000022351742),(0.79687946289777756,2.0250000022351742),(0.79687946289777756,0.),(0.72187945991754532,0.),(0.72187945991754532,1.9499999992549419),(0.075000002980232239,1.9499999992549419),(0.075000002980232239,0.)));
#7398=IFCINDEXEDPOLYCURVE(#7397,(IFCLINEINDEX((1,2,3,4,5,6,7,8,1))),$);
#7399=IFCARBITRARYCLOSEDPROFILEDEF(.AREA.,$,#7398);
#7400=IFCCARTESIANPOINT((-0.025000002235174179,-0.004999999888241291,0.));
#7401=IFCDIRECTION((0.,-1.,0.));
#7402=IFCDIRECTION((1.,0.,0.));
#7403=IFCAXIS2PLACEMENT3D(#7400,#7401,#7402);
#7404=IFCDIRECTION((0.,0.,-1.));
#7405=IFCEXTRUDEDAREASOLID(#7399,#7403,#7404,0.004999999888241291);
#7406=IFCCARTESIANPOINTLIST2D(((0.,0.),(0.,2.0250000022351742),(0.79687946289777756,2.0250000022351742),(0.79687946289777756,0.),(0.72187945991754532,0.),(0.72187945991754532,1.9499999992549419),(0.075000002980232239,1.9499999992549419),(0.075000002980232239,0.)));
#7407=IFCINDEXEDPOLYCURVE(#7406,(IFCLINEINDEX((1,2,3,4,5,6,7,8,1))),$);
#7408=IFCARBITRARYCLOSEDPROFILEDEF(.AREA.,$,#7407);
#7409=IFCCARTESIANPOINT((-0.025000002235174179,0.10000026226043701,0.));
#7410=IFCDIRECTION((0.,-1.,0.));
#7411=IFCDIRECTION((1.,0.,0.));
#7412=IFCAXIS2PLACEMENT3D(#7409,#7410,#7411);
#7413=IFCDIRECTION((0.,0.,-1.));
#7414=IFCEXTRUDEDAREASOLID(#7408,#7412,#7413,0.004999999888241291);
#7415=IFCCARTESIANPOINTLIST2D(((0.,0.),(0.64687945693731308,0.),(0.64687945693731308,0.035000000149011612),(0.,0.035000000149011612)));
#7416=IFCINDEXEDPOLYCURVE(#7415,(IFCLINEINDEX((1,2,3,4,1))),$);
#7417=IFCARBITRARYCLOSEDPROFILEDEF(.AREA.,$,#7416);
#7418=IFCCARTESIANPOINT((0.05000000074505806,-0.035000000149011612,0.02500000037252903));
#7419=IFCDIRECTION((0.,0.,1.));
#7420=IFCDIRECTION((1.,0.,0.));
#7421=IFCAXIS2PLACEMENT3D(#7418,#7419,#7420);
#7422=IFCDIRECTION((0.,0.,1.));
#7423=IFCEXTRUDEDAREASOLID(#7417,#7421,#7422,1.9249999988824129);
#7424=IFCCARTESIANPOINTLIST2D(((0.,0.),(0.,-0.040000000000000008),(-0.11999999999999988,-0.040000000000000008),(-0.11999999999999988,-0.020000000000000004),(-0.020000000000000018,-0.020000000000000004),(-0.020000000000000018,0.)));
#7425=IFCINDEXEDPOLYCURVE(#7424,(IFCLINEINDEX((1,2,3,4,5,6,1))),$);
#7426=IFCARBITRARYCLOSEDPROFILEDEF(.AREA.,$,#7425);
#7427=IFCCARTESIANPOINT((0.6468794576823711,-0.035000000149011612,1.015000000372529));
#7428=IFCDIRECTION((0.,0.,1.));
#7429=IFCDIRECTION((1.,0.,0.));
#7430=IFCAXIS2PLACEMENT3D(#7427,#7428,#7429);
#7431=IFCDIRECTION((0.,0.,1.));
#7432=IFCEXTRUDEDAREASOLID(#7426,#7430,#7431,0.02);
#7433=IFCEXTRUDEDAREASOLID(#7434,#7437,#7441,0.02);
#7434=IFCARBITRARYCLOSEDPROFILEDEF(.AREA.,$,#7435);
#7435=IFCINDEXEDPOLYCURVE(#7436,(IFCLINEINDEX((1,2,3,4,5,6,1))),$);
#7436=IFCCARTESIANPOINTLIST2D(((0.,0.),(0.,0.040000000000000008),(-0.11999999999999988,0.040000000000000008),(-0.11999999999999988,0.020000000000000004),(-0.020000000000000018,0.020000000000000004),(-0.020000000000000018,0.)));
#7437=IFCAXIS2PLACEMENT3D(#7438,#7439,#7440);
#7438=IFCCARTESIANPOINT((0.6468794576823711,0.,1.015000000372529));
#7439=IFCDIRECTION((0.,0.,1.));
#7440=IFCDIRECTION((1.,0.,0.));
#7441=IFCDIRECTION((0.,0.,1.));
#7442=IFCSHAPEREPRESENTATION(#11,'Body','SweptSolid',(#7387,#7423,#7432,#7433,#7396,#7405,#7414));
#7443=IFCSHAPEREPRESENTATION(#11,'Body','SweptSolid',(#7387,#7396,#7405,#7414));
#7444=IFCSHAPEASPECT((#7443),'Lining',$,.T.,#7205);
#7445=IFCSHAPEREPRESENTATION(#11,'Body','SweptSolid',(#7423,#7432,#7433));
#7446=IFCSHAPEASPECT((#7445),'Framing',$,.T.,#7205);
#7447=IFCCARTESIANPOINTLIST2D(((0.,0.),(0.05000000074505806,0.),(0.05000000074505806,0.10000026226043701),(0.,0.10000026226043701)));
#7448=IFCINDEXEDPOLYCURVE(#7447,(IFCLINEINDEX((1,2,3,4,1))),$);
#7449=IFCINDEXEDPOLYCURVE(#7450,(IFCLINEINDEX((1,2,3,4,1))),$);
#7450=IFCCARTESIANPOINTLIST2D(((0.7468794584274292,0.),(0.69687945768237114,0.),(0.69687945768237114,0.10000026226043701),(0.7468794584274292,0.10000026226043701)));
#7451=IFCCARTESIANPOINTLIST2D(((-0.27343972772359848,-0.035000000149011612),(0.3734397292137146,-0.035000000149011612),(0.3734397292137146,0.),(-0.27343972772359848,0.)));
#7452=IFCINDEXEDPOLYCURVE(#7451,(IFCLINEINDEX((1,2,3,4,1))),$);
#7453=IFCSHAPEREPRESENTATION(#24,'Body','Curve2D',(#7448,#7449,#7452));
#7454=IFCCARTESIANPOINTLIST2D(((0.27640781067311759,-0.081587428267465345),(0.47047164775431155,-0.081587428267465345)));
#7455=IFCINDEXEDPOLYCURVE(#7454,$,$);
#7456=IFCCARTESIANPOINTLIST2D(((0.30640781067311762,-0.050529142855162856),(0.27640781067311759,-0.081587428267465345),(0.30640781067311762,-0.11264571367976783)));
#7457=IFCINDEXEDPOLYCURVE(#7456,$,$);
#7458=IFCSHAPEREPRESENTATION(#25,'Annotation','Curve2D',(#7455,#7457));
#7459=IFCCARTESIANPOINT((0.,0.,0.));
#7460=IFCDIRECTION((1.,0.,0.));
#7461=IFCDIRECTION((0.,0.,1.));
#7462=IFCAXIS2PLACEMENT3D(#7459,#7461,#7460);
#7463=IFCREPRESENTATIONMAP(#7462,#7458);
#7464=IFCCARTESIANPOINT((0.,0.,0.));
#7465=IFCDIRECTION((1.,0.,0.));
#7466=IFCDIRECTION((0.,1.,0.));
#7467=IFCDIRECTION((0.,0.,1.));
#7468=IFCCARTESIANTRANSFORMATIONOPERATOR3D(#7465,#7466,#7464,1.,#7467);
#7469=IFCMAPPEDITEM(#7463,#7468);
#7470=IFCSHAPEREPRESENTATION(#25,'Annotation','MappedRepresentation',(#7469));
#7471=IFCCARTESIANPOINTLIST2D(((0.,0.),(0.7468794584274292,0.),(0.7468794584274292,2.),(0.,2.)));
#7472=IFCINDEXEDPOLYCURVE(#7471,(IFCLINEINDEX((1,2,3,4,1))),$);
#7473=IFCARBITRARYCLOSEDPROFILEDEF(.AREA.,$,#7472);
#7474=IFCCARTESIANPOINT((0.,-0.60000002384185791,0.));
#7475=IFCDIRECTION((0.,-1.,0.));
#7476=IFCDIRECTION((1.,0.,0.));
#7477=IFCAXIS2PLACEMENT3D(#7474,#7475,#7476);
#7478=IFCDIRECTION((0.,0.,-1.));
#7479=IFCEXTRUDEDAREASOLID(#7473,#7477,#7478,1.2);
#7480=IFCSHAPEREPRESENTATION(#11,'Body','SweptSolid',(#7479));
#7486=IFCCARTESIANPOINT((3.4709649236995226,0.10000033420575161,0.));
#7487=IFCDIRECTION((0.,0.,1.));
#7488=IFCDIRECTION((-0.99999999999962474,8.6625153983254258E-07,0.));
#7489=IFCAXIS2PLACEMENT3D(#7486,#7487,#7488);
#7490=IFCLOCALPLACEMENT(#6878,#7489);
#7491=IFCCARTESIANPOINT((-1.3322676295501878E-15,0.,0.));
#7492=IFCDIRECTION((0.,0.,1.));
#7493=IFCDIRECTION((1.,1.0587911840678754E-22,0.));
#7494=IFCAXIS2PLACEMENT3D(#7491,#7492,#7493);
#7495=IFCLOCALPLACEMENT(#7490,#7494);
#7496=IFCDOORTYPE('3JJgbPwin5WeV6Cqcn41Iv',$,'Befroom 1 - 2F',$,$,(#7497),(#7499,#7507,#7576,#7588),$,$,.DOOR.,.SINGLE_SWING_LEFT.,$,$);
#7497=IFCPROPERTYSET('18ZdFiLfr3hgwg95oJouRW',$,'BBIM_Door',$,(#7498));
#7498=IFCPROPERTYSINGLEVALUE('Data',$,IFCTEXT('{"door_type": "SLIDING_TO_LEFT", "overall_height": 2.0, "overall_width": 0.7468794584274292, "lining_properties": {"lining_depth": 0.10000026226043701, "lining_thickness": 0.05000000074505806, "lining_offset": 0.0, "transom_thickness": 0.0, "casing_thickness": 0.07500000298023224, "casing_depth": 0.004999999888241291, "threshold_thickness": 0.02500000037252903, "threshold_depth": 0.10000000149011612, "threshold_offset": 0.0}, "panel_properties": {"panel_depth": 0.03500000014901161, "panel_width_ratio": 1.0}}'),$);
#7499=IFCREPRESENTATIONMAP(#7500,#7504);
#7500=IFCAXIS2PLACEMENT3D(#7501,#7502,#7503);
#7501=IFCCARTESIANPOINT((0.,0.,0.));
#7502=IFCDIRECTION((0.,0.,1.));
#7503=IFCDIRECTION((1.,0.,0.));
#7504=IFCSHAPEREPRESENTATION(#18,'Profile','Curve3D',(#7505));
#7505=IFCINDEXEDPOLYCURVE(#7506,(IFCLINEINDEX((1,2,3,4,1))),$);
#7506=IFCCARTESIANPOINTLIST3D(((0.,0.,0.),(0.7468794584274292,0.,0.),(0.7468794584274292,0.,2.),(0.,0.,2.)));
#7507=IFCREPRESENTATIONMAP(#7508,#7512);
#7508=IFCAXIS2PLACEMENT3D(#7509,#7510,#7511);
#7509=IFCCARTESIANPOINT((0.,0.,0.));
#7510=IFCDIRECTION((0.,0.,1.));
#7511=IFCDIRECTION((1.,0.,0.));
#7512=IFCSHAPEREPRESENTATION(#11,'Body','SweptSolid',(#7513,#7522,#7531,#7540,#7549,#7558,#7567));
#7513=IFCEXTRUDEDAREASOLID(#7514,#7517,#7521,0.10000026226043701);
#7514=IFCARBITRARYCLOSEDPROFILEDEF(.AREA.,$,#7515);
#7515=IFCINDEXEDPOLYCURVE(#7516,(IFCLINEINDEX((1,2,3,4,5,6,7,8,1))),$);
#7516=IFCCARTESIANPOINTLIST2D(((0.,0.),(0.,2.),(0.7468794584274292,2.),(0.7468794584274292,0.),(0.69687945768237114,0.),(0.69687945768237114,1.9499999992549419),(0.05000000074505806,1.9499999992549419),(0.05000000074505806,0.)));
#7517=IFCAXIS2PLACEMENT3D(#7518,#7519,#7520);
#7518=IFCCARTESIANPOINT((0.,0.,0.));
#7519=IFCDIRECTION((0.,-1.,0.));
#7520=IFCDIRECTION((1.,0.,0.));
#7521=IFCDIRECTION((0.,0.,-1.));
#7522=IFCEXTRUDEDAREASOLID(#7523,#7526,#7530,1.9249999988824129);
#7523=IFCARBITRARYCLOSEDPROFILEDEF(.AREA.,$,#7524);
#7524=IFCINDEXEDPOLYCURVE(#7525,(IFCLINEINDEX((1,2,3,4,1))),$);
#7525=IFCCARTESIANPOINTLIST2D(((0.,0.),(0.64687945693731308,0.),(0.64687945693731308,0.035000000149011612),(0.,0.035000000149011612)));
#7526=IFCAXIS2PLACEMENT3D(#7527,#7528,#7529);
#7527=IFCCARTESIANPOINT((0.05000000074505806,-0.035000000149011612,0.02500000037252903));
#7528=IFCDIRECTION((0.,0.,1.));
#7529=IFCDIRECTION((1.,0.,0.));
#7530=IFCDIRECTION((0.,0.,1.));
#7531=IFCEXTRUDEDAREASOLID(#7532,#7535,#7539,0.02);
#7532=IFCARBITRARYCLOSEDPROFILEDEF(.AREA.,$,#7533);
#7533=IFCINDEXEDPOLYCURVE(#7534,(IFCLINEINDEX((1,2,3,4,5,6,1))),$);
#7534=IFCCARTESIANPOINTLIST2D(((0.,0.),(0.,-0.040000000000000008),(-0.11999999999999988,-0.040000000000000008),(-0.11999999999999988,-0.020000000000000004),(-0.020000000000000018,-0.020000000000000004),(-0.020000000000000018,0.)));
#7535=IFCAXIS2PLACEMENT3D(#7536,#7537,#7538);
#7536=IFCCARTESIANPOINT((0.6468794576823711,-0.035000000149011612,1.015000000372529));
#7537=IFCDIRECTION((0.,0.,1.));
#7538=IFCDIRECTION((1.,0.,0.));
#7539=IFCDIRECTION((0.,0.,1.));
#7540=IFCEXTRUDEDAREASOLID(#7541,#7544,#7548,0.02);
#7541=IFCARBITRARYCLOSEDPROFILEDEF(.AREA.,$,#7542);
#7542=IFCINDEXEDPOLYCURVE(#7543,(IFCLINEINDEX((1,2,3,4,5,6,1))),$);
#7543=IFCCARTESIANPOINTLIST2D(((0.,0.),(0.,0.040000000000000008),(-0.11999999999999988,0.040000000000000008),(-0.11999999999999988,0.020000000000000004),(-0.020000000000000018,0.020000000000000004),(-0.020000000000000018,0.)));
#7544=IFCAXIS2PLACEMENT3D(#7545,#7546,#7547);
#7545=IFCCARTESIANPOINT((0.6468794576823711,0.,1.015000000372529));
#7546=IFCDIRECTION((0.,0.,1.));
#7547=IFCDIRECTION((1.,0.,0.));
#7548=IFCDIRECTION((0.,0.,1.));
#7549=IFCEXTRUDEDAREASOLID(#7550,#7553,#7557,0.02500000037252903);
#7550=IFCARBITRARYCLOSEDPROFILEDEF(.AREA.,$,#7551);
#7551=IFCINDEXEDPOLYCURVE(#7552,(IFCLINEINDEX((1,2,3,4,1))),$);
#7552=IFCCARTESIANPOINTLIST2D(((0.,0.),(0.64687945693731308,0.),(0.64687945693731308,0.10000000149011612),(0.,0.10000000149011612)));
#7553=IFCAXIS2PLACEMENT3D(#7554,#7555,#7556);
#7554=IFCCARTESIANPOINT((0.05000000074505806,0.,0.));
#7555=IFCDIRECTION((0.,0.,1.));
#7556=IFCDIRECTION((1.,0.,0.));
#7557=IFCDIRECTION((0.,0.,1.));
#7558=IFCEXTRUDEDAREASOLID(#7559,#7562,#7566,0.004999999888241291);
#7559=IFCARBITRARYCLOSEDPROFILEDEF(.AREA.,$,#7560);
#7560=IFCINDEXEDPOLYCURVE(#7561,(IFCLINEINDEX((1,2,3,4,5,6,7,8,1))),$);
#7561=IFCCARTESIANPOINTLIST2D(((0.,0.),(0.,2.0250000022351742),(0.79687946289777756,2.0250000022351742),(0.79687946289777756,0.),(0.72187945991754532,0.),(0.72187945991754532,1.9499999992549419),(0.075000002980232239,1.9499999992549419),(0.075000002980232239,0.)));
#7562=IFCAXIS2PLACEMENT3D(#7563,#7564,#7565);
#7563=IFCCARTESIANPOINT((-0.025000002235174179,-0.004999999888241291,0.));
#7564=IFCDIRECTION((0.,-1.,0.));
#7565=IFCDIRECTION((1.,0.,0.));
#7566=IFCDIRECTION((0.,0.,-1.));
#7567=IFCEXTRUDEDAREASOLID(#7568,#7571,#7575,0.004999999888241291);
#7568=IFCARBITRARYCLOSEDPROFILEDEF(.AREA.,$,#7569);
#7569=IFCINDEXEDPOLYCURVE(#7570,(IFCLINEINDEX((1,2,3,4,5,6,7,8,1))),$);
#7570=IFCCARTESIANPOINTLIST2D(((0.,0.),(0.,2.0250000022351742),(0.79687946289777756,2.0250000022351742),(0.79687946289777756,0.),(0.72187945991754532,0.),(0.72187945991754532,1.9499999992549419),(0.075000002980232239,1.9499999992549419),(0.075000002980232239,0.)));
#7571=IFCAXIS2PLACEMENT3D(#7572,#7573,#7574);
#7572=IFCCARTESIANPOINT((-0.025000002235174179,0.10000026226043701,0.));
#7573=IFCDIRECTION((0.,-1.,0.));
#7574=IFCDIRECTION((1.,0.,0.));
#7575=IFCDIRECTION((0.,0.,-1.));
#7576=IFCREPRESENTATIONMAP(#7577,#7581);
#7577=IFCAXIS2PLACEMENT3D(#7578,#7579,#7580);
#7578=IFCCARTESIANPOINT((0.,0.,0.));
#7579=IFCDIRECTION((0.,0.,1.));
#7580=IFCDIRECTION((1.,0.,0.));
#7581=IFCSHAPEREPRESENTATION(#24,'Body','Curve2D',(#7582,#7584,#7586));
#7582=IFCINDEXEDPOLYCURVE(#7583,(IFCLINEINDEX((1,2,3,4,1))),$);
#7583=IFCCARTESIANPOINTLIST2D(((0.,0.),(0.05000000074505806,0.),(0.05000000074505806,0.10000026226043701),(0.,0.10000026226043701)));
#7584=IFCINDEXEDPOLYCURVE(#7585,(IFCLINEINDEX((1,2,3,4,1))),$);
#7585=IFCCARTESIANPOINTLIST2D(((0.7468794584274292,0.),(0.69687945768237114,0.),(0.69687945768237114,0.10000026226043701),(0.7468794584274292,0.10000026226043701)));
#7586=IFCINDEXEDPOLYCURVE(#7587,(IFCLINEINDEX((1,2,3,4,1))),$);
#7587=IFCCARTESIANPOINTLIST2D(((-0.27343972772359848,-0.035000000149011612),(0.3734397292137146,-0.035000000149011612),(0.3734397292137146,0.),(-0.27343972772359848,0.)));
#7588=IFCREPRESENTATIONMAP(#7589,#7593);
#7589=IFCAXIS2PLACEMENT3D(#7590,#7591,#7592);
#7590=IFCCARTESIANPOINT((0.,0.,0.));
#7591=IFCDIRECTION((0.,0.,1.));
#7592=IFCDIRECTION((1.,0.,0.));
#7593=IFCSHAPEREPRESENTATION(#25,'Annotation','Curve2D',(#7594,#7596));
#7594=IFCINDEXEDPOLYCURVE(#7595,$,$);
#7595=IFCCARTESIANPOINTLIST2D(((0.27640781067311759,-0.081587428267465345),(0.47047164775431155,-0.081587428267465345)));
#7596=IFCINDEXEDPOLYCURVE(#7597,$,$);
#7597=IFCCARTESIANPOINTLIST2D(((0.30640781067311762,-0.050529142855162856),(0.27640781067311759,-0.081587428267465345),(0.30640781067311762,-0.11264571367976783)));
#7598=IFCDOOR('224D50CiP9VwTnjuMbmw8S',$,'Door',$,$,#10403,#7607,$,2.,0.7468794584274292,$,$,$);
#7599=IFCRELDEFINESBYTYPE('2HT$1y6DT2FRFz98oS6Y0e',$,$,$,(#7598),#7496);
#7600=IFCCARTESIANPOINT((0.,0.,0.));
#7601=IFCDIRECTION((1.,0.,0.));
#7602=IFCDIRECTION((0.,1.,0.));
#7603=IFCDIRECTION((0.,0.,1.));
#7604=IFCCARTESIANTRANSFORMATIONOPERATOR3D(#7601,#7602,#7600,1.,#7603);
#7605=IFCMAPPEDITEM(#7499,#7604);
#7606=IFCSHAPEREPRESENTATION(#18,'Profile','MappedRepresentation',(#7605));
#7607=IFCPRODUCTDEFINITIONSHAPE($,$,(#7606,#7614,#7621,#7628));
#7608=IFCCARTESIANPOINT((0.,0.,0.));
#7609=IFCDIRECTION((1.,0.,0.));
#7610=IFCDIRECTION((0.,1.,0.));
#7611=IFCDIRECTION((0.,0.,1.));
#7612=IFCCARTESIANTRANSFORMATIONOPERATOR3D(#7609,#7610,#7608,1.,#7611);
#7613=IFCMAPPEDITEM(#7507,#7612);
#7614=IFCSHAPEREPRESENTATION(#11,'Body','MappedRepresentation',(#7613));
#7615=IFCCARTESIANPOINT((0.,0.,0.));
#7616=IFCDIRECTION((1.,0.,0.));
#7617=IFCDIRECTION((0.,1.,0.));
#7618=IFCDIRECTION((0.,0.,1.));
#7619=IFCCARTESIANTRANSFORMATIONOPERATOR3D(#7616,#7617,#7615,1.,#7618);
#7620=IFCMAPPEDITEM(#7576,#7619);
#7621=IFCSHAPEREPRESENTATION(#24,'Body','MappedRepresentation',(#7620));
#7622=IFCCARTESIANPOINT((0.,0.,0.));
#7623=IFCDIRECTION((1.,0.,0.));
#7624=IFCDIRECTION((0.,1.,0.));
#7625=IFCDIRECTION((0.,0.,1.));
#7626=IFCCARTESIANTRANSFORMATIONOPERATOR3D(#7623,#7624,#7622,1.,#7625);
#7627=IFCMAPPEDITEM(#7588,#7626);
#7628=IFCSHAPEREPRESENTATION(#25,'Annotation','MappedRepresentation',(#7627));
#7629=IFCOPENINGELEMENT('0JSjbLMhv49AIrHB$nBXad',$,'Opening',$,$,#7709,#7657,$,.OPENING.);
#7635=IFCCARTESIANPOINTLIST2D(((0.,0.),(0.7468794584274292,0.),(0.7468794584274292,2.),(0.,2.)));
#7636=IFCINDEXEDPOLYCURVE(#7635,(IFCLINEINDEX((1,2,3,4,1))),$);
#7637=IFCARBITRARYCLOSEDPROFILEDEF(.AREA.,$,#7636);
#7638=IFCCARTESIANPOINT((0.,-0.60000002384185791,0.));
#7639=IFCDIRECTION((0.,-1.,0.));
#7640=IFCDIRECTION((1.,0.,0.));
#7641=IFCAXIS2PLACEMENT3D(#7638,#7639,#7640);
#7642=IFCDIRECTION((0.,0.,-1.));
#7643=IFCEXTRUDEDAREASOLID(#7637,#7641,#7642,1.2);
#7644=IFCSHAPEREPRESENTATION(#11,'Body','SweptSolid',(#7643));
#7645=IFCCARTESIANPOINT((0.,0.,0.));
#7646=IFCDIRECTION((1.,0.,0.));
#7647=IFCDIRECTION((0.,0.,1.));
#7648=IFCAXIS2PLACEMENT3D(#7645,#7647,#7646);
#7649=IFCREPRESENTATIONMAP(#7648,#7644);
#7650=IFCCARTESIANPOINT((0.,0.,0.));
#7651=IFCDIRECTION((1.,0.,0.));
#7652=IFCDIRECTION((0.,1.,0.));
#7653=IFCDIRECTION((0.,0.,1.));
#7654=IFCCARTESIANTRANSFORMATIONOPERATOR3D(#7651,#7652,#7650,1.,#7653);
#7655=IFCMAPPEDITEM(#7649,#7654);
#7656=IFCSHAPEREPRESENTATION(#11,'Body','MappedRepresentation',(#7655));
#7657=IFCPRODUCTDEFINITIONSHAPE($,$,(#7656));
#7658=IFCRELVOIDSELEMENT('28yKvr3OHCFuGmStRbPcwu',$,$,$,#6706,#7629);
#7664=IFCRELFILLSELEMENT('2CqTBrmIPEzONTXD2phVQ1',$,$,$,#7629,#7598);
#7705=IFCCARTESIANPOINT((0.98823402726673271,0.21000064919837125,0.));
#7706=IFCDIRECTION((0.,0.,1.));
#7707=IFCDIRECTION((-0.99999999999997868,2.0663207322967565E-07,0.));
#7708=IFCAXIS2PLACEMENT3D(#7705,#7706,#7707);
#7709=IFCLOCALPLACEMENT(#6717,#7708);
#7715=IFCDOORTYPE('0DSuOdldr9Qf7_vPcyLVMT',$,'Master - 2F',$,$,(#7716),(#7718,#7726,#7795,#7807),$,$,.DOOR.,.SINGLE_SWING_LEFT.,$,$);
#7716=IFCPROPERTYSET('1p2kM26WX4Je9OkQhij2st',$,'BBIM_Door',$,(#7717));
#7717=IFCPROPERTYSINGLEVALUE('Data',$,IFCTEXT('{"door_type": "SLIDING_TO_LEFT", "overall_height": 2.0, "overall_width": 0.8020040988922119, "lining_properties": {"lining_depth": 0.10000026226043701, "lining_thickness": 0.05000000074505806, "lining_offset": 0.0, "transom_thickness": 0.0, "casing_thickness": 0.07500000298023224, "casing_depth": 0.004999999888241291, "threshold_thickness": 0.02500000037252903, "threshold_depth": 0.10000000149011612, "threshold_offset": 0.0}, "panel_properties": {"panel_depth": 0.03500000014901161, "panel_width_ratio": 1.0}}'),$);
#7718=IFCREPRESENTATIONMAP(#7719,#7921);
#7719=IFCAXIS2PLACEMENT3D(#7720,#7721,#7722);
#7720=IFCCARTESIANPOINT((0.,0.,0.));
#7721=IFCDIRECTION((0.,0.,1.));
#7722=IFCDIRECTION((1.,0.,0.));
#7726=IFCREPRESENTATIONMAP(#7727,#7985);
#7727=IFCAXIS2PLACEMENT3D(#7728,#7729,#7730);
#7728=IFCCARTESIANPOINT((0.,0.,0.));
#7729=IFCDIRECTION((0.,0.,1.));
#7730=IFCDIRECTION((1.,0.,0.));
#7795=IFCREPRESENTATIONMAP(#7796,#7996);
#7796=IFCAXIS2PLACEMENT3D(#7797,#7798,#7799);
#7797=IFCCARTESIANPOINT((0.,0.,0.));
#7798=IFCDIRECTION((0.,0.,1.));
#7799=IFCDIRECTION((1.,0.,0.));
#7807=IFCREPRESENTATIONMAP(#7808,#8001);
#7808=IFCAXIS2PLACEMENT3D(#7809,#7810,#7811);
#7809=IFCCARTESIANPOINT((0.,0.,0.));
#7810=IFCDIRECTION((0.,0.,1.));
#7811=IFCDIRECTION((1.,0.,0.));
#7817=IFCDOOR('2YVIeV9j5EG81$768n2Rm_',$,'Door',$,$,#8026,#7826,$,2.,0.80200409889221191,$,.SLIDING_TO_LEFT.,$);
#7818=IFCRELDEFINESBYTYPE('1dW4fjq0f74hpr1$psVVEN',$,$,$,(#7817),#7715);
#7819=IFCCARTESIANPOINT((0.,0.,0.));
#7820=IFCDIRECTION((1.,0.,0.));
#7821=IFCDIRECTION((0.,1.,0.));
#7822=IFCDIRECTION((0.,0.,1.));
#7823=IFCCARTESIANTRANSFORMATIONOPERATOR3D(#7820,#7821,#7819,1.,#7822);
#7824=IFCMAPPEDITEM(#7718,#7823);
#7825=IFCSHAPEREPRESENTATION(#18,'Profile','MappedRepresentation',(#7824));
#7826=IFCPRODUCTDEFINITIONSHAPE($,$,(#7825,#7833,#7840,#7847));
#7827=IFCCARTESIANPOINT((0.,0.,0.));
#7828=IFCDIRECTION((1.,0.,0.));
#7829=IFCDIRECTION((0.,1.,0.));
#7830=IFCDIRECTION((0.,0.,1.));
#7831=IFCCARTESIANTRANSFORMATIONOPERATOR3D(#7828,#7829,#7827,1.,#7830);
#7832=IFCMAPPEDITEM(#7726,#7831);
#7833=IFCSHAPEREPRESENTATION(#11,'Body','MappedRepresentation',(#7832));
#7834=IFCCARTESIANPOINT((0.,0.,0.));
#7835=IFCDIRECTION((1.,0.,0.));
#7836=IFCDIRECTION((0.,1.,0.));
#7837=IFCDIRECTION((0.,0.,1.));
#7838=IFCCARTESIANTRANSFORMATIONOPERATOR3D(#7835,#7836,#7834,1.,#7837);
#7839=IFCMAPPEDITEM(#7795,#7838);
#7840=IFCSHAPEREPRESENTATION(#24,'Body','MappedRepresentation',(#7839));
#7841=IFCCARTESIANPOINT((0.,0.,0.));
#7842=IFCDIRECTION((1.,0.,0.));
#7843=IFCDIRECTION((0.,1.,0.));
#7844=IFCDIRECTION((0.,0.,1.));
#7845=IFCCARTESIANTRANSFORMATIONOPERATOR3D(#7842,#7843,#7841,1.,#7844);
#7846=IFCMAPPEDITEM(#7807,#7845);
#7847=IFCSHAPEREPRESENTATION(#25,'Annotation','MappedRepresentation',(#7846));
#7848=IFCOPENINGELEMENT('0P0KPKwaTFPuEdLZJv9PgO',$,'Opening',$,$,#8021,#7876,$,.OPENING.);
#7864=IFCCARTESIANPOINT((0.,0.,0.));
#7865=IFCDIRECTION((1.,0.,0.));
#7866=IFCDIRECTION((0.,0.,1.));
#7867=IFCAXIS2PLACEMENT3D(#7864,#7866,#7865);
#7868=IFCREPRESENTATIONMAP(#7867,#8011);
#7869=IFCCARTESIANPOINT((0.,0.,0.));
#7870=IFCDIRECTION((1.,0.,0.));
#7871=IFCDIRECTION((0.,1.,0.));
#7872=IFCDIRECTION((0.,0.,1.));
#7873=IFCCARTESIANTRANSFORMATIONOPERATOR3D(#7870,#7871,#7869,1.,#7872);
#7874=IFCMAPPEDITEM(#7868,#7873);
#7875=IFCSHAPEREPRESENTATION(#11,'Body','MappedRepresentation',(#7874));
#7876=IFCPRODUCTDEFINITIONSHAPE($,$,(#7875));
#7877=IFCRELVOIDSELEMENT('1w2iiv$HTAvByFyozfpBOT',$,$,$,#6598,#7848);
#7883=IFCRELFILLSELEMENT('0MnN2X9un9hhq_NqgtW$qB',$,$,$,#7848,#7817);
#7919=IFCCARTESIANPOINTLIST3D(((0.,0.,0.),(0.80200409889221191,0.,0.),(0.80200409889221191,0.,2.),(0.,0.,2.)));
#7920=IFCINDEXEDPOLYCURVE(#7919,(IFCLINEINDEX((1,2,3,4,1))),$);
#7921=IFCSHAPEREPRESENTATION(#18,'Profile','Curve3D',(#7920));
#7922=IFCCARTESIANPOINTLIST2D(((0.,0.),(0.,2.),(0.80200409889221191,2.),(0.80200409889221191,0.),(0.75200409814715385,0.),(0.75200409814715385,1.9499999992549419),(0.05000000074505806,1.9499999992549419),(0.05000000074505806,0.)));
#7923=IFCINDEXEDPOLYCURVE(#7922,(IFCLINEINDEX((1,2,3,4,5,6,7,8,1))),$);
#7924=IFCARBITRARYCLOSEDPROFILEDEF(.AREA.,$,#7923);
#7925=IFCCARTESIANPOINT((0.,0.,0.));
#7926=IFCDIRECTION((0.,-1.,0.));
#7927=IFCDIRECTION((1.,0.,0.));
#7928=IFCAXIS2PLACEMENT3D(#7925,#7926,#7927);
#7929=IFCDIRECTION((0.,0.,-1.));
#7930=IFCEXTRUDEDAREASOLID(#7924,#7928,#7929,0.10000026226043701);
#7931=IFCCARTESIANPOINTLIST2D(((0.,0.),(0.70200409740209579,0.),(0.70200409740209579,0.10000000149011612),(0.,0.10000000149011612)));
#7932=IFCINDEXEDPOLYCURVE(#7931,(IFCLINEINDEX((1,2,3,4,1))),$);
#7933=IFCARBITRARYCLOSEDPROFILEDEF(.AREA.,$,#7932);
#7934=IFCCARTESIANPOINT((0.05000000074505806,0.,0.));
#7935=IFCDIRECTION((0.,0.,1.));
#7936=IFCDIRECTION((1.,0.,0.));
#7937=IFCAXIS2PLACEMENT3D(#7934,#7935,#7936);
#7938=IFCDIRECTION((0.,0.,1.));
#7939=IFCEXTRUDEDAREASOLID(#7933,#7937,#7938,0.02500000037252903);
#7940=IFCCARTESIANPOINTLIST2D(((0.,0.),(0.,2.0250000022351742),(0.85200410336256027,2.0250000022351742),(0.85200410336256027,0.),(0.77700410038232803,0.),(0.77700410038232803,1.9499999992549419),(0.075000002980232239,1.9499999992549419),(0.075000002980232239,0.)));
#7941=IFCINDEXEDPOLYCURVE(#7940,(IFCLINEINDEX((1,2,3,4,5,6,7,8,1))),$);
#7942=IFCARBITRARYCLOSEDPROFILEDEF(.AREA.,$,#7941);
#7943=IFCCARTESIANPOINT((-0.025000002235174179,-0.004999999888241291,0.));
#7944=IFCDIRECTION((0.,-1.,0.));
#7945=IFCDIRECTION((1.,0.,0.));
#7946=IFCAXIS2PLACEMENT3D(#7943,#7944,#7945);
#7947=IFCDIRECTION((0.,0.,-1.));
#7948=IFCEXTRUDEDAREASOLID(#7942,#7946,#7947,0.004999999888241291);
#7949=IFCCARTESIANPOINTLIST2D(((0.,0.),(0.,2.0250000022351742),(0.85200410336256027,2.0250000022351742),(0.85200410336256027,0.),(0.77700410038232803,0.),(0.77700410038232803,1.9499999992549419),(0.075000002980232239,1.9499999992549419),(0.075000002980232239,0.)));
#7950=IFCINDEXEDPOLYCURVE(#7949,(IFCLINEINDEX((1,2,3,4,5,6,7,8,1))),$);
#7951=IFCARBITRARYCLOSEDPROFILEDEF(.AREA.,$,#7950);
#7952=IFCCARTESIANPOINT((-0.025000002235174179,0.10000026226043701,0.));
#7953=IFCDIRECTION((0.,-1.,0.));
#7954=IFCDIRECTION((1.,0.,0.));
#7955=IFCAXIS2PLACEMENT3D(#7952,#7953,#7954);
#7956=IFCDIRECTION((0.,0.,-1.));
#7957=IFCEXTRUDEDAREASOLID(#7951,#7955,#7956,0.004999999888241291);
#7958=IFCCARTESIANPOINTLIST2D(((0.,0.),(0.70200409740209579,0.),(0.70200409740209579,0.035000000149011612),(0.,0.035000000149011612)));
#7959=IFCINDEXEDPOLYCURVE(#7958,(IFCLINEINDEX((1,2,3,4,1))),$);
#7960=IFCARBITRARYCLOSEDPROFILEDEF(.AREA.,$,#7959);
#7961=IFCCARTESIANPOINT((0.05000000074505806,-0.035000000149011612,0.02500000037252903));
#7962=IFCDIRECTION((0.,0.,1.));
#7963=IFCDIRECTION((1.,0.,0.));
#7964=IFCAXIS2PLACEMENT3D(#7961,#7962,#7963);
#7965=IFCDIRECTION((0.,0.,1.));
#7966=IFCEXTRUDEDAREASOLID(#7960,#7964,#7965,1.9249999988824129);
#7967=IFCCARTESIANPOINTLIST2D(((0.,0.),(0.,-0.040000000000000008),(-0.11999999999999988,-0.040000000000000008),(-0.11999999999999988,-0.020000000000000004),(-0.020000000000000018,-0.020000000000000004),(-0.020000000000000018,0.)));
#7968=IFCINDEXEDPOLYCURVE(#7967,(IFCLINEINDEX((1,2,3,4,5,6,1))),$);
#7969=IFCARBITRARYCLOSEDPROFILEDEF(.AREA.,$,#7968);
#7970=IFCCARTESIANPOINT((0.70200409814715381,-0.035000000149011612,1.015000000372529));
#7971=IFCDIRECTION((0.,0.,1.));
#7972=IFCDIRECTION((1.,0.,0.));
#7973=IFCAXIS2PLACEMENT3D(#7970,#7971,#7972);
#7974=IFCDIRECTION((0.,0.,1.));
#7975=IFCEXTRUDEDAREASOLID(#7969,#7973,#7974,0.02);
#7976=IFCEXTRUDEDAREASOLID(#7977,#7980,#7984,0.02);
#7977=IFCARBITRARYCLOSEDPROFILEDEF(.AREA.,$,#7978);
#7978=IFCINDEXEDPOLYCURVE(#7979,(IFCLINEINDEX((1,2,3,4,5,6,1))),$);
#7979=IFCCARTESIANPOINTLIST2D(((0.,0.),(0.,0.040000000000000008),(-0.11999999999999988,0.040000000000000008),(-0.11999999999999988,0.020000000000000004),(-0.020000000000000018,0.020000000000000004),(-0.020000000000000018,0.)));
#7980=IFCAXIS2PLACEMENT3D(#7981,#7982,#7983);
#7981=IFCCARTESIANPOINT((0.70200409814715381,0.,1.015000000372529));
#7982=IFCDIRECTION((0.,0.,1.));
#7983=IFCDIRECTION((1.,0.,0.));
#7984=IFCDIRECTION((0.,0.,1.));
#7985=IFCSHAPEREPRESENTATION(#11,'Body','SweptSolid',(#7930,#7966,#7975,#7976,#7939,#7948,#7957));
#7986=IFCSHAPEREPRESENTATION(#11,'Body','SweptSolid',(#7930,#7939,#7948,#7957));
#7987=IFCSHAPEASPECT((#7986),'Lining',$,.T.,#7826);
#7988=IFCSHAPEREPRESENTATION(#11,'Body','SweptSolid',(#7966,#7975,#7976));
#7989=IFCSHAPEASPECT((#7988),'Framing',$,.T.,#7826);
#7990=IFCCARTESIANPOINTLIST2D(((0.,0.),(0.05000000074505806,0.),(0.05000000074505806,0.10000026226043701),(0.,0.10000026226043701)));
#7991=IFCINDEXEDPOLYCURVE(#7990,(IFCLINEINDEX((1,2,3,4,1))),$);
#7992=IFCINDEXEDPOLYCURVE(#7993,(IFCLINEINDEX((1,2,3,4,1))),$);
#7993=IFCCARTESIANPOINTLIST2D(((0.80200409889221191,0.),(0.75200409814715385,0.),(0.75200409814715385,0.10000026226043701),(0.80200409889221191,0.10000026226043701)));
#7994=IFCCARTESIANPOINTLIST2D(((-0.30100204795598984,-0.035000000149011612),(0.40100204944610596,-0.035000000149011612),(0.40100204944610596,0.),(-0.30100204795598984,0.)));
#7995=IFCINDEXEDPOLYCURVE(#7994,(IFCLINEINDEX((1,2,3,4,1))),$);
#7996=IFCSHAPEREPRESENTATION(#24,'Body','Curve2D',(#7991,#7992,#7995));
#7997=IFCCARTESIANPOINTLIST2D(((0.29570143483579159,-0.081587428267465345),(0.50630266405642033,-0.081587428267465345)));
#7998=IFCINDEXEDPOLYCURVE(#7997,$,$);
#7999=IFCCARTESIANPOINTLIST2D(((0.32570143483579156,-0.050529142855162856),(0.29570143483579159,-0.081587428267465345),(0.32570143483579156,-0.11264571367976783)));
#8000=IFCINDEXEDPOLYCURVE(#7999,$,$);
#8001=IFCSHAPEREPRESENTATION(#25,'Annotation','Curve2D',(#7998,#8000));
#8002=IFCCARTESIANPOINTLIST2D(((0.,0.),(0.80200409889221191,0.),(0.80200409889221191,2.),(0.,2.)));
#8003=IFCINDEXEDPOLYCURVE(#8002,(IFCLINEINDEX((1,2,3,4,1))),$);
#8004=IFCARBITRARYCLOSEDPROFILEDEF(.AREA.,$,#8003);
#8005=IFCCARTESIANPOINT((0.,-0.60000002384185791,0.));
#8006=IFCDIRECTION((0.,-1.,0.));
#8007=IFCDIRECTION((1.,0.,0.));
#8008=IFCAXIS2PLACEMENT3D(#8005,#8006,#8007);
#8009=IFCDIRECTION((0.,0.,-1.));
#8010=IFCEXTRUDEDAREASOLID(#8004,#8008,#8009,1.2);
#8011=IFCSHAPEREPRESENTATION(#11,'Body','SweptSolid',(#8010));
#8017=IFCCARTESIANPOINT((3.9390896483264415,0.099999188746608791,0.));
#8018=IFCDIRECTION((0.,0.,1.));
#8019=IFCDIRECTION((-0.99999999999997868,2.0663207322967565E-07,0.));
#8020=IFCAXIS2PLACEMENT3D(#8017,#8018,#8019);
#8021=IFCLOCALPLACEMENT(#6609,#8020);
#8022=IFCCARTESIANPOINT((-1.3322676295501878E-15,0.,0.));
#8023=IFCDIRECTION((0.,0.,1.));
#8024=IFCDIRECTION((1.,0.,0.));
#8025=IFCAXIS2PLACEMENT3D(#8022,#8023,#8024);
#8026=IFCLOCALPLACEMENT(#8021,#8025);
#8027=IFCDOORTYPE('3Zs1GQT3P26AKKUbzu_dO9',$,'Bedroom 2 - 2F',$,$,(#8028),(#8030,#8038,#8107),$,$,.DOOR.,.SINGLE_SWING_LEFT.,$,$);
#8028=IFCPROPERTYSET('1dnmI9MivFJ9CypxCDHz96',$,'BBIM_Door',$,(#8029));
#8029=IFCPROPERTYSINGLEVALUE('Data',$,IFCTEXT('{"door_type": "SINGLE_SWING_LEFT", "overall_height": 2.0, "overall_width": 0.8512824177742004, "lining_properties": {"lining_depth": 0.10000026226043701, "lining_thickness": 0.05000000074505806, "lining_offset": 0.0, "lining_to_panel_offset_x": 0.02500000037252903, "lining_to_panel_offset_y": 0.02500000037252903, "transom_thickness": 0.0, "casing_thickness": 0.07500000298023224, "casing_depth": 0.004999999888241291, "threshold_thickness": 0.02500000037252903, "threshold_depth": 0.10000000149011612, "threshold_offset": 0.0}, "panel_properties": {"panel_depth": 0.03500000014901161, "panel_width_ratio": 1.0}}'),$);
#8030=IFCREPRESENTATIONMAP(#8031,#8696);
#8031=IFCAXIS2PLACEMENT3D(#8032,#8033,#8034);
#8032=IFCCARTESIANPOINT((0.,0.,0.));
#8033=IFCDIRECTION((0.,0.,1.));
#8034=IFCDIRECTION((1.,0.,0.));
#8038=IFCREPRESENTATIONMAP(#8039,#8769);
#8039=IFCAXIS2PLACEMENT3D(#8040,#8041,#8042);
#8040=IFCCARTESIANPOINT((0.,0.,0.));
#8041=IFCDIRECTION((0.,0.,1.));
#8042=IFCDIRECTION((1.,0.,0.));
#8107=IFCREPRESENTATIONMAP(#8108,#8783);
#8108=IFCAXIS2PLACEMENT3D(#8109,#8110,#8111);
#8109=IFCCARTESIANPOINT((0.,0.,0.));
#8110=IFCDIRECTION((0.,0.,1.));
#8111=IFCDIRECTION((1.,0.,0.));
#8129=IFCDOOR('2sE73OC2P3meddY1iCaWPc',$,'Door',$,$,#8808,#8138,$,2.,0.85128241777420044,$,.SINGLE_SWING_LEFT.,$);
#8130=IFCRELDEFINESBYTYPE('3zXEqdVGbE0RTMqeYjgSsd',$,$,$,(#8129,#8201),#8027);
#8131=IFCCARTESIANPOINT((0.,0.,0.));
#8132=IFCDIRECTION((1.,0.,0.));
#8133=IFCDIRECTION((0.,1.,0.));
#8134=IFCDIRECTION((0.,0.,1.));
#8135=IFCCARTESIANTRANSFORMATIONOPERATOR3D(#8132,#8133,#8131,1.,#8134);
#8136=IFCMAPPEDITEM(#8030,#8135);
#8137=IFCSHAPEREPRESENTATION(#18,'Profile','MappedRepresentation',(#8136));
#8138=IFCPRODUCTDEFINITIONSHAPE($,$,(#8137,#8145,#8152));
#8139=IFCCARTESIANPOINT((0.,0.,0.));
#8140=IFCDIRECTION((1.,0.,0.));
#8141=IFCDIRECTION((0.,1.,0.));
#8142=IFCDIRECTION((0.,0.,1.));
#8143=IFCCARTESIANTRANSFORMATIONOPERATOR3D(#8140,#8141,#8139,1.,#8142);
#8144=IFCMAPPEDITEM(#8038,#8143);
#8145=IFCSHAPEREPRESENTATION(#11,'Body','MappedRepresentation',(#8144));
#8146=IFCCARTESIANPOINT((0.,0.,0.));
#8147=IFCDIRECTION((1.,0.,0.));
#8148=IFCDIRECTION((0.,1.,0.));
#8149=IFCDIRECTION((0.,0.,1.));
#8150=IFCCARTESIANTRANSFORMATIONOPERATOR3D(#8147,#8148,#8146,1.,#8149);
#8151=IFCMAPPEDITEM(#8107,#8150);
#8152=IFCSHAPEREPRESENTATION(#24,'Body','MappedRepresentation',(#8151));
#8160=IFCOPENINGELEMENT('258rC9J5bCpuaB$plFv2ql',$,'Opening',$,$,#8803,#8188,$,.OPENING.);
#8176=IFCCARTESIANPOINT((0.,0.,0.));
#8177=IFCDIRECTION((1.,0.,0.));
#8178=IFCDIRECTION((0.,0.,1.));
#8179=IFCAXIS2PLACEMENT3D(#8176,#8178,#8177);
#8180=IFCREPRESENTATIONMAP(#8179,#8793);
#8181=IFCCARTESIANPOINT((0.,0.,0.));
#8182=IFCDIRECTION((1.,0.,0.));
#8183=IFCDIRECTION((0.,1.,0.));
#8184=IFCDIRECTION((0.,0.,1.));
#8185=IFCCARTESIANTRANSFORMATIONOPERATOR3D(#8182,#8183,#8181,1.,#8184);
#8186=IFCMAPPEDITEM(#8180,#8185);
#8187=IFCSHAPEREPRESENTATION(#11,'Body','MappedRepresentation',(#8186));
#8188=IFCPRODUCTDEFINITIONSHAPE($,$,(#8187));
#8189=IFCRELVOIDSELEMENT('0PDhDJI5PBo8_oW$olRl5l',$,$,$,#6905,#8160);
#8195=IFCRELFILLSELEMENT('1nBL3hR496H8rKslgjOMDT',$,$,$,#8160,#8129);
#8201=IFCDOOR('2AdypRQKf9exRVx1ZKeNat',$,'Door',$,$,#8823,#8209,$,2.,0.85128241777420044,$,.SLIDING_TO_RIGHT.,$);
#8202=IFCCARTESIANPOINT((0.,0.,0.));
#8203=IFCDIRECTION((1.,0.,0.));
#8204=IFCDIRECTION((0.,1.,0.));
#8205=IFCDIRECTION((0.,0.,1.));
#8206=IFCCARTESIANTRANSFORMATIONOPERATOR3D(#8203,#8204,#8202,1.,#8205);
#8207=IFCMAPPEDITEM(#8030,#8206);
#8208=IFCSHAPEREPRESENTATION(#18,'Profile','MappedRepresentation',(#8207));
#8209=IFCPRODUCTDEFINITIONSHAPE($,$,(#8208,#8216,#8223));
#8210=IFCCARTESIANPOINT((0.,0.,0.));
#8211=IFCDIRECTION((1.,0.,0.));
#8212=IFCDIRECTION((0.,1.,0.));
#8213=IFCDIRECTION((0.,0.,1.));
#8214=IFCCARTESIANTRANSFORMATIONOPERATOR3D(#8211,#8212,#8210,1.,#8213);
#8215=IFCMAPPEDITEM(#8038,#8214);
#8216=IFCSHAPEREPRESENTATION(#11,'Body','MappedRepresentation',(#8215));
#8217=IFCCARTESIANPOINT((0.,0.,0.));
#8218=IFCDIRECTION((1.,0.,0.));
#8219=IFCDIRECTION((0.,1.,0.));
#8220=IFCDIRECTION((0.,0.,1.));
#8221=IFCCARTESIANTRANSFORMATIONOPERATOR3D(#8218,#8219,#8217,1.,#8220);
#8222=IFCMAPPEDITEM(#8107,#8221);
#8223=IFCSHAPEREPRESENTATION(#24,'Body','MappedRepresentation',(#8222));
#8231=IFCOPENINGELEMENT('1m1$Gee3150uLzrWLS8MNC',$,'Opening',$,$,#8818,#8244,$,.OPENING.);
#8237=IFCCARTESIANPOINT((0.,0.,0.));
#8238=IFCDIRECTION((1.,0.,0.));
#8239=IFCDIRECTION((0.,1.,0.));
#8240=IFCDIRECTION((0.,0.,1.));
#8241=IFCCARTESIANTRANSFORMATIONOPERATOR3D(#8238,#8239,#8237,1.,#8240);
#8242=IFCMAPPEDITEM(#8180,#8241);
#8243=IFCSHAPEREPRESENTATION(#11,'Body','MappedRepresentation',(#8242));
#8244=IFCPRODUCTDEFINITIONSHAPE($,$,(#8243));
#8245=IFCRELVOIDSELEMENT('2cOlLi1Fb9FxBnOjtkcevk',$,$,$,#6231,#8231);
#8251=IFCRELFILLSELEMENT('2EFWaIombCYxMWElhJEEmW',$,$,$,#8231,#8201);
#8290=IFCCARTESIANPOINTLIST2D(((0.,0.),(0.,2.),(0.80116897821426392,2.),(0.80116897821426392,0.),(0.75116897746920586,0.),(0.75116897746920586,1.9499999992549419),(0.05000000074505806,1.9499999992549419),(0.05000000074505806,0.)));
#8291=IFCINDEXEDPOLYCURVE(#8290,(IFCLINEINDEX((1,2,3,4,5,6,7,8,1))),$);
#8292=IFCARBITRARYCLOSEDPROFILEDEF(.AREA.,$,#8291);
#8293=IFCCARTESIANPOINT((0.,0.,0.));
#8294=IFCDIRECTION((0.,-1.,0.));
#8295=IFCDIRECTION((1.,0.,0.));
#8296=IFCAXIS2PLACEMENT3D(#8293,#8294,#8295);
#8297=IFCDIRECTION((0.,0.,-1.));
#8298=IFCEXTRUDEDAREASOLID(#8292,#8296,#8297,0.10000026226043701);
#8299=IFCCARTESIANPOINTLIST2D(((0.,0.),(0.7011689767241478,0.),(0.7011689767241478,0.10000000149011612),(0.,0.10000000149011612)));
#8300=IFCINDEXEDPOLYCURVE(#8299,(IFCLINEINDEX((1,2,3,4,1))),$);
#8301=IFCARBITRARYCLOSEDPROFILEDEF(.AREA.,$,#8300);
#8302=IFCCARTESIANPOINT((0.05000000074505806,0.,0.));
#8303=IFCDIRECTION((0.,0.,1.));
#8304=IFCDIRECTION((1.,0.,0.));
#8305=IFCAXIS2PLACEMENT3D(#8302,#8303,#8304);
#8306=IFCDIRECTION((0.,0.,1.));
#8307=IFCEXTRUDEDAREASOLID(#8301,#8305,#8306,0.02500000037252903);
#8308=IFCCARTESIANPOINTLIST2D(((0.,0.),(0.,2.0250000022351742),(0.85116898268461227,2.0250000022351742),(0.85116898268461227,0.),(0.77616897970438004,0.),(0.77616897970438004,1.9499999992549419),(0.075000002980232239,1.9499999992549419),(0.075000002980232239,0.)));
#8309=IFCINDEXEDPOLYCURVE(#8308,(IFCLINEINDEX((1,2,3,4,5,6,7,8,1))),$);
#8310=IFCARBITRARYCLOSEDPROFILEDEF(.AREA.,$,#8309);
#8311=IFCCARTESIANPOINT((-0.025000002235174179,-0.004999999888241291,0.));
#8312=IFCDIRECTION((0.,-1.,0.));
#8313=IFCDIRECTION((1.,0.,0.));
#8314=IFCAXIS2PLACEMENT3D(#8311,#8312,#8313);
#8315=IFCDIRECTION((0.,0.,-1.));
#8316=IFCEXTRUDEDAREASOLID(#8310,#8314,#8315,0.004999999888241291);
#8317=IFCCARTESIANPOINTLIST2D(((0.,0.),(0.,2.0250000022351742),(0.85116898268461227,2.0250000022351742),(0.85116898268461227,0.),(0.77616897970438004,0.),(0.77616897970438004,1.9499999992549419),(0.075000002980232239,1.9499999992549419),(0.075000002980232239,0.)));
#8318=IFCINDEXEDPOLYCURVE(#8317,(IFCLINEINDEX((1,2,3,4,5,6,7,8,1))),$);
#8319=IFCARBITRARYCLOSEDPROFILEDEF(.AREA.,$,#8318);
#8320=IFCCARTESIANPOINT((-0.025000002235174179,0.10000026226043701,0.));
#8321=IFCDIRECTION((0.,-1.,0.));
#8322=IFCDIRECTION((1.,0.,0.));
#8323=IFCAXIS2PLACEMENT3D(#8320,#8321,#8322);
#8324=IFCDIRECTION((0.,0.,-1.));
#8325=IFCEXTRUDEDAREASOLID(#8319,#8323,#8324,0.004999999888241291);
#8326=IFCCARTESIANPOINTLIST2D(((0.,0.),(0.7011689767241478,0.),(0.7011689767241478,0.035000000149011612),(0.,0.035000000149011612)));
#8327=IFCINDEXEDPOLYCURVE(#8326,(IFCLINEINDEX((1,2,3,4,1))),$);
#8328=IFCARBITRARYCLOSEDPROFILEDEF(.AREA.,$,#8327);
#8329=IFCCARTESIANPOINT((0.05000000074505806,-0.035000000149011612,0.02500000037252903));
#8330=IFCDIRECTION((0.,0.,1.));
#8331=IFCDIRECTION((1.,0.,0.));
#8332=IFCAXIS2PLACEMENT3D(#8329,#8330,#8331);
#8333=IFCDIRECTION((0.,0.,1.));
#8334=IFCEXTRUDEDAREASOLID(#8328,#8332,#8333,1.9249999988824129);
#8335=IFCCARTESIANPOINTLIST2D(((0.,0.),(0.,-0.040000000000000008),(-0.11999999999999988,-0.040000000000000008),(-0.11999999999999988,-0.020000000000000004),(-0.020000000000000018,-0.020000000000000004),(-0.020000000000000018,0.)));
#8336=IFCINDEXEDPOLYCURVE(#8335,(IFCLINEINDEX((1,2,3,4,5,6,1))),$);
#8337=IFCARBITRARYCLOSEDPROFILEDEF(.AREA.,$,#8336);
#8338=IFCCARTESIANPOINT((0.70116897746920581,-0.035000000149011612,1.015000000372529));
#8339=IFCDIRECTION((0.,0.,1.));
#8340=IFCDIRECTION((1.,0.,0.));
#8341=IFCAXIS2PLACEMENT3D(#8338,#8339,#8340);
#8342=IFCDIRECTION((0.,0.,1.));
#8343=IFCEXTRUDEDAREASOLID(#8337,#8341,#8342,0.02);
#8344=IFCEXTRUDEDAREASOLID(#8345,#8348,#8352,0.02);
#8345=IFCARBITRARYCLOSEDPROFILEDEF(.AREA.,$,#8346);
#8346=IFCINDEXEDPOLYCURVE(#8347,(IFCLINEINDEX((1,2,3,4,5,6,1))),$);
#8347=IFCCARTESIANPOINTLIST2D(((0.,0.),(0.,0.040000000000000008),(-0.11999999999999988,0.040000000000000008),(-0.11999999999999988,0.020000000000000004),(-0.020000000000000018,0.020000000000000004),(-0.020000000000000018,0.)));
#8348=IFCAXIS2PLACEMENT3D(#8349,#8350,#8351);
#8349=IFCCARTESIANPOINT((0.70116897746920581,0.,1.015000000372529));
#8350=IFCDIRECTION((0.,0.,1.));
#8351=IFCDIRECTION((1.,0.,0.));
#8352=IFCDIRECTION((0.,0.,1.));
#8354=IFCSHAPEREPRESENTATION(#11,'Body','SweptSolid',(#8705,#8316,#8732,#8592,#8723,#8574,#8325,#8298,#8583,#8610,#8601,#8741,#8714,#8307));
#8355=IFCSHAPEASPECT((#8354),'Lining',$,.T.,#8138);
#8356=IFCSHAPEREPRESENTATION(#11,'Body','SweptSolid',(#8750,#8628,#8344,#8334,#8619,#8343,#8759,#8629,#8760));
#8357=IFCSHAPEASPECT((#8356),'Framing',$,.T.,#8138);
#8443=IFCCARTESIANPOINTLIST2D(((0.,0.),(0.,2.),(0.85128241777420044,2.),(0.85128241777420044,0.),(0.80128241702914238,0.),(0.80128241702914238,1.9499999992549419),(0.05000000074505806,1.9499999992549419),(0.05000000074505806,0.)));
#8444=IFCINDEXEDPOLYCURVE(#8443,(IFCLINEINDEX((1,2,3,4,5,6,7,8,1))),$);
#8445=IFCARBITRARYCLOSEDPROFILEDEF(.AREA.,$,#8444);
#8446=IFCCARTESIANPOINT((0.,0.,0.));
#8447=IFCDIRECTION((0.,-1.,0.));
#8448=IFCDIRECTION((1.,0.,0.));
#8449=IFCAXIS2PLACEMENT3D(#8446,#8447,#8448);
#8450=IFCDIRECTION((0.,0.,-1.));
#8451=IFCEXTRUDEDAREASOLID(#8445,#8449,#8450,0.10000026226043701);
#8452=IFCCARTESIANPOINTLIST2D(((0.,0.),(0.75128241628408432,0.),(0.75128241628408432,0.10000000149011612),(0.,0.10000000149011612)));
#8453=IFCINDEXEDPOLYCURVE(#8452,(IFCLINEINDEX((1,2,3,4,1))),$);
#8454=IFCARBITRARYCLOSEDPROFILEDEF(.AREA.,$,#8453);
#8455=IFCCARTESIANPOINT((0.05000000074505806,0.,0.));
#8456=IFCDIRECTION((0.,0.,1.));
#8457=IFCDIRECTION((1.,0.,0.));
#8458=IFCAXIS2PLACEMENT3D(#8455,#8456,#8457);
#8459=IFCDIRECTION((0.,0.,1.));
#8460=IFCEXTRUDEDAREASOLID(#8454,#8458,#8459,0.02500000037252903);
#8461=IFCCARTESIANPOINTLIST2D(((0.,0.),(0.,2.0250000022351742),(0.9012824222445488,2.0250000022351742),(0.9012824222445488,0.),(0.82628241926431656,0.),(0.82628241926431656,1.9499999992549419),(0.075000002980232239,1.9499999992549419),(0.075000002980232239,0.)));
#8462=IFCINDEXEDPOLYCURVE(#8461,(IFCLINEINDEX((1,2,3,4,5,6,7,8,1))),$);
#8463=IFCARBITRARYCLOSEDPROFILEDEF(.AREA.,$,#8462);
#8464=IFCCARTESIANPOINT((-0.025000002235174179,-0.004999999888241291,0.));
#8465=IFCDIRECTION((0.,-1.,0.));
#8466=IFCDIRECTION((1.,0.,0.));
#8467=IFCAXIS2PLACEMENT3D(#8464,#8465,#8466);
#8468=IFCDIRECTION((0.,0.,-1.));
#8469=IFCEXTRUDEDAREASOLID(#8463,#8467,#8468,0.004999999888241291);
#8470=IFCCARTESIANPOINTLIST2D(((0.,0.),(0.,2.0250000022351742),(0.9012824222445488,2.0250000022351742),(0.9012824222445488,0.),(0.82628241926431656,0.),(0.82628241926431656,1.9499999992549419),(0.075000002980232239,1.9499999992549419),(0.075000002980232239,0.)));
#8471=IFCINDEXEDPOLYCURVE(#8470,(IFCLINEINDEX((1,2,3,4,5,6,7,8,1))),$);
#8472=IFCARBITRARYCLOSEDPROFILEDEF(.AREA.,$,#8471);
#8473=IFCCARTESIANPOINT((-0.025000002235174179,0.10000026226043701,0.));
#8474=IFCDIRECTION((0.,-1.,0.));
#8475=IFCDIRECTION((1.,0.,0.));
#8476=IFCAXIS2PLACEMENT3D(#8473,#8474,#8475);
#8477=IFCDIRECTION((0.,0.,-1.));
#8478=IFCEXTRUDEDAREASOLID(#8472,#8476,#8477,0.004999999888241291);
#8479=IFCCARTESIANPOINTLIST2D(((0.,0.),(0.75128241628408432,0.),(0.75128241628408432,0.035000000149011612),(0.,0.035000000149011612)));
#8480=IFCINDEXEDPOLYCURVE(#8479,(IFCLINEINDEX((1,2,3,4,1))),$);
#8481=IFCARBITRARYCLOSEDPROFILEDEF(.AREA.,$,#8480);
#8482=IFCCARTESIANPOINT((0.05000000074505806,-0.035000000149011612,0.02500000037252903));
#8483=IFCDIRECTION((0.,0.,1.));
#8484=IFCDIRECTION((1.,0.,0.));
#8485=IFCAXIS2PLACEMENT3D(#8482,#8483,#8484);
#8486=IFCDIRECTION((0.,0.,1.));
#8487=IFCEXTRUDEDAREASOLID(#8481,#8485,#8486,1.9249999988824129);
#8488=IFCCARTESIANPOINTLIST2D(((0.,0.),(0.,-0.040000000000000001),(0.12,-0.040000000000000001),(0.12,-0.02),(0.02,-0.02),(0.02,0.)));
#8489=IFCINDEXEDPOLYCURVE(#8488,(IFCLINEINDEX((1,2,3,4,5,6,1))),$);
#8490=IFCARBITRARYCLOSEDPROFILEDEF(.AREA.,$,#8489);
#8491=IFCCARTESIANPOINT((0.10000000074505806,-0.035000000149011612,1.015000000372529));
#8492=IFCDIRECTION((0.,0.,1.));
#8493=IFCDIRECTION((1.,0.,0.));
#8494=IFCAXIS2PLACEMENT3D(#8491,#8492,#8493);
#8495=IFCDIRECTION((0.,0.,1.));
#8496=IFCEXTRUDEDAREASOLID(#8490,#8494,#8495,0.02);
#8497=IFCEXTRUDEDAREASOLID(#8498,#8501,#8505,0.02);
#8498=IFCARBITRARYCLOSEDPROFILEDEF(.AREA.,$,#8499);
#8499=IFCINDEXEDPOLYCURVE(#8500,(IFCLINEINDEX((1,2,3,4,5,6,1))),$);
#8500=IFCCARTESIANPOINTLIST2D(((0.,0.),(0.,0.040000000000000008),(0.11999999999999998,0.040000000000000008),(0.11999999999999998,0.020000000000000004),(0.020000000000000004,0.020000000000000004),(0.020000000000000004,0.)));
#8501=IFCAXIS2PLACEMENT3D(#8502,#8503,#8504);
#8502=IFCCARTESIANPOINT((0.10000000074505806,0.,1.015000000372529));
#8503=IFCDIRECTION((0.,0.,1.));
#8504=IFCDIRECTION((1.,0.,0.));
#8505=IFCDIRECTION((0.,0.,1.));
#8507=IFCSHAPEREPRESENTATION(#11,'Body','SweptSolid',(#8451,#8460,#8469,#8478));
#8508=IFCSHAPEASPECT((#8507),'Lining',$,.T.,#8209);
#8509=IFCSHAPEREPRESENTATION(#11,'Body','SweptSolid',(#8487,#8496,#8497));
#8510=IFCSHAPEASPECT((#8509),'Framing',$,.T.,#8209);
#8566=IFCCARTESIANPOINTLIST2D(((0.,0.),(0.,2.),(0.85128241777420044,2.),(0.85128241777420044,0.),(0.82628241740167141,0.),(0.82628241740167141,1.974999999627471),(0.02500000037252903,1.974999999627471),(0.02500000037252903,0.)));
#8567=IFCINDEXEDPOLYCURVE(#8566,(IFCLINEINDEX((1,2,3,4,5,6,7,8,1))),$);
#8568=IFCARBITRARYCLOSEDPROFILEDEF(.AREA.,$,#8567);
#8569=IFCCARTESIANPOINT((0.,0.02500000037252903,0.));
#8570=IFCDIRECTION((0.,-1.,0.));
#8571=IFCDIRECTION((1.,0.,0.));
#8572=IFCAXIS2PLACEMENT3D(#8569,#8570,#8571);
#8573=IFCDIRECTION((0.,0.,-1.));
#8574=IFCEXTRUDEDAREASOLID(#8568,#8572,#8573,0.075000261887907982);
#8575=IFCCARTESIANPOINTLIST2D(((0.,0.),(0.,2.),(0.85128241777420044,2.),(0.85128241777420044,0.),(0.80128241702914238,0.),(0.80128241702914238,1.9499999992549419),(0.05000000074505806,1.9499999992549419),(0.05000000074505806,0.)));
#8576=IFCINDEXEDPOLYCURVE(#8575,(IFCLINEINDEX((1,2,3,4,5,6,7,8,1))),$);
#8577=IFCARBITRARYCLOSEDPROFILEDEF(.AREA.,$,#8576);
#8578=IFCCARTESIANPOINT((0.,0.,0.));
#8579=IFCDIRECTION((0.,-1.,0.));
#8580=IFCDIRECTION((1.,0.,0.));
#8581=IFCAXIS2PLACEMENT3D(#8578,#8579,#8580);
#8582=IFCDIRECTION((0.,0.,-1.));
#8583=IFCEXTRUDEDAREASOLID(#8577,#8581,#8582,0.02500000037252903);
#8584=IFCCARTESIANPOINTLIST2D(((0.,0.),(0.75128241628408432,0.),(0.75128241628408432,0.10000000149011612),(0.,0.10000000149011612)));
#8585=IFCINDEXEDPOLYCURVE(#8584,(IFCLINEINDEX((1,2,3,4,1))),$);
#8586=IFCARBITRARYCLOSEDPROFILEDEF(.AREA.,$,#8585);
#8587=IFCCARTESIANPOINT((0.05000000074505806,0.,0.));
#8588=IFCDIRECTION((0.,0.,1.));
#8589=IFCDIRECTION((1.,0.,0.));
#8590=IFCAXIS2PLACEMENT3D(#8587,#8588,#8589);
#8591=IFCDIRECTION((0.,0.,1.));
#8592=IFCEXTRUDEDAREASOLID(#8586,#8590,#8591,0.02500000037252903);
#8593=IFCCARTESIANPOINTLIST2D(((0.,0.),(0.,2.0250000022351742),(0.9012824222445488,2.0250000022351742),(0.9012824222445488,0.),(0.82628241926431656,0.),(0.82628241926431656,1.9499999992549419),(0.075000002980232239,1.9499999992549419),(0.075000002980232239,0.)));
#8594=IFCINDEXEDPOLYCURVE(#8593,(IFCLINEINDEX((1,2,3,4,5,6,7,8,1))),$);
#8595=IFCARBITRARYCLOSEDPROFILEDEF(.AREA.,$,#8594);
#8596=IFCCARTESIANPOINT((-0.025000002235174179,-0.004999999888241291,0.));
#8597=IFCDIRECTION((0.,-1.,0.));
#8598=IFCDIRECTION((1.,0.,0.));
#8599=IFCAXIS2PLACEMENT3D(#8596,#8597,#8598);
#8600=IFCDIRECTION((0.,0.,-1.));
#8601=IFCEXTRUDEDAREASOLID(#8595,#8599,#8600,0.004999999888241291);
#8602=IFCCARTESIANPOINTLIST2D(((0.,0.),(0.,2.0250000022351742),(0.9012824222445488,2.0250000022351742),(0.9012824222445488,0.),(0.85128241963684559,0.),(0.85128241963684559,1.974999999627471),(0.050000002607703209,1.974999999627471),(0.050000002607703209,0.)));
#8603=IFCINDEXEDPOLYCURVE(#8602,(IFCLINEINDEX((1,2,3,4,5,6,7,8,1))),$);
#8604=IFCARBITRARYCLOSEDPROFILEDEF(.AREA.,$,#8603);
#8605=IFCCARTESIANPOINT((-0.025000002235174179,0.10000026226043701,0.));
#8606=IFCDIRECTION((0.,-1.,0.));
#8607=IFCDIRECTION((1.,0.,0.));
#8608=IFCAXIS2PLACEMENT3D(#8605,#8606,#8607);
#8609=IFCDIRECTION((0.,0.,-1.));
#8610=IFCEXTRUDEDAREASOLID(#8604,#8608,#8609,0.004999999888241291);
#8611=IFCCARTESIANPOINTLIST2D(((0.,0.),(0.80128241702914238,0.),(0.80128241702914238,0.035000000149011612),(0.,0.035000000149011612)));
#8612=IFCINDEXEDPOLYCURVE(#8611,(IFCLINEINDEX((1,2,3,4,1))),$);
#8613=IFCARBITRARYCLOSEDPROFILEDEF(.AREA.,$,#8612);
#8614=IFCCARTESIANPOINT((0.02500000037252903,0.02500000037252903,0.02500000037252903));
#8615=IFCDIRECTION((0.,0.,1.));
#8616=IFCDIRECTION((1.,0.,0.));
#8617=IFCAXIS2PLACEMENT3D(#8614,#8615,#8616);
#8618=IFCDIRECTION((0.,0.,1.));
#8619=IFCEXTRUDEDAREASOLID(#8613,#8617,#8618,1.9499999992549419);
#8620=IFCCARTESIANPOINTLIST2D(((0.,0.),(0.,-0.040000000000000001),(-0.11999999999999988,-0.040000000000000001),(-0.11999999999999988,-0.02),(-0.020000000000000018,-0.02),(-0.020000000000000018,0.)));
#8621=IFCINDEXEDPOLYCURVE(#8620,(IFCLINEINDEX((1,2,3,4,5,6,1))),$);
#8622=IFCARBITRARYCLOSEDPROFILEDEF(.AREA.,$,#8621);
#8623=IFCCARTESIANPOINT((0.77628241740167137,0.02500000037252903,1.015000000372529));
#8624=IFCDIRECTION((0.,0.,1.));
#8625=IFCDIRECTION((1.,0.,0.));
#8626=IFCAXIS2PLACEMENT3D(#8623,#8624,#8625);
#8627=IFCDIRECTION((0.,0.,1.));
#8628=IFCEXTRUDEDAREASOLID(#8622,#8626,#8627,0.02);
#8629=IFCEXTRUDEDAREASOLID(#8630,#8633,#8637,0.02);
#8630=IFCARBITRARYCLOSEDPROFILEDEF(.AREA.,$,#8631);
#8631=IFCINDEXEDPOLYCURVE(#8632,(IFCLINEINDEX((1,2,3,4,5,6,1))),$);
#8632=IFCCARTESIANPOINTLIST2D(((0.,0.),(0.,0.040000000000000008),(-0.11999999999999988,0.040000000000000008),(-0.11999999999999988,0.020000000000000004),(-0.020000000000000018,0.020000000000000004),(-0.020000000000000018,0.)));
#8633=IFCAXIS2PLACEMENT3D(#8634,#8635,#8636);
#8634=IFCCARTESIANPOINT((0.77628241740167137,0.060000000521540642,1.015000000372529));
#8635=IFCDIRECTION((0.,0.,1.));
#8636=IFCDIRECTION((1.,0.,0.));
#8637=IFCDIRECTION((0.,0.,1.));
#8694=IFCCARTESIANPOINTLIST3D(((0.,0.,0.),(0.85128241777420044,0.,0.),(0.85128241777420044,0.,2.),(0.,0.,2.)));
#8695=IFCINDEXEDPOLYCURVE(#8694,(IFCLINEINDEX((1,2,3,4,1))),$);
#8696=IFCSHAPEREPRESENTATION(#18,'Profile','Curve3D',(#8695));
#8697=IFCCARTESIANPOINTLIST2D(((0.,0.),(0.,2.),(0.85128241777420044,2.),(0.85128241777420044,0.),(0.82628241740167141,0.),(0.82628241740167141,1.974999999627471),(0.02500000037252903,1.974999999627471),(0.02500000037252903,0.)));
#8698=IFCINDEXEDPOLYCURVE(#8697,(IFCLINEINDEX((1,2,3,4,5,6,7,8,1))),$);
#8699=IFCARBITRARYCLOSEDPROFILEDEF(.AREA.,$,#8698);
#8700=IFCCARTESIANPOINT((0.,0.02500000037252903,0.));
#8701=IFCDIRECTION((0.,-1.,0.));
#8702=IFCDIRECTION((1.,0.,0.));
#8703=IFCAXIS2PLACEMENT3D(#8700,#8701,#8702);
#8704=IFCDIRECTION((0.,0.,-1.));
#8705=IFCEXTRUDEDAREASOLID(#8699,#8703,#8704,0.075000261887907982);
#8706=IFCCARTESIANPOINTLIST2D(((0.,0.),(0.,2.),(0.85128241777420044,2.),(0.85128241777420044,0.),(0.80128241702914238,0.),(0.80128241702914238,1.9499999992549419),(0.05000000074505806,1.9499999992549419),(0.05000000074505806,0.)));
#8707=IFCINDEXEDPOLYCURVE(#8706,(IFCLINEINDEX((1,2,3,4,5,6,7,8,1))),$);
#8708=IFCARBITRARYCLOSEDPROFILEDEF(.AREA.,$,#8707);
#8709=IFCCARTESIANPOINT((0.,0.,0.));
#8710=IFCDIRECTION((0.,-1.,0.));
#8711=IFCDIRECTION((1.,0.,0.));
#8712=IFCAXIS2PLACEMENT3D(#8709,#8710,#8711);
#8713=IFCDIRECTION((0.,0.,-1.));
#8714=IFCEXTRUDEDAREASOLID(#8708,#8712,#8713,0.02500000037252903);
#8715=IFCCARTESIANPOINTLIST2D(((0.,0.),(0.75128241628408432,0.),(0.75128241628408432,0.10000000149011612),(0.,0.10000000149011612)));
#8716=IFCINDEXEDPOLYCURVE(#8715,(IFCLINEINDEX((1,2,3,4,1))),$);
#8717=IFCARBITRARYCLOSEDPROFILEDEF(.AREA.,$,#8716);
#8718=IFCCARTESIANPOINT((0.05000000074505806,0.,0.));
#8719=IFCDIRECTION((0.,0.,1.));
#8720=IFCDIRECTION((1.,0.,0.));
#8721=IFCAXIS2PLACEMENT3D(#8718,#8719,#8720);
#8722=IFCDIRECTION((0.,0.,1.));
#8723=IFCEXTRUDEDAREASOLID(#8717,#8721,#8722,0.02500000037252903);
#8724=IFCCARTESIANPOINTLIST2D(((0.,0.),(0.,2.0250000022351742),(0.9012824222445488,2.0250000022351742),(0.9012824222445488,0.),(0.82628241926431656,0.),(0.82628241926431656,1.9499999992549419),(0.075000002980232239,1.9499999992549419),(0.075000002980232239,0.)));
#8725=IFCINDEXEDPOLYCURVE(#8724,(IFCLINEINDEX((1,2,3,4,5,6,7,8,1))),$);
#8726=IFCARBITRARYCLOSEDPROFILEDEF(.AREA.,$,#8725);
#8727=IFCCARTESIANPOINT((-0.025000002235174179,-0.004999999888241291,0.));
#8728=IFCDIRECTION((0.,-1.,0.));
#8729=IFCDIRECTION((1.,0.,0.));
#8730=IFCAXIS2PLACEMENT3D(#8727,#8728,#8729);
#8731=IFCDIRECTION((0.,0.,-1.));
#8732=IFCEXTRUDEDAREASOLID(#8726,#8730,#8731,0.004999999888241291);
#8733=IFCCARTESIANPOINTLIST2D(((0.,0.),(0.,2.0250000022351742),(0.9012824222445488,2.0250000022351742),(0.9012824222445488,0.),(0.85128241963684559,0.),(0.85128241963684559,1.974999999627471),(0.050000002607703209,1.974999999627471),(0.050000002607703209,0.)));
#8734=IFCINDEXEDPOLYCURVE(#8733,(IFCLINEINDEX((1,2,3,4,5,6,7,8,1))),$);
#8735=IFCARBITRARYCLOSEDPROFILEDEF(.AREA.,$,#8734);
#8736=IFCCARTESIANPOINT((-0.025000002235174179,0.10000026226043701,0.));
#8737=IFCDIRECTION((0.,-1.,0.));
#8738=IFCDIRECTION((1.,0.,0.));
#8739=IFCAXIS2PLACEMENT3D(#8736,#8737,#8738);
#8740=IFCDIRECTION((0.,0.,-1.));
#8741=IFCEXTRUDEDAREASOLID(#8735,#8739,#8740,0.004999999888241291);
#8742=IFCCARTESIANPOINTLIST2D(((0.,0.),(0.80128241702914238,0.),(0.80128241702914238,0.035000000149011612),(0.,0.035000000149011612)));
#8743=IFCINDEXEDPOLYCURVE(#8742,(IFCLINEINDEX((1,2,3,4,1))),$);
#8744=IFCARBITRARYCLOSEDPROFILEDEF(.AREA.,$,#8743);
#8745=IFCCARTESIANPOINT((0.02500000037252903,0.02500000037252903,0.02500000037252903));
#8746=IFCDIRECTION((0.,0.,1.));
#8747=IFCDIRECTION((1.,0.,0.));
#8748=IFCAXIS2PLACEMENT3D(#8745,#8746,#8747);
#8749=IFCDIRECTION((0.,0.,1.));
#8750=IFCEXTRUDEDAREASOLID(#8744,#8748,#8749,1.9499999992549419);
#8751=IFCCARTESIANPOINTLIST2D(((0.,0.),(0.,-0.040000000000000001),(-0.11999999999999988,-0.040000000000000001),(-0.11999999999999988,-0.02),(-0.020000000000000018,-0.02),(-0.020000000000000018,0.)));
#8752=IFCINDEXEDPOLYCURVE(#8751,(IFCLINEINDEX((1,2,3,4,5,6,1))),$);
#8753=IFCARBITRARYCLOSEDPROFILEDEF(.AREA.,$,#8752);
#8754=IFCCARTESIANPOINT((0.77628241740167137,0.02500000037252903,1.015000000372529));
#8755=IFCDIRECTION((0.,0.,1.));
#8756=IFCDIRECTION((1.,0.,0.));
#8757=IFCAXIS2PLACEMENT3D(#8754,#8755,#8756);
#8758=IFCDIRECTION((0.,0.,1.));
#8759=IFCEXTRUDEDAREASOLID(#8753,#8757,#8758,0.02);
#8760=IFCEXTRUDEDAREASOLID(#8761,#8764,#8768,0.02);
#8761=IFCARBITRARYCLOSEDPROFILEDEF(.AREA.,$,#8762);
#8762=IFCINDEXEDPOLYCURVE(#8763,(IFCLINEINDEX((1,2,3,4,5,6,1))),$);
#8763=IFCCARTESIANPOINTLIST2D(((0.,0.),(0.,0.040000000000000008),(-0.11999999999999988,0.040000000000000008),(-0.11999999999999988,0.020000000000000004),(-0.020000000000000018,0.020000000000000004),(-0.020000000000000018,0.)));
#8764=IFCAXIS2PLACEMENT3D(#8765,#8766,#8767);
#8765=IFCCARTESIANPOINT((0.77628241740167137,0.060000000521540642,1.015000000372529));
#8766=IFCDIRECTION((0.,0.,1.));
#8767=IFCDIRECTION((1.,0.,0.));
#8768=IFCDIRECTION((0.,0.,1.));
#8769=IFCSHAPEREPRESENTATION(#11,'Body','SweptSolid',(#8705,#8714,#8750,#8759,#8760,#8723,#8732,#8741));
#8770=IFCCARTESIANPOINTLIST2D(((0.,0.),(0.,0.10000026226043701),(0.02500000037252903,0.10000026226043701),(0.02500000037252903,0.02500000037252903),(0.05000000074505806,0.02500000037252903),(0.05000000074505806,0.)));
#8771=IFCINDEXEDPOLYCURVE(#8770,(IFCLINEINDEX((1,2,3,4,5,6,1))),$);
#8772=IFCINDEXEDPOLYCURVE(#8773,(IFCLINEINDEX((1,2,3,4,5,6,1))),$);
#8773=IFCCARTESIANPOINTLIST2D(((0.85128241777420044,0.),(0.85128241777420044,0.10000026226043701),(0.82628241740167141,0.10000026226043701),(0.82628241740167141,0.02500000037252903),(0.80128241702914238,0.02500000037252903),(0.80128241702914238,0.)));
#8774=IFCDIRECTION((1.,0.));
#8775=IFCCARTESIANPOINT((0.060000000521540642,0.10000026226043701));
#8776=IFCAXIS2PLACEMENT2D(#8775,#8774);
#8777=IFCELLIPSE(#8776,0.76628241688013077,0.80128241702914238);
#8778=IFCCARTESIANPOINT((0.82628241740167141,0.10000026226043701));
#8779=IFCCARTESIANPOINT((0.060000000521540642,0.90128267928957939));
#8780=IFCTRIMMEDCURVE(#8777,(#8778),(#8779),.T.,.CARTESIAN.);
#8781=IFCCARTESIANPOINTLIST2D(((0.02500000037252903,0.10000026226043701),(0.060000000521540642,0.10000026226043701),(0.060000000521540642,0.90128267928957939),(0.02500000037252903,0.90128267928957939)));
#8782=IFCINDEXEDPOLYCURVE(#8781,(IFCLINEINDEX((1,2,3,4,1))),$);
#8783=IFCSHAPEREPRESENTATION(#24,'Body','Curve2D',(#8771,#8772,#8780,#8782));
#8784=IFCCARTESIANPOINTLIST2D(((0.,0.),(0.85128241777420044,0.),(0.85128241777420044,2.),(0.,2.)));
#8785=IFCINDEXEDPOLYCURVE(#8784,(IFCLINEINDEX((1,2,3,4,1))),$);
#8786=IFCARBITRARYCLOSEDPROFILEDEF(.AREA.,$,#8785);
#8787=IFCCARTESIANPOINT((0.,-0.60000002384185791,0.));
#8788=IFCDIRECTION((0.,-1.,0.));
#8789=IFCDIRECTION((1.,0.,0.));
#8790=IFCAXIS2PLACEMENT3D(#8787,#8788,#8789);
#8791=IFCDIRECTION((0.,0.,-1.));
#8792=IFCEXTRUDEDAREASOLID(#8786,#8790,#8791,1.2);
#8793=IFCSHAPEREPRESENTATION(#11,'Body','SweptSolid',(#8792));
#8799=IFCCARTESIANPOINT((3.5545264633493909,0.099999695739539873,0.));
#8800=IFCDIRECTION((0.,0.,1.));
#8801=IFCDIRECTION((-0.99999999999998856,1.509958025280849E-07,0.));
#8802=IFCAXIS2PLACEMENT3D(#8799,#8800,#8801);
#8803=IFCLOCALPLACEMENT(#6916,#8802);
#8804=IFCCARTESIANPOINT((-8.8817841970012523E-16,5.5511151231257827E-17,0.));
#8805=IFCDIRECTION((0.,0.,1.));
#8806=IFCDIRECTION((0.99999999999999978,0.,0.));
#8807=IFCAXIS2PLACEMENT3D(#8804,#8805,#8806);
#8808=IFCLOCALPLACEMENT(#8803,#8807);
#8814=IFCCARTESIANPOINT((1.0868967115877954,0.099999407077622671,0.));
#8815=IFCDIRECTION((0.,0.,1.));
#8816=IFCDIRECTION((-0.99999999999998868,1.5099580252808177E-07,0.));
#8817=IFCAXIS2PLACEMENT3D(#8814,#8815,#8816);
#8818=IFCLOCALPLACEMENT(#6242,#8817);
#8819=IFCCARTESIANPOINT((0.,0.,0.));
#8820=IFCDIRECTION((0.,0.,1.));
#8821=IFCDIRECTION((1.,-1.3234889800848443E-23,0.));
#8822=IFCAXIS2PLACEMENT3D(#8819,#8820,#8821);
#8823=IFCLOCALPLACEMENT(#8818,#8822);
#8824=IFCWINDOWTYPE('0tM6vkqVv5RfJdvhJhTxKQ',$,'Bedroom 2 - 2F',$,$,(#8825),(#8827,#8835,#8921),$,$,.WINDOW.,.SINGLE_PANEL.,$,$);
#8825=IFCPROPERTYSET('3vnFvUGpP9695f$LPhNYMP',$,'BBIM_Window',$,(#8826));
#8826=IFCPROPERTYSINGLEVALUE('Data',$,IFCTEXT('{"window_type": "DOUBLE_PANEL_VERTICAL", "overall_height": 0.7896865606307983, "overall_width": 1.2564448118209839, "lining_properties": {"lining_depth": 0.05000000074505806, "lining_thickness": 0.05000000074505806, "lining_offset": 0.05000000074505806, "lining_to_panel_offset_x": 0.02500000037252903, "lining_to_panel_offset_y": 0.02500000037252903, "mullion_thickness": 0.05000000074505806, "first_mullion_offset": 0.6572085022926331}, "panel_properties": {"frame_depth": [0.03500000014901161, 0.03500000014901161, 0.03500000014901161], "frame_thickness": [0.03500000014901161, 0.03500000014901161, 0.03500000014901161]}}'),$);
#8827=IFCREPRESENTATIONMAP(#8828,#9041);
#8828=IFCAXIS2PLACEMENT3D(#8829,#8830,#8831);
#8829=IFCCARTESIANPOINT((0.,0.,0.));
#8830=IFCDIRECTION((0.,0.,1.));
#8831=IFCDIRECTION((1.,0.,0.));
#8835=IFCREPRESENTATIONMAP(#8836,#9122);
#8836=IFCAXIS2PLACEMENT3D(#8837,#8838,#8839);
#8837=IFCCARTESIANPOINT((0.,0.,0.));
#8838=IFCDIRECTION((0.,0.,1.));
#8839=IFCDIRECTION((1.,0.,0.));
#8921=IFCREPRESENTATIONMAP(#8922,#9161);
#8922=IFCAXIS2PLACEMENT3D(#8923,#8924,#8925);
#8923=IFCCARTESIANPOINT((0.,0.,0.));
#8924=IFCDIRECTION((0.,0.,1.));
#8925=IFCDIRECTION((1.,0.,0.));
#8959=IFCWINDOW('1W0Zg0eY14I8pcQrkJ2dmI',$,'Window',$,$,#9186,#8968,$,0.78968656063079834,1.2564448118209839,$,.DOUBLE_PANEL_VERTICAL.,$);
#8960=IFCRELDEFINESBYTYPE('3nTUTLjRD6axMeb3sWu21e',$,$,$,(#8959),#8824);
#8961=IFCCARTESIANPOINT((0.,0.,0.));
#8962=IFCDIRECTION((1.,0.,0.));
#8963=IFCDIRECTION((0.,1.,0.));
#8964=IFCDIRECTION((0.,0.,1.));
#8965=IFCCARTESIANTRANSFORMATIONOPERATOR3D(#8962,#8963,#8961,1.,#8964);
#8966=IFCMAPPEDITEM(#8827,#8965);
#8967=IFCSHAPEREPRESENTATION(#18,'Profile','MappedRepresentation',(#8966));
#8968=IFCPRODUCTDEFINITIONSHAPE($,$,(#8967,#8975,#8982));
#8969=IFCCARTESIANPOINT((0.,0.,0.));
#8970=IFCDIRECTION((1.,0.,0.));
#8971=IFCDIRECTION((0.,1.,0.));
#8972=IFCDIRECTION((0.,0.,1.));
#8973=IFCCARTESIANTRANSFORMATIONOPERATOR3D(#8970,#8971,#8969,1.,#8972);
#8974=IFCMAPPEDITEM(#8835,#8973);
#8975=IFCSHAPEREPRESENTATION(#11,'Body','MappedRepresentation',(#8974));
#8976=IFCCARTESIANPOINT((0.,0.,0.));
#8977=IFCDIRECTION((1.,0.,0.));
#8978=IFCDIRECTION((0.,1.,0.));
#8979=IFCDIRECTION((0.,0.,1.));
#8980=IFCCARTESIANTRANSFORMATIONOPERATOR3D(#8977,#8978,#8976,1.,#8979);
#8981=IFCMAPPEDITEM(#8921,#8980);
#8982=IFCSHAPEREPRESENTATION(#24,'Body','MappedRepresentation',(#8981));
#8983=IFCOPENINGELEMENT('3oLddISM53w8tVd5NI6zRG',$,'Opening',$,$,#9181,#9011,$,.OPENING.);
#8999=IFCCARTESIANPOINT((0.,0.,0.));
#9000=IFCDIRECTION((1.,0.,0.));
#9001=IFCDIRECTION((0.,0.,1.));
#9002=IFCAXIS2PLACEMENT3D(#8999,#9001,#9000);
#9003=IFCREPRESENTATIONMAP(#9002,#9171);
#9004=IFCCARTESIANPOINT((0.,0.,0.));
#9005=IFCDIRECTION((1.,0.,0.));
#9006=IFCDIRECTION((0.,1.,0.));
#9007=IFCDIRECTION((0.,0.,1.));
#9008=IFCCARTESIANTRANSFORMATIONOPERATOR3D(#9005,#9006,#9004,1.,#9007);
#9009=IFCMAPPEDITEM(#9003,#9008);
#9010=IFCSHAPEREPRESENTATION(#11,'Body','MappedRepresentation',(#9009));
#9011=IFCPRODUCTDEFINITIONSHAPE($,$,(#9010));
#9012=IFCRELVOIDSELEMENT('2R4Q3yunn2GRjmJqcqAxRX',$,$,$,#6281,#8983);
#9018=IFCRELFILLSELEMENT('0IAARVqZD979ITMt42iyuj',$,$,$,#8983,#8959);
#9039=IFCCARTESIANPOINTLIST3D(((0.,0.,0.),(1.2564448118209839,0.,0.),(1.2564448118209839,0.,0.78968656063079834),(0.,0.,0.78968656063079834)));
#9040=IFCINDEXEDPOLYCURVE(#9039,(IFCLINEINDEX((1,2,3,4,1))),$);
#9041=IFCSHAPEREPRESENTATION(#18,'Profile','Curve3D',(#9040));
#9042=IFCCARTESIANPOINTLIST2D(((0.65720850229263306,0.),(0.,0.),(0.,0.78968656063079834),(0.65720850229263306,0.78968656063079834),(0.65720850229263306,0.76468656025826931),(0.02500000037252903,0.76468656025826931),(0.02500000037252903,0.02500000037252903),(0.65720850229263306,0.02500000037252903)));
#9043=IFCINDEXEDPOLYCURVE(#9042,(IFCLINEINDEX((1,2,3,4,5,6,7,8,1))),$);
#9044=IFCARBITRARYCLOSEDPROFILEDEF(.AREA.,$,#9043);
#9045=IFCCARTESIANPOINT((0.,0.090000001713633537,0.));
#9046=IFCDIRECTION((0.,-1.,0.));
#9047=IFCDIRECTION((1.,0.,0.));
#9048=IFCAXIS2PLACEMENT3D(#9045,#9046,#9047);
#9049=IFCDIRECTION((0.,0.,-1.));
#9050=IFCEXTRUDEDAREASOLID(#9044,#9048,#9049,0.0099999997764825821);
#9051=IFCCARTESIANPOINTLIST2D(((0.,0.),(0.65720850229263306,0.),(0.65720850229263306,0.78968656063079834),(0.,0.78968656063079834)));
#9052=IFCINDEXEDPOLYCURVE(#9051,(IFCLINEINDEX((1,2,3,4,1))),$);
#9053=IFCCARTESIANPOINTLIST2D(((0.05000000074505806,0.05000000074505806),(0.63220850192010403,0.05000000074505806),(0.63220850192010403,0.73968655988574028),(0.05000000074505806,0.73968655988574028)));
#9054=IFCINDEXEDPOLYCURVE(#9053,(IFCLINEINDEX((1,2,3,4,1))),$);
#9055=IFCARBITRARYPROFILEDEFWITHVOIDS(.AREA.,$,#9052,(#9054));
#9056=IFCCARTESIANPOINT((0.,0.05000000074505806,0.));
#9057=IFCDIRECTION((0.,-1.,0.));
#9058=IFCDIRECTION((1.,0.,0.));
#9059=IFCAXIS2PLACEMENT3D(#9056,#9057,#9058);
#9060=IFCDIRECTION((0.,0.,-1.));
#9061=IFCEXTRUDEDAREASOLID(#9055,#9059,#9060,0.040000000968575478);
#9062=IFCCARTESIANPOINTLIST2D(((0.,0.),(0.63220850192010403,0.),(0.63220850192010403,0.73968655988574028),(0.,0.73968655988574028)));
#9063=IFCINDEXEDPOLYCURVE(#9062,(IFCLINEINDEX((1,2,3,4,1))),$);
#9064=IFCCARTESIANPOINTLIST2D(((0.035000000149011612,0.035000000149011612),(0.59720850177109241,0.035000000149011612),(0.59720850177109241,0.70468655973672867),(0.035000000149011612,0.70468655973672867)));
#9065=IFCINDEXEDPOLYCURVE(#9064,(IFCLINEINDEX((1,2,3,4,1))),$);
#9066=IFCARBITRARYPROFILEDEFWITHVOIDS(.AREA.,$,#9063,(#9065));
#9067=IFCCARTESIANPOINT((0.02500000037252903,0.090000001713633537,0.02500000037252903));
#9068=IFCDIRECTION((0.,-1.,0.));
#9069=IFCDIRECTION((1.,0.,0.));
#9070=IFCAXIS2PLACEMENT3D(#9067,#9068,#9069);
#9071=IFCDIRECTION((0.,0.,-1.));
#9072=IFCEXTRUDEDAREASOLID(#9066,#9070,#9071,0.035000000149011612);
#9073=IFCINDEXEDPOLYCURVE(#9074,(IFCLINEINDEX((1,2,3,4,1))),$);
#9074=IFCCARTESIANPOINTLIST2D(((0.035000000149011612,0.035000000149011612),(0.59720850177109241,0.035000000149011612),(0.59720850177109241,0.70468655973672867),(0.035000000149011612,0.70468655973672867)));
#9075=IFCARBITRARYCLOSEDPROFILEDEF(.AREA.,$,#9073);
#9076=IFCCARTESIANPOINT((0.02500000037252903,0.10250000178813934,0.02500000037252903));
#9077=IFCDIRECTION((0.,-1.,0.));
#9078=IFCDIRECTION((1.,0.,0.));
#9079=IFCAXIS2PLACEMENT3D(#9076,#9077,#9078);
#9080=IFCDIRECTION((0.,0.,-1.));
#9081=IFCEXTRUDEDAREASOLID(#9075,#9079,#9080,0.01);
#9082=IFCCARTESIANPOINTLIST2D(((0.,0.78968656063079834),(0.59923630952835083,0.78968656063079834),(0.59923630952835083,0.),(0.,0.),(0.,0.02500000037252903),(0.5742363091558218,0.02500000037252903),(0.5742363091558218,0.76468656025826931),(0.,0.76468656025826931)));
#9083=IFCINDEXEDPOLYCURVE(#9082,(IFCLINEINDEX((1,2,3,4,5,6,7,8,1))),$);
#9084=IFCARBITRARYCLOSEDPROFILEDEF(.AREA.,$,#9083);
#9085=IFCCARTESIANPOINT((0.65720850229263306,0.090000001713633537,0.));
#9086=IFCDIRECTION((0.,-1.,0.));
#9087=IFCDIRECTION((1.,0.,0.));
#9088=IFCAXIS2PLACEMENT3D(#9085,#9086,#9087);
#9089=IFCDIRECTION((0.,0.,-1.));
#9090=IFCEXTRUDEDAREASOLID(#9084,#9088,#9089,0.0099999997764825821);
#9091=IFCCARTESIANPOINTLIST2D(((0.,0.),(0.59923630952835083,0.),(0.59923630952835083,0.78968656063079834),(0.,0.78968656063079834)));
#9092=IFCINDEXEDPOLYCURVE(#9091,(IFCLINEINDEX((1,2,3,4,1))),$);
#9093=IFCCARTESIANPOINTLIST2D(((0.02500000037252903,0.05000000074505806),(0.54923630878329277,0.05000000074505806),(0.54923630878329277,0.73968655988574028),(0.02500000037252903,0.73968655988574028)));
#9094=IFCINDEXEDPOLYCURVE(#9093,(IFCLINEINDEX((1,2,3,4,1))),$);
#9095=IFCARBITRARYPROFILEDEFWITHVOIDS(.AREA.,$,#9092,(#9094));
#9096=IFCCARTESIANPOINT((0.65720850229263306,0.05000000074505806,0.));
#9097=IFCDIRECTION((0.,-1.,0.));
#9098=IFCDIRECTION((1.,0.,0.));
#9099=IFCAXIS2PLACEMENT3D(#9096,#9097,#9098);
#9100=IFCDIRECTION((0.,0.,-1.));
#9101=IFCEXTRUDEDAREASOLID(#9095,#9099,#9100,0.040000000968575478);
#9102=IFCCARTESIANPOINTLIST2D(((0.,0.),(0.5742363091558218,0.),(0.5742363091558218,0.73968655988574028),(0.,0.73968655988574028)));
#9103=IFCINDEXEDPOLYCURVE(#9102,(IFCLINEINDEX((1,2,3,4,1))),$);
#9104=IFCCARTESIANPOINTLIST2D(((0.035000000149011612,0.035000000149011612),(0.53923630900681019,0.035000000149011612),(0.53923630900681019,0.70468655973672867),(0.035000000149011612,0.70468655973672867)));
#9105=IFCINDEXEDPOLYCURVE(#9104,(IFCLINEINDEX((1,2,3,4,1))),$);
#9106=IFCARBITRARYPROFILEDEFWITHVOIDS(.AREA.,$,#9103,(#9105));
#9107=IFCCARTESIANPOINT((0.65720850229263306,0.090000001713633537,0.02500000037252903));
#9108=IFCDIRECTION((0.,-1.,0.));
#9109=IFCDIRECTION((1.,0.,0.));
#9110=IFCAXIS2PLACEMENT3D(#9107,#9108,#9109);
#9111=IFCDIRECTION((0.,0.,-1.));
#9112=IFCEXTRUDEDAREASOLID(#9106,#9110,#9111,0.035000000149011612);
#9113=IFCINDEXEDPOLYCURVE(#9114,(IFCLINEINDEX((1,2,3,4,1))),$);
#9114=IFCCARTESIANPOINTLIST2D(((0.035000000149011612,0.035000000149011612),(0.53923630900681019,0.035000000149011612),(0.53923630900681019,0.70468655973672867),(0.035000000149011612,0.70468655973672867)));
#9115=IFCARBITRARYCLOSEDPROFILEDEF(.AREA.,$,#9113);
#9116=IFCCARTESIANPOINT((0.65720850229263306,0.10250000178813934,0.02500000037252903));
#9117=IFCDIRECTION((0.,-1.,0.));
#9118=IFCDIRECTION((1.,0.,0.));
#9119=IFCAXIS2PLACEMENT3D(#9116,#9117,#9118);
#9120=IFCDIRECTION((0.,0.,-1.));
#9121=IFCEXTRUDEDAREASOLID(#9115,#9119,#9120,0.01);
#9122=IFCSHAPEREPRESENTATION(#11,'Body','SweptSolid',(#9050,#9061,#9072,#9081,#9090,#9101,#9112,#9121));
#9123=IFCSHAPEREPRESENTATION(#11,'Body','SweptSolid',(#9050,#9061,#9090,#9101));
#9124=IFCSHAPEASPECT((#9123),'Lining',$,.T.,#8968);
#9125=IFCSHAPEREPRESENTATION(#11,'Body','SweptSolid',(#9072,#9112));
#9126=IFCSHAPEASPECT((#9125),'Framing',$,.T.,#8968);
#9127=IFCSHAPEREPRESENTATION(#11,'Body','SweptSolid',(#9081,#9121));
#9128=IFCSHAPEASPECT((#9127),'Glazing',$,.T.,#8968);
#9129=IFCCARTESIANPOINTLIST2D(((0.05000000074505806,0.05000000074505806),(0.63220850192010403,0.05000000074505806)));
#9130=IFCINDEXEDPOLYCURVE(#9129,$,$);
#9131=IFCCARTESIANPOINTLIST2D(((0.,0.10000000149011612),(0.02500000037252903,0.10000000149011612),(0.02500000037252903,0.090000001713633537),(0.05000000074505806,0.090000001713633537),(0.05000000074505806,0.05000000074505806),(0.,0.05000000074505806)));
#9132=IFCINDEXEDPOLYCURVE(#9131,(IFCLINEINDEX((1,2,3,4,5,6,1))),$);
#9133=IFCCARTESIANPOINTLIST2D(((0.65720850229263306,0.10000000149011612),(0.65720850229263306,0.10000000149011612),(0.65720850229263306,0.090000001713633537),(0.63220850192010403,0.090000001713633537),(0.63220850192010403,0.05000000074505806),(0.65720850229263306,0.05000000074505806)));
#9134=IFCINDEXEDPOLYCURVE(#9133,$,$);
#9135=IFCCARTESIANPOINTLIST2D(((0.02500000037252903,0.090000001713633537),(0.060000000521540642,0.090000001713633537),(0.060000000521540642,0.12500000186264515),(0.02500000037252903,0.12500000186264515)));
#9136=IFCINDEXEDPOLYCURVE(#9135,(IFCLINEINDEX((1,2,3,4,1))),$);
#9137=IFCINDEXEDPOLYCURVE(#9138,(IFCLINEINDEX((1,2,3,4,1))),$);
#9138=IFCCARTESIANPOINTLIST2D(((0.65720850229263306,0.090000001713633537),(0.62220850214362144,0.090000001713633537),(0.62220850214362144,0.12500000186264515),(0.65720850229263306,0.12500000186264515)));
#9139=IFCCARTESIANPOINTLIST2D(((0.060000000521540642,0.090000001713633537),(0.62220850214362144,0.090000001713633537)));
#9140=IFCINDEXEDPOLYCURVE(#9139,$,$);
#9141=IFCINDEXEDPOLYCURVE(#9142,$,$);
#9142=IFCCARTESIANPOINTLIST2D(((0.060000000521540642,0.12500000186264515),(0.62220850214362144,0.12500000186264515)));
#9143=IFCINDEXEDPOLYCURVE(#9144,$,$);
#9144=IFCCARTESIANPOINTLIST2D(((0.060000000521540642,0.10750000178813934),(0.62220850214362144,0.10750000178813934)));
#9145=IFCCARTESIANPOINTLIST2D(((0.68220850266516209,0.05000000074505806),(1.2064448110759258,0.05000000074505806)));
#9146=IFCINDEXEDPOLYCURVE(#9145,$,$);
#9147=IFCCARTESIANPOINTLIST2D(((0.65720850229263306,0.10000000149011612),(0.65720850229263306,0.10000000149011612),(0.65720850229263306,0.090000001713633537),(0.68220850266516209,0.090000001713633537),(0.68220850266516209,0.05000000074505806),(0.65720850229263306,0.05000000074505806)));
#9148=IFCINDEXEDPOLYCURVE(#9147,$,$);
#9149=IFCCARTESIANPOINTLIST2D(((1.2564448118209839,0.10000000149011612),(1.2314448114484549,0.10000000149011612),(1.2314448114484549,0.090000001713633537),(1.2064448110759258,0.090000001713633537),(1.2064448110759258,0.05000000074505806),(1.2564448118209839,0.05000000074505806)));
#9150=IFCINDEXEDPOLYCURVE(#9149,(IFCLINEINDEX((1,2,3,4,5,6,1))),$);
#9151=IFCCARTESIANPOINTLIST2D(((0.65720850229263306,0.090000001713633537),(0.69220850244164467,0.090000001713633537),(0.69220850244164467,0.12500000186264515),(0.65720850229263306,0.12500000186264515)));
#9152=IFCINDEXEDPOLYCURVE(#9151,(IFCLINEINDEX((1,2,3,4,1))),$);
#9153=IFCINDEXEDPOLYCURVE(#9154,(IFCLINEINDEX((1,2,3,4,1))),$);
#9154=IFCCARTESIANPOINTLIST2D(((1.2314448114484549,0.090000001713633537),(1.1964448112994432,0.090000001713633537),(1.1964448112994432,0.12500000186264515),(1.2314448114484549,0.12500000186264515)));
#9155=IFCCARTESIANPOINTLIST2D(((0.69220850244164467,0.090000001713633537),(1.1964448112994432,0.090000001713633537)));
#9156=IFCINDEXEDPOLYCURVE(#9155,$,$);
#9157=IFCINDEXEDPOLYCURVE(#9158,$,$);
#9158=IFCCARTESIANPOINTLIST2D(((0.69220850244164467,0.12500000186264515),(1.1964448112994432,0.12500000186264515)));
#9159=IFCINDEXEDPOLYCURVE(#9160,$,$);
#9160=IFCCARTESIANPOINTLIST2D(((0.69220850244164467,0.10750000178813934),(1.1964448112994432,0.10750000178813934)));
#9161=IFCSHAPEREPRESENTATION(#24,'Body','Curve2D',(#9130,#9132,#9134,#9136,#9137,#9140,#9141,#9143,#9146,#9148,#9150,#9152,#9153,#9156,#9157,#9159));
#9162=IFCCARTESIANPOINTLIST2D(((0.,0.),(1.2564448118209839,0.),(1.2564448118209839,0.78968656063079834),(0.,0.78968656063079834)));
#9163=IFCINDEXEDPOLYCURVE(#9162,(IFCLINEINDEX((1,2,3,4,1))),$);
#9164=IFCARBITRARYCLOSEDPROFILEDEF(.AREA.,$,#9163);
#9165=IFCCARTESIANPOINT((0.,-0.60000002384185791,0.));
#9166=IFCDIRECTION((0.,-1.,0.));
#9167=IFCDIRECTION((1.,0.,0.));
#9168=IFCAXIS2PLACEMENT3D(#9165,#9166,#9167);
#9169=IFCDIRECTION((0.,0.,-1.));
#9170=IFCEXTRUDEDAREASOLID(#9164,#9168,#9169,1.2);
#9171=IFCSHAPEREPRESENTATION(#11,'Body','SweptSolid',(#9170));
#9177=IFCCARTESIANPOINT((0.29604437708971387,2.384185791015625E-07,1.));
#9178=IFCDIRECTION((0.,0.,1.));
#9179=IFCDIRECTION((0.99999999999997158,-2.3841857910155572E-07,0.));
#9180=IFCAXIS2PLACEMENT3D(#9177,#9178,#9179);
#9181=IFCLOCALPLACEMENT(#6525,#9180);
#9182=IFCCARTESIANPOINT((-8.8817841970012523E-16,0.,0.));
#9183=IFCDIRECTION((0.,0.,1.));
#9184=IFCDIRECTION((1.,0.,0.));
#9185=IFCAXIS2PLACEMENT3D(#9182,#9183,#9184);
#9186=IFCLOCALPLACEMENT(#9181,#9185);
#9187=IFCDOORTYPE('1V6wS42K95tPpw4R5QxUp0',$,'Master - 2F Sliding',$,$,(#9188),(#9190,#9198,#9267,#9279),$,$,.DOOR.,.SINGLE_SWING_LEFT.,$,$);
#9188=IFCPROPERTYSET('0oU3KWIDzBs9Bv2Dlytp4n',$,'BBIM_Door',$,(#9189));
#9189=IFCPROPERTYSINGLEVALUE('Data',$,IFCTEXT('{"door_type": "SLIDING_TO_LEFT", "overall_height": 2.0, "overall_width": 2.0027689933776855, "lining_properties": {"lining_depth": 0.16123616695404053, "lining_thickness": 0.05000000074505806, "lining_offset": 0.0, "transom_thickness": 0.0, "casing_thickness": 0.07500000298023224, "casing_depth": 0.004999999888241291, "threshold_thickness": 0.02500000037252903, "threshold_depth": 0.10000000149011612, "threshold_offset": 0.0}, "panel_properties": {"panel_depth": 0.03500000014901161, "panel_width_ratio": 1.0}}'),$);
#9190=IFCREPRESENTATIONMAP(#9191,#9393);
#9191=IFCAXIS2PLACEMENT3D(#9192,#9193,#9194);
#9192=IFCCARTESIANPOINT((0.,0.,0.));
#9193=IFCDIRECTION((0.,0.,1.));
#9194=IFCDIRECTION((1.,0.,0.));
#9198=IFCREPRESENTATIONMAP(#9199,#9457);
#9199=IFCAXIS2PLACEMENT3D(#9200,#9201,#9202);
#9200=IFCCARTESIANPOINT((0.,0.,0.));
#9201=IFCDIRECTION((0.,0.,1.));
#9202=IFCDIRECTION((1.,0.,0.));
#9267=IFCREPRESENTATIONMAP(#9268,#9468);
#9268=IFCAXIS2PLACEMENT3D(#9269,#9270,#9271);
#9269=IFCCARTESIANPOINT((0.,0.,0.));
#9270=IFCDIRECTION((0.,0.,1.));
#9271=IFCDIRECTION((1.,0.,0.));
#9279=IFCREPRESENTATIONMAP(#9280,#9473);
#9280=IFCAXIS2PLACEMENT3D(#9281,#9282,#9283);
#9281=IFCCARTESIANPOINT((0.,0.,0.));
#9282=IFCDIRECTION((0.,0.,1.));
#9283=IFCDIRECTION((1.,0.,0.));
#9289=IFCDOOR('2Bui5dKEH4hPCOLNh3pXMX',$,'Door',$,$,#9498,#9298,$,2.,2.0027689933776855,$,.SLIDING_TO_LEFT.,$);
#9290=IFCRELDEFINESBYTYPE('2G101osBjBYe$ldQmBQ0lh',$,$,$,(#9289),#9187);
#9291=IFCCARTESIANPOINT((0.,0.,0.));
#9292=IFCDIRECTION((1.,0.,0.));
#9293=IFCDIRECTION((0.,1.,0.));
#9294=IFCDIRECTION((0.,0.,1.));
#9295=IFCCARTESIANTRANSFORMATIONOPERATOR3D(#9292,#9293,#9291,1.,#9294);
#9296=IFCMAPPEDITEM(#9190,#9295);
#9297=IFCSHAPEREPRESENTATION(#18,'Profile','MappedRepresentation',(#9296));
#9298=IFCPRODUCTDEFINITIONSHAPE($,$,(#9297,#9305,#9312,#9319));
#9299=IFCCARTESIANPOINT((0.,0.,0.));
#9300=IFCDIRECTION((1.,0.,0.));
#9301=IFCDIRECTION((0.,1.,0.));
#9302=IFCDIRECTION((0.,0.,1.));
#9303=IFCCARTESIANTRANSFORMATIONOPERATOR3D(#9300,#9301,#9299,1.,#9302);
#9304=IFCMAPPEDITEM(#9198,#9303);
#9305=IFCSHAPEREPRESENTATION(#11,'Body','MappedRepresentation',(#9304));
#9306=IFCCARTESIANPOINT((0.,0.,0.));
#9307=IFCDIRECTION((1.,0.,0.));
#9308=IFCDIRECTION((0.,1.,0.));
#9309=IFCDIRECTION((0.,0.,1.));
#9310=IFCCARTESIANTRANSFORMATIONOPERATOR3D(#9307,#9308,#9306,1.,#9309);
#9311=IFCMAPPEDITEM(#9267,#9310);
#9312=IFCSHAPEREPRESENTATION(#24,'Body','MappedRepresentation',(#9311));
#9313=IFCCARTESIANPOINT((0.,0.,0.));
#9314=IFCDIRECTION((1.,0.,0.));
#9315=IFCDIRECTION((0.,1.,0.));
#9316=IFCDIRECTION((0.,0.,1.));
#9317=IFCCARTESIANTRANSFORMATIONOPERATOR3D(#9314,#9315,#9313,1.,#9316);
#9318=IFCMAPPEDITEM(#9279,#9317);
#9319=IFCSHAPEREPRESENTATION(#25,'Annotation','MappedRepresentation',(#9318));
#9320=IFCOPENINGELEMENT('3OZTriX8LEuQn3kVd8BlyZ',$,'Opening',$,$,#9493,#9348,$,.OPENING.);
#9336=IFCCARTESIANPOINT((0.,0.,0.));
#9337=IFCDIRECTION((1.,0.,0.));
#9338=IFCDIRECTION((0.,0.,1.));
#9339=IFCAXIS2PLACEMENT3D(#9336,#9338,#9337);
#9340=IFCREPRESENTATIONMAP(#9339,#9483);
#9341=IFCCARTESIANPOINT((0.,0.,0.));
#9342=IFCDIRECTION((1.,0.,0.));
#9343=IFCDIRECTION((0.,1.,0.));
#9344=IFCDIRECTION((0.,0.,1.));
#9345=IFCCARTESIANTRANSFORMATIONOPERATOR3D(#9342,#9343,#9341,1.,#9344);
#9346=IFCMAPPEDITEM(#9340,#9345);
#9347=IFCSHAPEREPRESENTATION(#11,'Body','MappedRepresentation',(#9346));
#9348=IFCPRODUCTDEFINITIONSHAPE($,$,(#9347));
#9349=IFCRELVOIDSELEMENT('0muiXy64D9euU$vBbTd05F',$,$,$,#6181,#9320);
#9355=IFCRELFILLSELEMENT('2MCVuxwfHE1hJkDoTvo985',$,$,$,#9320,#9289);
#9391=IFCCARTESIANPOINTLIST3D(((0.,0.,0.),(2.0027689933776855,0.,0.),(2.0027689933776855,0.,2.),(0.,0.,2.)));
#9392=IFCINDEXEDPOLYCURVE(#9391,(IFCLINEINDEX((1,2,3,4,1))),$);
#9393=IFCSHAPEREPRESENTATION(#18,'Profile','Curve3D',(#9392));
#9394=IFCCARTESIANPOINTLIST2D(((0.,0.),(0.,2.),(2.0027689933776855,2.),(2.0027689933776855,0.),(1.9527689926326275,0.),(1.9527689926326275,1.9499999992549419),(0.05000000074505806,1.9499999992549419),(0.05000000074505806,0.)));
#9395=IFCINDEXEDPOLYCURVE(#9394,(IFCLINEINDEX((1,2,3,4,5,6,7,8,1))),$);
#9396=IFCARBITRARYCLOSEDPROFILEDEF(.AREA.,$,#9395);
#9397=IFCCARTESIANPOINT((0.,0.,0.));
#9398=IFCDIRECTION((0.,-1.,0.));
#9399=IFCDIRECTION((1.,0.,0.));
#9400=IFCAXIS2PLACEMENT3D(#9397,#9398,#9399);
#9401=IFCDIRECTION((0.,0.,-1.));
#9402=IFCEXTRUDEDAREASOLID(#9396,#9400,#9401,0.16123616695404053);
#9403=IFCCARTESIANPOINTLIST2D(((0.,0.),(1.9027689918875694,0.),(1.9027689918875694,0.10000000149011612),(0.,0.10000000149011612)));
#9404=IFCINDEXEDPOLYCURVE(#9403,(IFCLINEINDEX((1,2,3,4,1))),$);
#9405=IFCARBITRARYCLOSEDPROFILEDEF(.AREA.,$,#9404);
#9406=IFCCARTESIANPOINT((0.05000000074505806,0.,0.));
#9407=IFCDIRECTION((0.,0.,1.));
#9408=IFCDIRECTION((1.,0.,0.));
#9409=IFCAXIS2PLACEMENT3D(#9406,#9407,#9408);
#9410=IFCDIRECTION((0.,0.,1.));
#9411=IFCEXTRUDEDAREASOLID(#9405,#9409,#9410,0.02500000037252903);
#9412=IFCCARTESIANPOINTLIST2D(((0.,0.),(0.,2.0250000022351742),(2.0527689978480339,2.0250000022351742),(2.0527689978480339,0.),(1.9777689948678017,0.),(1.9777689948678017,1.9499999992549419),(0.075000002980232239,1.9499999992549419),(0.075000002980232239,0.)));
#9413=IFCINDEXEDPOLYCURVE(#9412,(IFCLINEINDEX((1,2,3,4,5,6,7,8,1))),$);
#9414=IFCARBITRARYCLOSEDPROFILEDEF(.AREA.,$,#9413);
#9415=IFCCARTESIANPOINT((-0.025000002235174179,-0.004999999888241291,0.));
#9416=IFCDIRECTION((0.,-1.,0.));
#9417=IFCDIRECTION((1.,0.,0.));
#9418=IFCAXIS2PLACEMENT3D(#9415,#9416,#9417);
#9419=IFCDIRECTION((0.,0.,-1.));
#9420=IFCEXTRUDEDAREASOLID(#9414,#9418,#9419,0.004999999888241291);
#9421=IFCCARTESIANPOINTLIST2D(((0.,0.),(0.,2.0250000022351742),(2.0527689978480339,2.0250000022351742),(2.0527689978480339,0.),(1.9777689948678017,0.),(1.9777689948678017,1.9499999992549419),(0.075000002980232239,1.9499999992549419),(0.075000002980232239,0.)));
#9422=IFCINDEXEDPOLYCURVE(#9421,(IFCLINEINDEX((1,2,3,4,5,6,7,8,1))),$);
#9423=IFCARBITRARYCLOSEDPROFILEDEF(.AREA.,$,#9422);
#9424=IFCCARTESIANPOINT((-0.025000002235174179,0.16123616695404053,0.));
#9425=IFCDIRECTION((0.,-1.,0.));
#9426=IFCDIRECTION((1.,0.,0.));
#9427=IFCAXIS2PLACEMENT3D(#9424,#9425,#9426);
#9428=IFCDIRECTION((0.,0.,-1.));
#9429=IFCEXTRUDEDAREASOLID(#9423,#9427,#9428,0.004999999888241291);
#9430=IFCCARTESIANPOINTLIST2D(((0.,0.),(1.9027689918875694,0.),(1.9027689918875694,0.035000000149011612),(0.,0.035000000149011612)));
#9431=IFCINDEXEDPOLYCURVE(#9430,(IFCLINEINDEX((1,2,3,4,1))),$);
#9432=IFCARBITRARYCLOSEDPROFILEDEF(.AREA.,$,#9431);
#9433=IFCCARTESIANPOINT((0.05000000074505806,-0.035000000149011612,0.02500000037252903));
#9434=IFCDIRECTION((0.,0.,1.));
#9435=IFCDIRECTION((1.,0.,0.));
#9436=IFCAXIS2PLACEMENT3D(#9433,#9434,#9435);
#9437=IFCDIRECTION((0.,0.,1.));
#9438=IFCEXTRUDEDAREASOLID(#9432,#9436,#9437,1.9249999988824129);
#9439=IFCCARTESIANPOINTLIST2D(((0.,0.),(0.,-0.040000000000000008),(-0.11999999999999988,-0.040000000000000008),(-0.11999999999999988,-0.020000000000000004),(-0.020000000000000018,-0.020000000000000004),(-0.020000000000000018,0.)));
#9440=IFCINDEXEDPOLYCURVE(#9439,(IFCLINEINDEX((1,2,3,4,5,6,1))),$);
#9441=IFCARBITRARYCLOSEDPROFILEDEF(.AREA.,$,#9440);
#9442=IFCCARTESIANPOINT((1.9027689926326274,-0.035000000149011612,1.015000000372529));
#9443=IFCDIRECTION((0.,0.,1.));
#9444=IFCDIRECTION((1.,0.,0.));
#9445=IFCAXIS2PLACEMENT3D(#9442,#9443,#9444);
#9446=IFCDIRECTION((0.,0.,1.));
#9447=IFCEXTRUDEDAREASOLID(#9441,#9445,#9446,0.02);
#9448=IFCEXTRUDEDAREASOLID(#9449,#9452,#9456,0.02);
#9449=IFCARBITRARYCLOSEDPROFILEDEF(.AREA.,$,#9450);
#9450=IFCINDEXEDPOLYCURVE(#9451,(IFCLINEINDEX((1,2,3,4,5,6,1))),$);
#9451=IFCCARTESIANPOINTLIST2D(((0.,0.),(0.,0.040000000000000008),(-0.11999999999999988,0.040000000000000008),(-0.11999999999999988,0.020000000000000004),(-0.020000000000000018,0.020000000000000004),(-0.020000000000000018,0.)));
#9452=IFCAXIS2PLACEMENT3D(#9453,#9454,#9455);
#9453=IFCCARTESIANPOINT((1.9027689926326274,0.,1.015000000372529));
#9454=IFCDIRECTION((0.,0.,1.));
#9455=IFCDIRECTION((1.,0.,0.));
#9456=IFCDIRECTION((0.,0.,1.));
#9457=IFCSHAPEREPRESENTATION(#11,'Body','SweptSolid',(#9402,#9438,#9447,#9448,#9411,#9420,#9429));
#9458=IFCSHAPEREPRESENTATION(#11,'Body','SweptSolid',(#9402,#9411,#9420,#9429));
#9459=IFCSHAPEASPECT((#9458),'Lining',$,.T.,#9298);
#9460=IFCSHAPEREPRESENTATION(#11,'Body','SweptSolid',(#9438,#9447,#9448));
#9461=IFCSHAPEASPECT((#9460),'Framing',$,.T.,#9298);
#9462=IFCCARTESIANPOINTLIST2D(((0.,0.),(0.05000000074505806,0.),(0.05000000074505806,0.16123616695404053),(0.,0.16123616695404053)));
#9463=IFCINDEXEDPOLYCURVE(#9462,(IFCLINEINDEX((1,2,3,4,1))),$);
#9464=IFCINDEXEDPOLYCURVE(#9465,(IFCLINEINDEX((1,2,3,4,1))),$);
#9465=IFCCARTESIANPOINTLIST2D(((2.0027689933776855,0.),(1.9527689926326275,0.),(1.9527689926326275,0.16123616695404053),(2.0027689933776855,0.16123616695404053)));
#9466=IFCCARTESIANPOINTLIST2D(((-0.90138449519872665,-0.035000000149011612),(1.0013844966888428,-0.035000000149011612),(1.0013844966888428,0.),(-0.90138449519872665,0.)));
#9467=IFCINDEXEDPOLYCURVE(#9466,(IFCLINEINDEX((1,2,3,4,1))),$);
#9468=IFCSHAPEREPRESENTATION(#24,'Body','Curve2D',(#9463,#9464,#9467));
#9469=IFCCARTESIANPOINTLIST2D(((0.71596914790570731,-0.081587428267465345),(1.2867998454719782,-0.081587428267465345)));
#9470=IFCINDEXEDPOLYCURVE(#9469,$,$);
#9471=IFCCARTESIANPOINTLIST2D(((0.74596914790570734,-0.050529142855162856),(0.71596914790570731,-0.081587428267465345),(0.74596914790570734,-0.11264571367976783)));
#9472=IFCINDEXEDPOLYCURVE(#9471,$,$);
#9473=IFCSHAPEREPRESENTATION(#25,'Annotation','Curve2D',(#9470,#9472));
#9474=IFCCARTESIANPOINTLIST2D(((0.,0.),(2.0027689933776855,0.),(2.0027689933776855,2.),(0.,2.)));
#9475=IFCINDEXEDPOLYCURVE(#9474,(IFCLINEINDEX((1,2,3,4,1))),$);
#9476=IFCARBITRARYCLOSEDPROFILEDEF(.AREA.,$,#9475);
#9477=IFCCARTESIANPOINT((0.,-0.60000002384185791,0.));
#9478=IFCDIRECTION((0.,-1.,0.));
#9479=IFCDIRECTION((1.,0.,0.));
#9480=IFCAXIS2PLACEMENT3D(#9477,#9478,#9479);
#9481=IFCDIRECTION((0.,0.,-1.));
#9482=IFCEXTRUDEDAREASOLID(#9476,#9480,#9481,1.2);
#9483=IFCSHAPEREPRESENTATION(#11,'Body','SweptSolid',(#9482));
#9489=IFCCARTESIANPOINT((3.4037948209538982,0.099998950958251953,0.));
#9490=IFCDIRECTION((0.,0.,1.));
#9491=IFCDIRECTION((-0.99999999999992428,3.8941436741876494E-07,0.));
#9492=IFCAXIS2PLACEMENT3D(#9489,#9490,#9491);
#9493=IFCLOCALPLACEMENT(#6402,#9492);
#9494=IFCCARTESIANPOINT((0.,0.,0.));
#9495=IFCDIRECTION((0.,0.,1.));
#9496=IFCDIRECTION((1.,0.,0.));
#9497=IFCAXIS2PLACEMENT3D(#9494,#9495,#9496);
#9498=IFCLOCALPLACEMENT(#9493,#9497);
#9499=IFCWINDOWTYPE('2IByM67_j1XQylvoCrVjtT',$,'Master - 2F',$,$,(#9500),(#9502,#9510,#9558),$,$,.WINDOW.,.SINGLE_PANEL.,$,$);
#9500=IFCPROPERTYSET('02$42nmOrEv8u7YGfwwKf6',$,'BBIM_Window',$,(#9501));
#9501=IFCPROPERTYSINGLEVALUE('Data',$,IFCTEXT('{"window_type": "SINGLE_PANEL", "overall_height": 0.7896865606307983, "overall_width": 0.8410094976425171, "lining_properties": {"lining_depth": 0.05000000074505806, "lining_thickness": 0.05000000074505806, "lining_offset": 0.05000000074505806, "lining_to_panel_offset_x": 0.02500000037252903, "lining_to_panel_offset_y": 0.02500000037252903}, "panel_properties": {"frame_depth": [0.03500000014901161, 0.03500000014901161, 0.03500000014901161], "frame_thickness": [0.03500000014901161, 0.03500000014901161, 0.03500000014901161]}}'),$);
#9502=IFCREPRESENTATIONMAP(#9503,#9944);
#9503=IFCAXIS2PLACEMENT3D(#9504,#9505,#9506);
#9504=IFCCARTESIANPOINT((0.,0.,0.));
#9505=IFCDIRECTION((0.,0.,1.));
#9506=IFCDIRECTION((1.,0.,0.));
#9510=IFCREPRESENTATIONMAP(#9511,#9987);
#9511=IFCAXIS2PLACEMENT3D(#9512,#9513,#9514);
#9512=IFCCARTESIANPOINT((0.,0.,0.));
#9513=IFCDIRECTION((0.,0.,1.));
#9514=IFCDIRECTION((1.,0.,0.));
#9558=IFCREPRESENTATIONMAP(#9559,#10010);
#9559=IFCAXIS2PLACEMENT3D(#9560,#9561,#9562);
#9560=IFCCARTESIANPOINT((0.,0.,0.));
#9561=IFCDIRECTION((0.,0.,1.));
#9562=IFCDIRECTION((1.,0.,0.));
#9580=IFCWINDOW('0Ba4zQ_AbBShRPJBfo$FXv',$,'Window',$,$,#10035,#9589,$,0.78968656063079834,0.84100949764251709,$,.SINGLE_PANEL.,$);
#9581=IFCRELDEFINESBYTYPE('3X_DAXS615aOw1y4VfD7Zp',$,$,$,(#9580,#9645),#9499);
#9582=IFCCARTESIANPOINT((0.,0.,0.));
#9583=IFCDIRECTION((1.,0.,0.));
#9584=IFCDIRECTION((0.,1.,0.));
#9585=IFCDIRECTION((0.,0.,1.));
#9586=IFCCARTESIANTRANSFORMATIONOPERATOR3D(#9583,#9584,#9582,1.,#9585);
#9587=IFCMAPPEDITEM(#9502,#9586);
#9588=IFCSHAPEREPRESENTATION(#18,'Profile','MappedRepresentation',(#9587));
#9589=IFCPRODUCTDEFINITIONSHAPE($,$,(#9588,#9596,#9603));
#9590=IFCCARTESIANPOINT((0.,0.,0.));
#9591=IFCDIRECTION((1.,0.,0.));
#9592=IFCDIRECTION((0.,1.,0.));
#9593=IFCDIRECTION((0.,0.,1.));
#9594=IFCCARTESIANTRANSFORMATIONOPERATOR3D(#9591,#9592,#9590,1.,#9593);
#9595=IFCMAPPEDITEM(#9510,#9594);
#9596=IFCSHAPEREPRESENTATION(#11,'Body','MappedRepresentation',(#9595));
#9597=IFCCARTESIANPOINT((0.,0.,0.));
#9598=IFCDIRECTION((1.,0.,0.));
#9599=IFCDIRECTION((0.,1.,0.));
#9600=IFCDIRECTION((0.,0.,1.));
#9601=IFCCARTESIANTRANSFORMATIONOPERATOR3D(#9598,#9599,#9597,1.,#9600);
#9602=IFCMAPPEDITEM(#9558,#9601);
#9603=IFCSHAPEREPRESENTATION(#24,'Body','MappedRepresentation',(#9602));
#9604=IFCOPENINGELEMENT('3fiA009lnD7ADljQuFNnoo',$,'Opening',$,$,#10030,#9632,$,.OPENING.);
#9620=IFCCARTESIANPOINT((0.,0.,0.));
#9621=IFCDIRECTION((1.,0.,0.));
#9622=IFCDIRECTION((0.,0.,1.));
#9623=IFCAXIS2PLACEMENT3D(#9620,#9622,#9621);
#9624=IFCREPRESENTATIONMAP(#9623,#10020);
#9625=IFCCARTESIANPOINT((0.,0.,0.));
#9626=IFCDIRECTION((1.,0.,0.));
#9627=IFCDIRECTION((0.,1.,0.));
#9628=IFCDIRECTION((0.,0.,1.));
#9629=IFCCARTESIANTRANSFORMATIONOPERATOR3D(#9626,#9627,#9625,1.,#9628);
#9630=IFCMAPPEDITEM(#9624,#9629);
#9631=IFCSHAPEREPRESENTATION(#11,'Body','MappedRepresentation',(#9630));
#9632=IFCPRODUCTDEFINITIONSHAPE($,$,(#9631));
#9633=IFCRELVOIDSELEMENT('0jEl2ec1DE8g0RF1TGfHoV',$,$,$,#6156,#9604);
#9639=IFCRELFILLSELEMENT('37auBzpYv78xxSIHqcah9U',$,$,$,#9604,#9580);
#9645=IFCWINDOW('3iqjikJcr9nw6Orq8DN$1s',$,'Window',$,$,#10050,#9653,$,0.78968656063079834,0.84100949764251709,$,.SINGLE_PANEL.,$);
#9646=IFCCARTESIANPOINT((0.,0.,0.));
#9647=IFCDIRECTION((1.,0.,0.));
#9648=IFCDIRECTION((0.,1.,0.));
#9649=IFCDIRECTION((0.,0.,1.));
#9650=IFCCARTESIANTRANSFORMATIONOPERATOR3D(#9647,#9648,#9646,1.,#9649);
#9651=IFCMAPPEDITEM(#9502,#9650);
#9652=IFCSHAPEREPRESENTATION(#18,'Profile','MappedRepresentation',(#9651));
#9653=IFCPRODUCTDEFINITIONSHAPE($,$,(#9652,#9660,#9667));
#9654=IFCCARTESIANPOINT((0.,0.,0.));
#9655=IFCDIRECTION((1.,0.,0.));
#9656=IFCDIRECTION((0.,1.,0.));
#9657=IFCDIRECTION((0.,0.,1.));
#9658=IFCCARTESIANTRANSFORMATIONOPERATOR3D(#9655,#9656,#9654,1.,#9657);
#9659=IFCMAPPEDITEM(#9510,#9658);
#9660=IFCSHAPEREPRESENTATION(#11,'Body','MappedRepresentation',(#9659));
#9661=IFCCARTESIANPOINT((0.,0.,0.));
#9662=IFCDIRECTION((1.,0.,0.));
#9663=IFCDIRECTION((0.,1.,0.));
#9664=IFCDIRECTION((0.,0.,1.));
#9665=IFCCARTESIANTRANSFORMATIONOPERATOR3D(#9662,#9663,#9661,1.,#9664);
#9666=IFCMAPPEDITEM(#9558,#9665);
#9667=IFCSHAPEREPRESENTATION(#24,'Body','MappedRepresentation',(#9666));
#9668=IFCOPENINGELEMENT('2FL0puCXL3pu9TuOHcOv3o',$,'Opening',$,$,#10045,#9681,$,.OPENING.);
#9674=IFCCARTESIANPOINT((0.,0.,0.));
#9675=IFCDIRECTION((1.,0.,0.));
#9676=IFCDIRECTION((0.,1.,0.));
#9677=IFCDIRECTION((0.,0.,1.));
#9678=IFCCARTESIANTRANSFORMATIONOPERATOR3D(#9675,#9676,#9674,1.,#9677);
#9679=IFCMAPPEDITEM(#9624,#9678);
#9680=IFCSHAPEREPRESENTATION(#11,'Body','MappedRepresentation',(#9679));
#9681=IFCPRODUCTDEFINITIONSHAPE($,$,(#9680));
#9682=IFCRELVOIDSELEMENT('3HaYgmMGL87PUZUp7l967m',$,$,$,#6156,#9668);
#9688=IFCRELFILLSELEMENT('3QJrayeMDFnB0oLIqfES6P',$,$,$,#9668,#9645);
#9821=IFCCARTESIANPOINTLIST2D(((0.,0.),(0.84100949764251709,0.),(0.84100949764251709,0.78968656063079834),(0.,0.78968656063079834)));
#9822=IFCINDEXEDPOLYCURVE(#9821,(IFCLINEINDEX((1,2,3,4,1))),$);
#9823=IFCCARTESIANPOINTLIST2D(((0.02500000037252903,0.02500000037252903),(0.81600949726998806,0.02500000037252903),(0.81600949726998806,0.76468656025826931),(0.02500000037252903,0.76468656025826931)));
#9824=IFCINDEXEDPOLYCURVE(#9823,(IFCLINEINDEX((1,2,3,4,1))),$);
#9825=IFCARBITRARYPROFILEDEFWITHVOIDS(.AREA.,$,#9822,(#9824));
#9826=IFCCARTESIANPOINT((0.,0.090000001713633537,0.));
#9827=IFCDIRECTION((0.,-1.,0.));
#9828=IFCDIRECTION((1.,0.,0.));
#9829=IFCAXIS2PLACEMENT3D(#9826,#9827,#9828);
#9830=IFCDIRECTION((0.,0.,-1.));
#9831=IFCEXTRUDEDAREASOLID(#9825,#9829,#9830,0.0099999997764825821);
#9832=IFCCARTESIANPOINTLIST2D(((0.,0.),(0.84100949764251709,0.),(0.84100949764251709,0.78968656063079834),(0.,0.78968656063079834)));
#9833=IFCINDEXEDPOLYCURVE(#9832,(IFCLINEINDEX((1,2,3,4,1))),$);
#9834=IFCCARTESIANPOINTLIST2D(((0.05000000074505806,0.05000000074505806),(0.79100949689745903,0.05000000074505806),(0.79100949689745903,0.73968655988574028),(0.05000000074505806,0.73968655988574028)));
#9835=IFCINDEXEDPOLYCURVE(#9834,(IFCLINEINDEX((1,2,3,4,1))),$);
#9836=IFCARBITRARYPROFILEDEFWITHVOIDS(.AREA.,$,#9833,(#9835));
#9837=IFCCARTESIANPOINT((0.,0.05000000074505806,0.));
#9838=IFCDIRECTION((0.,-1.,0.));
#9839=IFCDIRECTION((1.,0.,0.));
#9840=IFCAXIS2PLACEMENT3D(#9837,#9838,#9839);
#9841=IFCDIRECTION((0.,0.,-1.));
#9842=IFCEXTRUDEDAREASOLID(#9836,#9840,#9841,0.040000000968575478);
#9843=IFCCARTESIANPOINTLIST2D(((0.,0.),(0.79100949689745903,0.),(0.79100949689745903,0.73968655988574028),(0.,0.73968655988574028)));
#9844=IFCINDEXEDPOLYCURVE(#9843,(IFCLINEINDEX((1,2,3,4,1))),$);
#9845=IFCCARTESIANPOINTLIST2D(((0.035000000149011612,0.035000000149011612),(0.75600949674844742,0.035000000149011612),(0.75600949674844742,0.70468655973672867),(0.035000000149011612,0.70468655973672867)));
#9846=IFCINDEXEDPOLYCURVE(#9845,(IFCLINEINDEX((1,2,3,4,1))),$);
#9847=IFCARBITRARYPROFILEDEFWITHVOIDS(.AREA.,$,#9844,(#9846));
#9848=IFCCARTESIANPOINT((0.02500000037252903,0.090000001713633537,0.02500000037252903));
#9849=IFCDIRECTION((0.,-1.,0.));
#9850=IFCDIRECTION((1.,0.,0.));
#9851=IFCAXIS2PLACEMENT3D(#9848,#9849,#9850);
#9852=IFCDIRECTION((0.,0.,-1.));
#9853=IFCEXTRUDEDAREASOLID(#9847,#9851,#9852,0.035000000149011612);
#9854=IFCINDEXEDPOLYCURVE(#9855,(IFCLINEINDEX((1,2,3,4,1))),$);
#9855=IFCCARTESIANPOINTLIST2D(((0.035000000149011612,0.035000000149011612),(0.75600949674844742,0.035000000149011612),(0.75600949674844742,0.70468655973672867),(0.035000000149011612,0.70468655973672867)));
#9856=IFCARBITRARYCLOSEDPROFILEDEF(.AREA.,$,#9854);
#9857=IFCCARTESIANPOINT((0.02500000037252903,0.10250000178813934,0.02500000037252903));
#9858=IFCDIRECTION((0.,-1.,0.));
#9859=IFCDIRECTION((1.,0.,0.));
#9860=IFCAXIS2PLACEMENT3D(#9857,#9858,#9859);
#9861=IFCDIRECTION((0.,0.,-1.));
#9862=IFCEXTRUDEDAREASOLID(#9856,#9860,#9861,0.01);
#9864=IFCSHAPEREPRESENTATION(#11,'Body','SweptSolid',(#9831,#9842));
#9865=IFCSHAPEASPECT((#9864),'Lining',$,.T.,#9589);
#9866=IFCSHAPEREPRESENTATION(#11,'Body','SweptSolid',(#9853));
#9867=IFCSHAPEASPECT((#9866),'Framing',$,.T.,#9589);
#9868=IFCSHAPEREPRESENTATION(#11,'Body','SweptSolid',(#9862));
#9869=IFCSHAPEASPECT((#9868),'Glazing',$,.T.,#9589);
#9942=IFCCARTESIANPOINTLIST3D(((0.,0.,0.),(0.84100949764251709,0.,0.),(0.84100949764251709,0.,0.78968656063079834),(0.,0.,0.78968656063079834)));
#9943=IFCINDEXEDPOLYCURVE(#9942,(IFCLINEINDEX((1,2,3,4,1))),$);
#9944=IFCSHAPEREPRESENTATION(#18,'Profile','Curve3D',(#9943));
#9945=IFCCARTESIANPOINTLIST2D(((0.,0.),(0.84100949764251709,0.),(0.84100949764251709,0.78968656063079834),(0.,0.78968656063079834)));
#9946=IFCINDEXEDPOLYCURVE(#9945,(IFCLINEINDEX((1,2,3,4,1))),$);
#9947=IFCCARTESIANPOINTLIST2D(((0.02500000037252903,0.02500000037252903),(0.81600949726998806,0.02500000037252903),(0.81600949726998806,0.76468656025826931),(0.02500000037252903,0.76468656025826931)));
#9948=IFCINDEXEDPOLYCURVE(#9947,(IFCLINEINDEX((1,2,3,4,1))),$);
#9949=IFCARBITRARYPROFILEDEFWITHVOIDS(.AREA.,$,#9946,(#9948));
#9950=IFCCARTESIANPOINT((0.,0.090000001713633537,0.));
#9951=IFCDIRECTION((0.,-1.,0.));
#9952=IFCDIRECTION((1.,0.,0.));
#9953=IFCAXIS2PLACEMENT3D(#9950,#9951,#9952);
#9954=IFCDIRECTION((0.,0.,-1.));
#9955=IFCEXTRUDEDAREASOLID(#9949,#9953,#9954,0.0099999997764825821);
#9956=IFCCARTESIANPOINTLIST2D(((0.,0.),(0.84100949764251709,0.),(0.84100949764251709,0.78968656063079834),(0.,0.78968656063079834)));
#9957=IFCINDEXEDPOLYCURVE(#9956,(IFCLINEINDEX((1,2,3,4,1))),$);
#9958=IFCCARTESIANPOINTLIST2D(((0.05000000074505806,0.05000000074505806),(0.79100949689745903,0.05000000074505806),(0.79100949689745903,0.73968655988574028),(0.05000000074505806,0.73968655988574028)));
#9959=IFCINDEXEDPOLYCURVE(#9958,(IFCLINEINDEX((1,2,3,4,1))),$);
#9960=IFCARBITRARYPROFILEDEFWITHVOIDS(.AREA.,$,#9957,(#9959));
#9961=IFCCARTESIANPOINT((0.,0.05000000074505806,0.));
#9962=IFCDIRECTION((0.,-1.,0.));
#9963=IFCDIRECTION((1.,0.,0.));
#9964=IFCAXIS2PLACEMENT3D(#9961,#9962,#9963);
#9965=IFCDIRECTION((0.,0.,-1.));
#9966=IFCEXTRUDEDAREASOLID(#9960,#9964,#9965,0.040000000968575478);
#9967=IFCCARTESIANPOINTLIST2D(((0.,0.),(0.79100949689745903,0.),(0.79100949689745903,0.73968655988574028),(0.,0.73968655988574028)));
#9968=IFCINDEXEDPOLYCURVE(#9967,(IFCLINEINDEX((1,2,3,4,1))),$);
#9969=IFCCARTESIANPOINTLIST2D(((0.035000000149011612,0.035000000149011612),(0.75600949674844742,0.035000000149011612),(0.75600949674844742,0.70468655973672867),(0.035000000149011612,0.70468655973672867)));
#9970=IFCINDEXEDPOLYCURVE(#9969,(IFCLINEINDEX((1,2,3,4,1))),$);
#9971=IFCARBITRARYPROFILEDEFWITHVOIDS(.AREA.,$,#9968,(#9970));
#9972=IFCCARTESIANPOINT((0.02500000037252903,0.090000001713633537,0.02500000037252903));
#9973=IFCDIRECTION((0.,-1.,0.));
#9974=IFCDIRECTION((1.,0.,0.));
#9975=IFCAXIS2PLACEMENT3D(#9972,#9973,#9974);
#9976=IFCDIRECTION((0.,0.,-1.));
#9977=IFCEXTRUDEDAREASOLID(#9971,#9975,#9976,0.035000000149011612);
#9978=IFCINDEXEDPOLYCURVE(#9979,(IFCLINEINDEX((1,2,3,4,1))),$);
#9979=IFCCARTESIANPOINTLIST2D(((0.035000000149011612,0.035000000149011612),(0.75600949674844742,0.035000000149011612),(0.75600949674844742,0.70468655973672867),(0.035000000149011612,0.70468655973672867)));
#9980=IFCARBITRARYCLOSEDPROFILEDEF(.AREA.,$,#9978);
#9981=IFCCARTESIANPOINT((0.02500000037252903,0.10250000178813934,0.02500000037252903));
#9982=IFCDIRECTION((0.,-1.,0.));
#9983=IFCDIRECTION((1.,0.,0.));
#9984=IFCAXIS2PLACEMENT3D(#9981,#9982,#9983);
#9985=IFCDIRECTION((0.,0.,-1.));
#9986=IFCEXTRUDEDAREASOLID(#9980,#9984,#9985,0.01);
#9987=IFCSHAPEREPRESENTATION(#11,'Body','SweptSolid',(#9955,#9966,#9977,#9986));
#9988=IFCSHAPEREPRESENTATION(#11,'Body','SweptSolid',(#9955,#9966));
#9989=IFCSHAPEASPECT((#9988),'Lining',$,.T.,#9653);
#9990=IFCSHAPEREPRESENTATION(#11,'Body','SweptSolid',(#9977));
#9991=IFCSHAPEASPECT((#9990),'Framing',$,.T.,#9653);
#9992=IFCSHAPEREPRESENTATION(#11,'Body','SweptSolid',(#9986));
#9993=IFCSHAPEASPECT((#9992),'Glazing',$,.T.,#9653);
#9994=IFCCARTESIANPOINTLIST2D(((0.05000000074505806,0.05000000074505806),(0.79100949689745903,0.05000000074505806)));
#9995=IFCINDEXEDPOLYCURVE(#9994,$,$);
#9996=IFCCARTESIANPOINTLIST2D(((0.,0.10000000149011612),(0.02500000037252903,0.10000000149011612),(0.02500000037252903,0.090000001713633537),(0.05000000074505806,0.090000001713633537),(0.05000000074505806,0.05000000074505806),(0.,0.05000000074505806)));
#9997=IFCINDEXEDPOLYCURVE(#9996,(IFCLINEINDEX((1,2,3,4,5,6,1))),$);
#9998=IFCCARTESIANPOINTLIST2D(((0.84100949764251709,0.10000000149011612),(0.81600949726998806,0.10000000149011612),(0.81600949726998806,0.090000001713633537),(0.79100949689745903,0.090000001713633537),(0.79100949689745903,0.05000000074505806),(0.84100949764251709,0.05000000074505806)));
#9999=IFCINDEXEDPOLYCURVE(#9998,(IFCLINEINDEX((1,2,3,4,5,6,1))),$);
#10000=IFCCARTESIANPOINTLIST2D(((0.02500000037252903,0.090000001713633537),(0.060000000521540642,0.090000001713633537),(0.060000000521540642,0.12500000186264515),(0.02500000037252903,0.12500000186264515)));
#10001=IFCINDEXEDPOLYCURVE(#10000,(IFCLINEINDEX((1,2,3,4,1))),$);
#10002=IFCINDEXEDPOLYCURVE(#10003,(IFCLINEINDEX((1,2,3,4,1))),$);
#10003=IFCCARTESIANPOINTLIST2D(((0.81600949726998806,0.090000001713633537),(0.78100949712097645,0.090000001713633537),(0.78100949712097645,0.12500000186264515),(0.81600949726998806,0.12500000186264515)));
#10004=IFCCARTESIANPOINTLIST2D(((0.060000000521540642,0.090000001713633537),(0.78100949712097645,0.090000001713633537)));
#10005=IFCINDEXEDPOLYCURVE(#10004,$,$);
#10006=IFCINDEXEDPOLYCURVE(#10007,$,$);
#10007=IFCCARTESIANPOINTLIST2D(((0.060000000521540642,0.12500000186264515),(0.78100949712097645,0.12500000186264515)));
#10008=IFCINDEXEDPOLYCURVE(#10009,$,$);
#10009=IFCCARTESIANPOINTLIST2D(((0.060000000521540642,0.10750000178813934),(0.78100949712097645,0.10750000178813934)));
#10010=IFCSHAPEREPRESENTATION(#24,'Body','Curve2D',(#9995,#9997,#9999,#10001,#10002,#10005,#10006,#10008));
#10011=IFCCARTESIANPOINTLIST2D(((0.,0.),(0.84100949764251709,0.),(0.84100949764251709,0.78968656063079834),(0.,0.78968656063079834)));
#10012=IFCINDEXEDPOLYCURVE(#10011,(IFCLINEINDEX((1,2,3,4,1))),$);
#10013=IFCARBITRARYCLOSEDPROFILEDEF(.AREA.,$,#10012);
#10014=IFCCARTESIANPOINT((0.,-0.60000002384185791,0.));
#10015=IFCDIRECTION((0.,-1.,0.));
#10016=IFCDIRECTION((1.,0.,0.));
#10017=IFCAXIS2PLACEMENT3D(#10014,#10015,#10016);
#10018=IFCDIRECTION((0.,0.,-1.));
#10019=IFCEXTRUDEDAREASOLID(#10013,#10017,#10018,1.2);
#10020=IFCSHAPEREPRESENTATION(#11,'Body','SweptSolid',(#10019));
#10026=IFCCARTESIANPOINT((6.1220448017121258,9.6830994067431675E-07,1.));
#10027=IFCDIRECTION((0.,0.,1.));
#10028=IFCDIRECTION((0.99999999999999289,1.1920928244535129E-07,0.));
#10029=IFCAXIS2PLACEMENT3D(#10026,#10027,#10028);
#10030=IFCLOCALPLACEMENT(#6167,#10029);
#10031=IFCCARTESIANPOINT((0.,0.,0.));
#10032=IFCDIRECTION((0.,0.,1.));
#10033=IFCDIRECTION((1.,0.,0.));
#10034=IFCAXIS2PLACEMENT3D(#10031,#10032,#10033);
#10035=IFCLOCALPLACEMENT(#10030,#10034);
#10041=IFCCARTESIANPOINT((3.5674608945847166,6.8433850586302469E-07,1.));
#10042=IFCDIRECTION((0.,0.,1.));
#10043=IFCDIRECTION((0.99999999999999289,1.1920928244535129E-07,0.));
#10044=IFCAXIS2PLACEMENT3D(#10041,#10042,#10043);
#10045=IFCLOCALPLACEMENT(#6167,#10044);
#10046=IFCCARTESIANPOINT((8.8817841970012523E-16,0.,0.));
#10047=IFCDIRECTION((0.,0.,1.));
#10048=IFCDIRECTION((1.,0.,0.));
#10049=IFCAXIS2PLACEMENT3D(#10046,#10047,#10048);
#10050=IFCLOCALPLACEMENT(#10045,#10049);
#10051=IFCWINDOWTYPE('2Sr5vMOP115PIAgS1Ms0vX',$,'Bedroom 2 - 2F',$,$,(#10052),(#10054,#10062,#10110),$,$,.WINDOW.,.SINGLE_PANEL.,$,$);
#10052=IFCPROPERTYSET('1bDpoBOLj9IRJrl0$15InZ',$,'BBIM_Window',$,(#10053));
#10053=IFCPROPERTYSINGLEVALUE('Data',$,IFCTEXT('{"window_type": "SINGLE_PANEL", "overall_height": 0.7896865606307983, "overall_width": 0.8410094976425171, "lining_properties": {"lining_depth": 0.05000000074505806, "lining_thickness": 0.05000000074505806, "lining_offset": 0.05000000074505806, "lining_to_panel_offset_x": 0.02500000037252903, "lining_to_panel_offset_y": 0.02500000037252903}, "panel_properties": {"frame_depth": [0.03500000014901161, 0.03500000014901161, 0.03500000014901161], "frame_thickness": [0.03500000014901161, 0.03500000014901161, 0.03500000014901161]}}'),$);
#10054=IFCREPRESENTATIONMAP(#10055,#10307);
#10055=IFCAXIS2PLACEMENT3D(#10056,#10057,#10058);
#10056=IFCCARTESIANPOINT((0.,0.,0.));
#10057=IFCDIRECTION((0.,0.,1.));
#10058=IFCDIRECTION((1.,0.,0.));
#10062=IFCREPRESENTATIONMAP(#10063,#10350);
#10063=IFCAXIS2PLACEMENT3D(#10064,#10065,#10066);
#10064=IFCCARTESIANPOINT((0.,0.,0.));
#10065=IFCDIRECTION((0.,0.,1.));
#10066=IFCDIRECTION((1.,0.,0.));
#10110=IFCREPRESENTATIONMAP(#10111,#10373);
#10111=IFCAXIS2PLACEMENT3D(#10112,#10113,#10114);
#10112=IFCCARTESIANPOINT((0.,0.,0.));
#10113=IFCDIRECTION((0.,0.,1.));
#10114=IFCDIRECTION((1.,0.,0.));
#10225=IFCWINDOW('2gaC7$hPPD5h_paO1bVvAn',$,'Window',$,$,#10398,#10234,$,0.78968656063079834,0.84100949764251709,$,.SINGLE_PANEL.,$);
#10226=IFCRELDEFINESBYTYPE('2J6yv5NVzFCPM5L4Clp_Lm',$,$,$,(#10225),#10051);
#10227=IFCCARTESIANPOINT((0.,0.,0.));
#10228=IFCDIRECTION((1.,0.,0.));
#10229=IFCDIRECTION((0.,1.,0.));
#10230=IFCDIRECTION((0.,0.,1.));
#10231=IFCCARTESIANTRANSFORMATIONOPERATOR3D(#10228,#10229,#10227,1.,#10230);
#10232=IFCMAPPEDITEM(#10054,#10231);
#10233=IFCSHAPEREPRESENTATION(#18,'Profile','MappedRepresentation',(#10232));
#10234=IFCPRODUCTDEFINITIONSHAPE($,$,(#10233,#10241,#10248));
#10235=IFCCARTESIANPOINT((0.,0.,0.));
#10236=IFCDIRECTION((1.,0.,0.));
#10237=IFCDIRECTION((0.,1.,0.));
#10238=IFCDIRECTION((0.,0.,1.));
#10239=IFCCARTESIANTRANSFORMATIONOPERATOR3D(#10236,#10237,#10235,1.,#10238);
#10240=IFCMAPPEDITEM(#10062,#10239);
#10241=IFCSHAPEREPRESENTATION(#11,'Body','MappedRepresentation',(#10240));
#10242=IFCCARTESIANPOINT((0.,0.,0.));
#10243=IFCDIRECTION((1.,0.,0.));
#10244=IFCDIRECTION((0.,1.,0.));
#10245=IFCDIRECTION((0.,0.,1.));
#10246=IFCCARTESIANTRANSFORMATIONOPERATOR3D(#10243,#10244,#10242,1.,#10245);
#10247=IFCMAPPEDITEM(#10110,#10246);
#10248=IFCSHAPEREPRESENTATION(#24,'Body','MappedRepresentation',(#10247));
#10249=IFCOPENINGELEMENT('1RKdsJ9rv4iwEelMMKxscT',$,'Opening',$,$,#10393,#10277,$,.OPENING.);
#10265=IFCCARTESIANPOINT((0.,0.,0.));
#10266=IFCDIRECTION((1.,0.,0.));
#10267=IFCDIRECTION((0.,0.,1.));
#10268=IFCAXIS2PLACEMENT3D(#10265,#10267,#10266);
#10269=IFCREPRESENTATIONMAP(#10268,#10383);
#10270=IFCCARTESIANPOINT((0.,0.,0.));
#10271=IFCDIRECTION((1.,0.,0.));
#10272=IFCDIRECTION((0.,1.,0.));
#10273=IFCDIRECTION((0.,0.,1.));
#10274=IFCCARTESIANTRANSFORMATIONOPERATOR3D(#10271,#10272,#10270,1.,#10273);
#10275=IFCMAPPEDITEM(#10269,#10274);
#10276=IFCSHAPEREPRESENTATION(#11,'Body','MappedRepresentation',(#10275));
#10277=IFCPRODUCTDEFINITIONSHAPE($,$,(#10276));
#10278=IFCRELVOIDSELEMENT('0PHol3oiz5TACXCiSgXQiT',$,$,$,#6156,#10249);
#10284=IFCRELFILLSELEMENT('2T0g8B9EX1u8f7nGNxbpnu',$,$,$,#10249,#10225);
#10305=IFCCARTESIANPOINTLIST3D(((0.,0.,0.),(0.84100949764251709,0.,0.),(0.84100949764251709,0.,0.78968656063079834),(0.,0.,0.78968656063079834)));
#10306=IFCINDEXEDPOLYCURVE(#10305,(IFCLINEINDEX((1,2,3,4,1))),$);
#10307=IFCSHAPEREPRESENTATION(#18,'Profile','Curve3D',(#10306));
#10308=IFCCARTESIANPOINTLIST2D(((0.,0.),(0.84100949764251709,0.),(0.84100949764251709,0.78968656063079834),(0.,0.78968656063079834)));
#10309=IFCINDEXEDPOLYCURVE(#10308,(IFCLINEINDEX((1,2,3,4,1))),$);
#10310=IFCCARTESIANPOINTLIST2D(((0.02500000037252903,0.02500000037252903),(0.81600949726998806,0.02500000037252903),(0.81600949726998806,0.76468656025826931),(0.02500000037252903,0.76468656025826931)));
#10311=IFCINDEXEDPOLYCURVE(#10310,(IFCLINEINDEX((1,2,3,4,1))),$);
#10312=IFCARBITRARYPROFILEDEFWITHVOIDS(.AREA.,$,#10309,(#10311));
#10313=IFCCARTESIANPOINT((0.,0.090000001713633537,0.));
#10314=IFCDIRECTION((0.,-1.,0.));
#10315=IFCDIRECTION((1.,0.,0.));
#10316=IFCAXIS2PLACEMENT3D(#10313,#10314,#10315);
#10317=IFCDIRECTION((0.,0.,-1.));
#10318=IFCEXTRUDEDAREASOLID(#10312,#10316,#10317,0.0099999997764825821);
#10319=IFCCARTESIANPOINTLIST2D(((0.,0.),(0.84100949764251709,0.),(0.84100949764251709,0.78968656063079834),(0.,0.78968656063079834)));
#10320=IFCINDEXEDPOLYCURVE(#10319,(IFCLINEINDEX((1,2,3,4,1))),$);
#10321=IFCCARTESIANPOINTLIST2D(((0.05000000074505806,0.05000000074505806),(0.79100949689745903,0.05000000074505806),(0.79100949689745903,0.73968655988574028),(0.05000000074505806,0.73968655988574028)));
#10322=IFCINDEXEDPOLYCURVE(#10321,(IFCLINEINDEX((1,2,3,4,1))),$);
#10323=IFCARBITRARYPROFILEDEFWITHVOIDS(.AREA.,$,#10320,(#10322));
#10324=IFCCARTESIANPOINT((0.,0.05000000074505806,0.));
#10325=IFCDIRECTION((0.,-1.,0.));
#10326=IFCDIRECTION((1.,0.,0.));
#10327=IFCAXIS2PLACEMENT3D(#10324,#10325,#10326);
#10328=IFCDIRECTION((0.,0.,-1.));
#10329=IFCEXTRUDEDAREASOLID(#10323,#10327,#10328,0.040000000968575478);
#10330=IFCCARTESIANPOINTLIST2D(((0.,0.),(0.79100949689745903,0.),(0.79100949689745903,0.73968655988574028),(0.,0.73968655988574028)));
#10331=IFCINDEXEDPOLYCURVE(#10330,(IFCLINEINDEX((1,2,3,4,1))),$);
#10332=IFCCARTESIANPOINTLIST2D(((0.035000000149011612,0.035000000149011612),(0.75600949674844742,0.035000000149011612),(0.75600949674844742,0.70468655973672867),(0.035000000149011612,0.70468655973672867)));
#10333=IFCINDEXEDPOLYCURVE(#10332,(IFCLINEINDEX((1,2,3,4,1))),$);
#10334=IFCARBITRARYPROFILEDEFWITHVOIDS(.AREA.,$,#10331,(#10333));
#10335=IFCCARTESIANPOINT((0.02500000037252903,0.090000001713633537,0.02500000037252903));
#10336=IFCDIRECTION((0.,-1.,0.));
#10337=IFCDIRECTION((1.,0.,0.));
#10338=IFCAXIS2PLACEMENT3D(#10335,#10336,#10337);
#10339=IFCDIRECTION((0.,0.,-1.));
#10340=IFCEXTRUDEDAREASOLID(#10334,#10338,#10339,0.035000000149011612);
#10341=IFCINDEXEDPOLYCURVE(#10342,(IFCLINEINDEX((1,2,3,4,1))),$);
#10342=IFCCARTESIANPOINTLIST2D(((0.035000000149011612,0.035000000149011612),(0.75600949674844742,0.035000000149011612),(0.75600949674844742,0.70468655973672867),(0.035000000149011612,0.70468655973672867)));
#10343=IFCARBITRARYCLOSEDPROFILEDEF(.AREA.,$,#10341);
#10344=IFCCARTESIANPOINT((0.02500000037252903,0.10250000178813934,0.02500000037252903));
#10345=IFCDIRECTION((0.,-1.,0.));
#10346=IFCDIRECTION((1.,0.,0.));
#10347=IFCAXIS2PLACEMENT3D(#10344,#10345,#10346);
#10348=IFCDIRECTION((0.,0.,-1.));
#10349=IFCEXTRUDEDAREASOLID(#10343,#10347,#10348,0.01);
#10350=IFCSHAPEREPRESENTATION(#11,'Body','SweptSolid',(#10318,#10329,#10340,#10349));
#10351=IFCSHAPEREPRESENTATION(#11,'Body','SweptSolid',(#10318,#10329));
#10352=IFCSHAPEASPECT((#10351),'Lining',$,.T.,#10234);
#10353=IFCSHAPEREPRESENTATION(#11,'Body','SweptSolid',(#10340));
#10354=IFCSHAPEASPECT((#10353),'Framing',$,.T.,#10234);
#10355=IFCSHAPEREPRESENTATION(#11,'Body','SweptSolid',(#10349));
#10356=IFCSHAPEASPECT((#10355),'Glazing',$,.T.,#10234);
#10357=IFCCARTESIANPOINTLIST2D(((0.05000000074505806,0.05000000074505806),(0.79100949689745903,0.05000000074505806)));
#10358=IFCINDEXEDPOLYCURVE(#10357,$,$);
#10359=IFCCARTESIANPOINTLIST2D(((0.,0.10000000149011612),(0.02500000037252903,0.10000000149011612),(0.02500000037252903,0.090000001713633537),(0.05000000074505806,0.090000001713633537),(0.05000000074505806,0.05000000074505806),(0.,0.05000000074505806)));
#10360=IFCINDEXEDPOLYCURVE(#10359,(IFCLINEINDEX((1,2,3,4,5,6,1))),$);
#10361=IFCCARTESIANPOINTLIST2D(((0.84100949764251709,0.10000000149011612),(0.81600949726998806,0.10000000149011612),(0.81600949726998806,0.090000001713633537),(0.79100949689745903,0.090000001713633537),(0.79100949689745903,0.05000000074505806),(0.84100949764251709,0.05000000074505806)));
#10362=IFCINDEXEDPOLYCURVE(#10361,(IFCLINEINDEX((1,2,3,4,5,6,1))),$);
#10363=IFCCARTESIANPOINTLIST2D(((0.02500000037252903,0.090000001713633537),(0.060000000521540642,0.090000001713633537),(0.060000000521540642,0.12500000186264515),(0.02500000037252903,0.12500000186264515)));
#10364=IFCINDEXEDPOLYCURVE(#10363,(IFCLINEINDEX((1,2,3,4,1))),$);
#10365=IFCINDEXEDPOLYCURVE(#10366,(IFCLINEINDEX((1,2,3,4,1))),$);
#10366=IFCCARTESIANPOINTLIST2D(((0.81600949726998806,0.090000001713633537),(0.78100949712097645,0.090000001713633537),(0.78100949712097645,0.12500000186264515),(0.81600949726998806,0.12500000186264515)));
#10367=IFCCARTESIANPOINTLIST2D(((0.060000000521540642,0.090000001713633537),(0.78100949712097645,0.090000001713633537)));
#10368=IFCINDEXEDPOLYCURVE(#10367,$,$);
#10369=IFCINDEXEDPOLYCURVE(#10370,$,$);
#10370=IFCCARTESIANPOINTLIST2D(((0.060000000521540642,0.12500000186264515),(0.78100949712097645,0.12500000186264515)));
#10371=IFCINDEXEDPOLYCURVE(#10372,$,$);
#10372=IFCCARTESIANPOINTLIST2D(((0.060000000521540642,0.10750000178813934),(0.78100949712097645,0.10750000178813934)));
#10373=IFCSHAPEREPRESENTATION(#24,'Body','Curve2D',(#10358,#10360,#10362,#10364,#10365,#10368,#10369,#10371));
#10374=IFCCARTESIANPOINTLIST2D(((0.,0.),(0.84100949764251709,0.),(0.84100949764251709,0.78968656063079834),(0.,0.78968656063079834)));
#10375=IFCINDEXEDPOLYCURVE(#10374,(IFCLINEINDEX((1,2,3,4,1))),$);
#10376=IFCARBITRARYCLOSEDPROFILEDEF(.AREA.,$,#10375);
#10377=IFCCARTESIANPOINT((0.,-0.60000002384185791,0.));
#10378=IFCDIRECTION((0.,-1.,0.));
#10379=IFCDIRECTION((1.,0.,0.));
#10380=IFCAXIS2PLACEMENT3D(#10377,#10378,#10379);
#10381=IFCDIRECTION((0.,0.,-1.));
#10382=IFCEXTRUDEDAREASOLID(#10376,#10380,#10381,1.2);
#10383=IFCSHAPEREPRESENTATION(#11,'Body','SweptSolid',(#10382));
#10389=IFCCARTESIANPOINT((1.5231146812439271,3.6184519647264324E-07,1.));
#10390=IFCDIRECTION((0.,0.,1.));
#10391=IFCDIRECTION((0.99999999999999289,1.1920928244535129E-07,0.));
#10392=IFCAXIS2PLACEMENT3D(#10389,#10390,#10391);
#10393=IFCLOCALPLACEMENT(#6167,#10392);
#10394=IFCCARTESIANPOINT((8.8817841970012523E-16,0.,0.));
#10395=IFCDIRECTION((0.,0.,1.));
#10396=IFCDIRECTION((1.,0.,0.));
#10397=IFCAXIS2PLACEMENT3D(#10394,#10395,#10396);
#10398=IFCLOCALPLACEMENT(#10393,#10397);
#10399=IFCCARTESIANPOINT((0.82956642371373812,0.19500070373016254,0.));
#10400=IFCDIRECTION((0.,0.,1.));
#10401=IFCDIRECTION((-0.99999999999999944,3.1786498766447871E-08,0.));
#10402=IFCAXIS2PLACEMENT3D(#10399,#10400,#10401);
#10403=IFCLOCALPLACEMENT(#7709,#10402);
ENDSEC;
END-ISO-10303-21;
